id,customer_id,id_type,id_category,id_number,id_serial_number,issuing_country_id,issuing_state,issuing_authority,issue_date,expiry_date,is_verified,verification_method,verified_by,verification_date,status,is_primary,is_suspected_fraud,fraud_notes,created_at,updated_at
CID-00000001,CUST-000001,National ID,government,NAT-164393243,SER-628968,1,SC,State DMV,2025-08-23,2033-01-21,True,in_branch_review,system_kyc,2025-10-19,active,True,False,No fraud indicators.,2025-10-16,2026-03-24
CID-00000002,CUST-000001,Passport,travel,PAS-997985756,SER-266402,1,SC,US Department of State,2020-07-04,2026-03-29,True,api_validation,system_kyc,2025-10-22,expired,False,False,No fraud indicators.,2025-10-20,2026-05-01
CID-00000003,CUST-000002,National ID,government,NAT-564393583,SER-169286,1,SC,State DMV,2026-01-27,2031-03-02,True,document_scan,system_kyc,2025-05-31,active,True,False,No fraud indicators.,2025-05-31,2025-12-09
CID-00000004,CUST-000002,Passport,travel,PAS-532280349,SER-475387,1,SC,US Department of State,2018-08-04,2023-11-17,True,api_validation,system_kyc,2025-05-29,expired,False,False,No fraud indicators.,2025-05-26,2025-09-19
CID-00000005,CUST-000003,National ID,government,NAT-871623916,SER-148502,1,NC,State DMV,2011-07-08,2020-04-16,True,document_scan,system_kyc,2024-05-08,expired,True,False,No fraud indicators.,2024-05-04,2024-09-24
CID-00000006,CUST-000003,Passport,travel,PAS-277325598,SER-281653,1,NC,US Department of State,2025-06-15,2031-03-02,True,in_branch_review,system_kyc,2024-05-10,active,False,False,No fraud indicators.,2024-05-06,2024-10-24
CID-00000007,CUST-000004,National ID,government,NAT-735208295,SER-673743,1,NC,State DMV,2019-06-30,2022-09-30,True,document_scan,system_kyc,2024-11-08,expired,True,False,No fraud indicators.,2024-11-05,2025-03-02
CID-00000008,CUST-000004,Passport,travel,PAS-120277399,SER-115041,1,NC,US Department of State,2015-09-29,2024-08-26,True,in_branch_review,system_kyc,2024-11-02,expired,False,False,No fraud indicators.,2024-11-02,2025-06-05
CID-00000009,CUST-000005,National ID,government,NAT-994608517,SER-665056,1,SC,State DMV,2025-02-25,2029-05-08,True,document_scan,system_kyc,2025-10-03,active,True,False,No fraud indicators.,2025-10-03,2025-10-25
CID-00000010,CUST-000005,Passport,travel,PAS-266782473,SER-955560,1,SC,US Department of State,2016-03-26,2023-07-08,True,api_validation,system_kyc,2025-09-30,expired,False,False,No fraud indicators.,2025-09-29,2025-12-05
CID-00000011,CUST-000006,National ID,government,NAT-305369711,SER-373706,1,FL,State DMV,2016-04-19,2022-02-22,True,document_scan,system_kyc,2024-08-11,expired,True,False,No fraud indicators.,2024-08-10,2024-12-10
CID-00000012,CUST-000006,Passport,travel,PAS-226929275,SER-111235,1,FL,US Department of State,2023-05-30,2030-12-26,True,in_branch_review,system_kyc,2024-08-16,active,False,False,No fraud indicators.,2024-08-15,2025-03-20
CID-00000013,CUST-000007,National ID,government,NAT-615182927,SER-177070,1,GA,State DMV,2013-12-07,2017-12-01,True,api_validation,system_kyc,2024-11-15,expired,True,False,No fraud indicators.,2024-11-15,2025-01-21
CID-00000014,CUST-000007,Passport,travel,PAS-608893124,SER-583164,1,GA,US Department of State,2017-01-16,2022-11-28,True,in_branch_review,system_kyc,2024-11-17,expired,False,False,No fraud indicators.,2024-11-16,2025-04-16
CID-00000015,CUST-000008,National ID,government,NAT-344089098,SER-567762,1,SC,State DMV,2022-08-23,2029-07-24,True,document_scan,system_kyc,2025-05-03,active,True,False,No fraud indicators.,2025-04-29,2025-08-17
CID-00000016,CUST-000008,Passport,travel,PAS-743161593,SER-816937,1,SC,US Department of State,2020-10-13,2024-01-15,True,in_branch_review,system_kyc,2025-04-25,expired,False,False,No fraud indicators.,2025-04-25,2025-07-21
CID-00000017,CUST-000009,National ID,government,NAT-789203118,SER-485575,1,SC,State DMV,2012-03-01,2015-08-07,True,in_branch_review,system_kyc,2025-07-28,expired,True,False,No fraud indicators.,2025-07-28,2025-09-06
CID-00000018,CUST-000009,Passport,travel,PAS-230524811,SER-738472,1,SC,US Department of State,2016-06-16,2021-08-24,True,document_scan,system_kyc,2025-08-02,expired,False,False,No fraud indicators.,2025-07-31,2025-10-16
CID-00000019,CUST-000010,National ID,government,NAT-426053599,SER-888218,1,GA,State DMV,2022-02-11,2029-05-02,True,in_branch_review,system_kyc,2025-10-19,active,True,False,No fraud indicators.,2025-10-17,2026-03-26
CID-00000020,CUST-000010,Passport,travel,PAS-381640664,SER-925574,1,GA,US Department of State,2020-06-05,2024-06-14,True,api_validation,system_kyc,2025-10-22,expired,False,False,No fraud indicators.,2025-10-22,2026-03-21
CID-00000021,CUST-000011,National ID,government,NAT-502923331,SER-706504,1,SC,State DMV,2024-10-19,2030-04-06,True,in_branch_review,system_kyc,2025-07-14,active,True,False,No fraud indicators.,2025-07-11,2025-08-08
CID-00000022,CUST-000011,Passport,travel,PAS-391937513,SER-570513,1,SC,US Department of State,2014-08-30,2018-05-01,True,in_branch_review,system_kyc,2025-07-12,expired,False,False,No fraud indicators.,2025-07-10,2025-09-29
CID-00000023,CUST-000012,National ID,government,NAT-885659183,SER-784247,1,GA,State DMV,2021-09-28,2028-01-15,True,api_validation,system_kyc,2025-01-02,active,True,False,No fraud indicators.,2025-01-02,2025-07-13
CID-00000024,CUST-000012,Passport,travel,PAS-808897518,SER-380838,1,GA,US Department of State,2011-09-16,2016-03-22,True,api_validation,system_kyc,2024-12-28,expired,False,False,No fraud indicators.,2024-12-28,2025-07-03
CID-00000025,CUST-000013,National ID,government,NAT-749252293,SER-883223,1,FL,State DMV,2022-09-21,2030-07-08,True,document_scan,system_kyc,2026-01-14,active,True,False,No fraud indicators.,2026-01-13,2026-04-12
CID-00000026,CUST-000013,Passport,travel,PAS-882401441,SER-548966,1,FL,US Department of State,2014-01-24,2020-08-11,True,document_scan,system_kyc,2026-01-12,expired,False,False,No fraud indicators.,2026-01-09,2026-02-13
CID-00000027,CUST-000014,National ID,government,NAT-949271533,SER-715241,1,FL,State DMV,2025-01-29,2030-01-09,True,in_branch_review,system_kyc,2025-05-24,active,True,False,No fraud indicators.,2025-05-23,2025-08-31
CID-00000028,CUST-000014,Passport,travel,PAS-960786648,SER-610964,1,FL,US Department of State,2017-11-12,2024-07-30,True,document_scan,system_kyc,2025-05-31,expired,False,False,No fraud indicators.,2025-05-28,2025-12-23
CID-00000029,CUST-000015,National ID,government,NAT-945839551,SER-708221,1,SC,State DMV,2020-05-18,2027-10-09,True,in_branch_review,system_kyc,2026-03-15,active,True,False,No fraud indicators.,2026-03-15,2026-05-01
CID-00000030,CUST-000015,Passport,travel,PAS-689879159,SER-470111,1,SC,US Department of State,2016-11-22,2024-09-27,True,api_validation,system_kyc,2026-03-22,expired,False,False,No fraud indicators.,2026-03-22,2026-05-01
CID-00000031,CUST-000016,National ID,government,NAT-238990646,SER-660828,1,SC,State DMV,2018-09-05,2028-09-01,True,in_branch_review,system_kyc,2025-05-17,active,True,False,No fraud indicators.,2025-05-15,2025-06-20
CID-00000032,CUST-000016,Passport,travel,PAS-387696983,SER-111926,1,SC,US Department of State,2026-02-22,2035-04-15,True,api_validation,system_kyc,2025-05-16,active,False,False,No fraud indicators.,2025-05-12,2025-08-05
CID-00000033,CUST-000017,National ID,government,NAT-269447272,SER-109810,1,FL,State DMV,2025-04-01,2032-10-30,True,in_branch_review,system_kyc,2026-05-04,active,True,False,No fraud indicators.,2026-05-03,2026-05-01
CID-00000034,CUST-000017,Passport,travel,PAS-520988301,SER-657356,1,FL,US Department of State,2019-08-07,2027-04-25,True,api_validation,system_kyc,2026-05-02,active,False,False,No fraud indicators.,2026-05-02,2026-05-01
CID-00000035,CUST-000018,National ID,government,NAT-457343469,SER-997169,1,GA,State DMV,2018-12-01,2025-02-24,True,document_scan,system_kyc,2024-12-12,expired,True,False,No fraud indicators.,2024-12-08,2025-02-28
CID-00000036,CUST-000018,Passport,travel,PAS-342085207,SER-359976,1,GA,US Department of State,2014-02-22,2021-04-02,True,in_branch_review,system_kyc,2024-12-11,expired,False,False,No fraud indicators.,2024-12-08,2025-04-12
CID-00000037,CUST-000019,National ID,government,NAT-183608577,SER-889555,1,NC,State DMV,2016-08-08,2024-06-06,True,in_branch_review,system_kyc,2026-01-17,expired,True,False,No fraud indicators.,2026-01-17,2026-05-01
CID-00000038,CUST-000019,Passport,travel,PAS-191572509,SER-655715,1,NC,US Department of State,2022-01-04,2030-02-01,True,api_validation,system_kyc,2026-01-25,active,False,False,No fraud indicators.,2026-01-23,2026-05-01
CID-00000039,CUST-000020,National ID,government,NAT-929625183,SER-998006,1,GA,State DMV,2019-12-23,2028-07-27,True,document_scan,system_kyc,2026-05-16,active,True,False,No fraud indicators.,2026-05-13,2026-05-01
CID-00000040,CUST-000020,Passport,travel,PAS-293535174,SER-686674,1,GA,US Department of State,2022-03-10,2031-04-20,True,in_branch_review,system_kyc,2026-05-17,active,False,False,No fraud indicators.,2026-05-16,2026-05-01
CID-00000041,CUST-000021,National ID,government,NAT-146716469,SER-376403,1,NC,State DMV,2018-05-18,2027-12-09,True,in_branch_review,system_kyc,2025-08-30,active,True,False,No fraud indicators.,2025-08-29,2026-04-04
CID-00000042,CUST-000021,Passport,travel,PAS-932363614,SER-804854,1,NC,US Department of State,2011-06-06,2015-08-17,True,document_scan,system_kyc,2025-08-29,expired,False,False,No fraud indicators.,2025-08-28,2026-03-13
CID-00000043,CUST-000022,National ID,government,NAT-238563020,SER-500502,1,GA,State DMV,2014-06-18,2021-04-02,True,document_scan,system_kyc,2026-08-30,expired,True,False,No fraud indicators.,2026-08-27,2026-05-01
CID-00000044,CUST-000022,Passport,travel,PAS-801998026,SER-589220,1,GA,US Department of State,2021-01-07,2025-04-15,True,document_scan,system_kyc,2026-08-26,expired,False,False,No fraud indicators.,2026-08-25,2026-05-01
CID-00000045,CUST-000023,National ID,government,NAT-608188803,SER-551790,1,SC,State DMV,2012-04-04,2020-09-25,True,in_branch_review,system_kyc,2024-11-18,expired,True,False,No fraud indicators.,2024-11-17,2025-01-30
CID-00000046,CUST-000023,Passport,travel,PAS-418021704,SER-566840,1,SC,US Department of State,2016-10-17,2021-02-07,True,document_scan,system_kyc,2024-11-15,expired,False,False,No fraud indicators.,2024-11-13,2025-04-28
CID-00000047,CUST-000024,National ID,government,NAT-590295939,SER-437181,1,FL,State DMV,2022-09-23,2027-01-08,True,api_validation,system_kyc,2025-01-25,active,True,False,No fraud indicators.,2025-01-24,2025-01-29
CID-00000048,CUST-000024,Passport,travel,PAS-941435401,SER-890169,1,FL,US Department of State,2012-09-26,2020-10-07,True,api_validation,system_kyc,2025-02-01,expired,False,False,No fraud indicators.,2025-01-29,2025-04-15
CID-00000049,CUST-000025,National ID,government,NAT-714996998,SER-185346,1,GA,State DMV,2019-05-15,2026-01-21,True,api_validation,system_kyc,2024-08-07,expired,True,False,No fraud indicators.,2024-08-03,2024-12-13
CID-00000050,CUST-000025,Passport,travel,PAS-892398611,SER-102352,1,GA,US Department of State,2022-03-16,2031-08-08,True,api_validation,system_kyc,2024-08-08,active,False,False,No fraud indicators.,2024-08-06,2025-03-06
CID-00000051,CUST-000026,National ID,government,NAT-202621401,SER-109779,1,SC,State DMV,2020-11-05,2027-11-09,True,api_validation,system_kyc,2024-06-16,active,True,False,No fraud indicators.,2024-06-14,2025-01-13
CID-00000052,CUST-000026,Passport,travel,PAS-639567981,SER-503700,1,SC,US Department of State,2014-11-09,2023-03-31,True,document_scan,system_kyc,2024-06-17,expired,False,False,No fraud indicators.,2024-06-13,2024-08-21
CID-00000053,CUST-000027,National ID,government,NAT-553541198,SER-953567,1,FL,State DMV,2015-03-21,2018-08-15,True,document_scan,system_kyc,2026-10-01,expired,True,False,No fraud indicators.,2026-09-28,2026-05-01
CID-00000054,CUST-000027,Passport,travel,PAS-514805191,SER-488706,1,FL,US Department of State,2023-03-04,2026-04-18,True,api_validation,system_kyc,2026-09-28,expired,False,False,No fraud indicators.,2026-09-27,2026-05-01
CID-00000055,CUST-000028,National ID,government,NAT-575216548,SER-829063,1,NC,State DMV,2014-09-16,2018-07-17,True,api_validation,system_kyc,2026-04-29,expired,True,False,No fraud indicators.,2026-04-26,2026-05-01
CID-00000056,CUST-000028,Passport,travel,PAS-741187962,SER-575275,1,NC,US Department of State,2018-01-16,2024-01-22,True,api_validation,system_kyc,2026-04-27,expired,False,False,No fraud indicators.,2026-04-24,2026-05-01
CID-00000057,CUST-000029,National ID,government,NAT-182604457,SER-827297,1,GA,State DMV,2024-05-26,2028-07-03,True,api_validation,system_kyc,2025-03-28,active,True,False,No fraud indicators.,2025-03-28,2025-08-09
CID-00000058,CUST-000029,Passport,travel,PAS-409432486,SER-359236,1,GA,US Department of State,2016-08-06,2025-08-17,True,document_scan,system_kyc,2025-03-30,expired,False,False,No fraud indicators.,2025-03-27,2025-08-12
CID-00000059,CUST-000030,National ID,government,NAT-294488669,SER-807020,1,FL,State DMV,2013-01-27,2018-01-04,True,document_scan,system_kyc,2026-01-31,expired,True,False,No fraud indicators.,2026-01-30,2026-05-01
CID-00000060,CUST-000030,Passport,travel,PAS-969467452,SER-424262,1,FL,US Department of State,2020-02-20,2027-04-23,True,in_branch_review,system_kyc,2026-02-02,active,False,False,No fraud indicators.,2026-01-30,2026-05-01
CID-00000061,CUST-000031,National ID,government,NAT-625949686,SER-909620,1,FL,State DMV,2018-06-11,2027-06-16,True,in_branch_review,system_kyc,2024-06-10,active,True,False,No fraud indicators.,2024-06-07,2024-12-03
CID-00000062,CUST-000031,Passport,travel,PAS-100112415,SER-981669,1,FL,US Department of State,2023-12-17,2028-03-20,True,document_scan,system_kyc,2024-06-10,active,False,False,No fraud indicators.,2024-06-08,2024-07-29
CID-00000063,CUST-000032,National ID,government,NAT-510007987,SER-441481,1,FL,State DMV,2020-08-25,2027-01-21,True,in_branch_review,system_kyc,2024-02-15,active,True,False,No fraud indicators.,2024-02-15,2024-09-04
CID-00000064,CUST-000032,Passport,travel,PAS-465660533,SER-897304,1,FL,US Department of State,2025-11-29,2030-07-12,True,document_scan,system_kyc,2024-02-18,active,False,False,No fraud indicators.,2024-02-18,2024-03-11
CID-00000065,CUST-000033,National ID,government,NAT-714190484,SER-949049,1,NC,State DMV,2019-12-10,2025-05-14,True,document_scan,system_kyc,2025-05-11,expired,True,False,No fraud indicators.,2025-05-07,2025-07-20
CID-00000066,CUST-000033,Passport,travel,PAS-772702746,SER-969491,1,NC,US Department of State,2025-02-18,2029-07-27,True,in_branch_review,system_kyc,2025-05-13,active,False,False,No fraud indicators.,2025-05-11,2025-09-02
CID-00000067,CUST-000034,National ID,government,NAT-596308876,SER-555481,1,GA,State DMV,2013-08-29,2018-12-12,True,api_validation,system_kyc,2025-05-23,expired,True,False,No fraud indicators.,2025-05-19,2025-08-18
CID-00000068,CUST-000034,Passport,travel,PAS-110206789,SER-767490,1,GA,US Department of State,2021-08-28,2026-05-01,True,in_branch_review,system_kyc,2025-05-12,expired,False,False,No fraud indicators.,2025-05-10,2025-10-15
CID-00000069,CUST-000035,National ID,government,NAT-709401483,SER-377999,1,FL,State DMV,2022-01-20,2026-03-12,True,in_branch_review,system_kyc,2026-04-28,expired,True,False,No fraud indicators.,2026-04-28,2026-05-01
CID-00000070,CUST-000035,Passport,travel,PAS-270294859,SER-390498,1,FL,US Department of State,2025-07-22,2030-03-12,True,document_scan,system_kyc,2026-05-01,active,False,False,No fraud indicators.,2026-04-28,2026-05-01
CID-00000071,CUST-000036,National ID,government,NAT-501806340,SER-863111,1,SC,State DMV,2019-07-30,2022-10-07,True,document_scan,system_kyc,2025-11-06,expired,True,False,No fraud indicators.,2025-11-03,2026-02-05
CID-00000072,CUST-000036,Passport,travel,PAS-974995917,SER-665704,1,SC,US Department of State,2014-04-26,2020-02-20,True,in_branch_review,system_kyc,2025-11-04,expired,False,False,No fraud indicators.,2025-11-03,2025-11-25
CID-00000073,CUST-000037,National ID,government,NAT-645304475,SER-525348,1,GA,State DMV,2018-11-17,2025-02-25,True,document_scan,system_kyc,2025-01-13,expired,True,False,No fraud indicators.,2025-01-12,2025-03-26
CID-00000074,CUST-000037,Passport,travel,PAS-415338969,SER-577414,1,GA,US Department of State,2018-11-24,2023-10-11,True,document_scan,system_kyc,2025-01-07,expired,False,False,No fraud indicators.,2025-01-04,2025-07-30
CID-00000075,CUST-000038,National ID,government,NAT-711355016,SER-743241,1,FL,State DMV,2012-01-15,2017-12-23,True,api_validation,system_kyc,2024-12-14,expired,True,False,No fraud indicators.,2024-12-14,2025-03-28
CID-00000076,CUST-000038,Passport,travel,PAS-480114881,SER-239302,1,FL,US Department of State,2025-06-23,2032-11-15,True,api_validation,system_kyc,2024-12-12,active,False,False,No fraud indicators.,2024-12-09,2025-03-10
CID-00000077,CUST-000039,National ID,government,NAT-775914136,SER-460578,1,GA,State DMV,2016-07-19,2021-06-29,True,in_branch_review,system_kyc,2026-02-12,expired,True,False,No fraud indicators.,2026-02-12,2026-03-27
CID-00000078,CUST-000039,Passport,travel,PAS-793586446,SER-112690,1,GA,US Department of State,2012-09-02,2017-12-21,True,in_branch_review,system_kyc,2026-02-17,expired,False,False,No fraud indicators.,2026-02-14,2026-05-01
CID-00000079,CUST-000040,National ID,government,NAT-772557875,SER-803210,1,SC,State DMV,2024-10-26,2033-11-29,True,api_validation,system_kyc,2026-07-13,active,True,False,No fraud indicators.,2026-07-10,2026-05-01
CID-00000080,CUST-000040,Passport,travel,PAS-233161430,SER-927302,1,SC,US Department of State,2024-02-15,2030-01-28,True,api_validation,system_kyc,2026-07-09,active,False,False,No fraud indicators.,2026-07-05,2026-05-01
CID-00000081,CUST-000041,National ID,government,NAT-240606958,SER-382420,1,NC,State DMV,2013-09-06,2016-09-21,True,document_scan,system_kyc,2026-05-09,expired,True,False,No fraud indicators.,2026-05-05,2026-05-01
CID-00000082,CUST-000041,Passport,travel,PAS-842877094,SER-242615,1,NC,US Department of State,2023-12-26,2030-10-04,True,api_validation,system_kyc,2026-05-12,active,False,False,No fraud indicators.,2026-05-09,2026-05-01
CID-00000083,CUST-000042,National ID,government,NAT-749950398,SER-801666,1,FL,State DMV,2023-03-08,2026-12-14,True,api_validation,system_kyc,2025-06-26,active,True,False,No fraud indicators.,2025-06-22,2025-10-15
CID-00000084,CUST-000042,Passport,travel,PAS-568041025,SER-801914,1,FL,US Department of State,2017-04-23,2025-09-07,True,document_scan,system_kyc,2025-06-26,expired,False,False,No fraud indicators.,2025-06-24,2025-11-01
CID-00000085,CUST-000043,National ID,government,NAT-957436081,SER-868920,1,FL,State DMV,2023-09-10,2028-08-28,True,in_branch_review,system_kyc,2026-07-19,active,True,False,No fraud indicators.,2026-07-16,2026-05-01
CID-00000086,CUST-000043,Passport,travel,PAS-573087804,SER-113656,1,FL,US Department of State,2014-10-09,2018-06-13,True,in_branch_review,system_kyc,2026-07-20,expired,False,False,No fraud indicators.,2026-07-17,2026-05-01
CID-00000087,CUST-000044,National ID,government,NAT-905418352,SER-669941,1,NC,State DMV,2020-12-14,2027-12-07,True,document_scan,system_kyc,2024-12-14,active,True,False,No fraud indicators.,2024-12-12,2025-02-15
CID-00000088,CUST-000044,Passport,travel,PAS-784716051,SER-417826,1,NC,US Department of State,2021-04-17,2026-07-24,True,document_scan,system_kyc,2024-12-11,active,False,False,No fraud indicators.,2024-12-08,2025-01-10
CID-00000089,CUST-000045,National ID,government,NAT-757201310,SER-540549,1,GA,State DMV,2016-08-17,2024-04-11,True,api_validation,system_kyc,2026-07-21,expired,True,False,No fraud indicators.,2026-07-21,2026-05-01
CID-00000090,CUST-000045,Passport,travel,PAS-731430955,SER-207268,1,GA,US Department of State,2017-03-25,2021-10-11,True,document_scan,system_kyc,2026-07-26,expired,False,False,No fraud indicators.,2026-07-26,2026-05-01
CID-00000091,CUST-000046,National ID,government,NAT-902480078,SER-811812,1,NC,State DMV,2021-12-22,2028-01-31,True,document_scan,system_kyc,2025-08-26,active,True,False,No fraud indicators.,2025-08-25,2025-11-27
CID-00000092,CUST-000046,Passport,travel,PAS-263603449,SER-471296,1,NC,US Department of State,2018-12-30,2028-06-14,True,document_scan,system_kyc,2025-09-01,active,False,False,No fraud indicators.,2025-09-01,2025-11-11
CID-00000093,CUST-000047,National ID,government,NAT-384365637,SER-978121,1,NC,State DMV,2011-11-11,2019-06-12,True,document_scan,system_kyc,2025-12-16,expired,True,False,No fraud indicators.,2025-12-12,2026-05-01
CID-00000094,CUST-000047,Passport,travel,PAS-366799946,SER-219096,1,NC,US Department of State,2025-09-06,2029-09-04,True,document_scan,system_kyc,2025-12-12,active,False,False,No fraud indicators.,2025-12-12,2026-05-01
CID-00000095,CUST-000048,National ID,government,NAT-723487223,SER-561241,1,FL,State DMV,2022-06-20,2029-12-12,True,document_scan,system_kyc,2025-09-16,active,True,False,No fraud indicators.,2025-09-16,2026-04-09
CID-00000096,CUST-000048,Passport,travel,PAS-158546564,SER-582455,1,FL,US Department of State,2023-05-15,2027-12-17,True,in_branch_review,system_kyc,2025-09-22,active,False,False,No fraud indicators.,2025-09-20,2026-04-11
CID-00000097,CUST-000049,National ID,government,NAT-161808057,SER-312582,1,FL,State DMV,2022-01-22,2026-10-18,True,in_branch_review,system_kyc,2026-02-13,active,True,False,No fraud indicators.,2026-02-09,2026-04-01
CID-00000098,CUST-000049,Passport,travel,PAS-885978146,SER-690840,1,FL,US Department of State,2013-08-30,2023-01-27,True,in_branch_review,system_kyc,2026-02-07,expired,False,False,No fraud indicators.,2026-02-06,2026-05-01
CID-00000099,CUST-000050,National ID,government,NAT-458426479,SER-636356,1,SC,State DMV,2018-12-29,2026-07-31,True,document_scan,system_kyc,2026-08-29,active,True,False,No fraud indicators.,2026-08-26,2026-05-01
CID-00000100,CUST-000050,Passport,travel,PAS-186768940,SER-941055,1,SC,US Department of State,2023-07-27,2028-08-17,True,document_scan,system_kyc,2026-09-02,active,False,False,No fraud indicators.,2026-09-02,2026-05-01
CID-00000101,CUST-000051,National ID,government,NAT-941486340,SER-622687,1,NC,State DMV,2017-06-01,2026-07-04,True,document_scan,system_kyc,2024-05-04,active,True,False,No fraud indicators.,2024-05-03,2024-09-24
CID-00000102,CUST-000051,Passport,travel,PAS-230787937,SER-950396,1,NC,US Department of State,2017-03-12,2021-11-23,True,in_branch_review,system_kyc,2024-05-06,expired,False,False,No fraud indicators.,2024-05-03,2024-12-07
CID-00000103,CUST-000052,National ID,government,NAT-664573528,SER-622862,1,GA,State DMV,2016-06-18,2024-08-05,True,api_validation,system_kyc,2025-07-17,expired,True,False,No fraud indicators.,2025-07-16,2025-08-26
CID-00000104,CUST-000052,Passport,travel,PAS-244702146,SER-405874,1,GA,US Department of State,2023-12-03,2032-08-10,True,document_scan,system_kyc,2025-07-11,active,False,False,No fraud indicators.,2025-07-09,2025-12-27
CID-00000105,CUST-000053,National ID,government,NAT-180826979,SER-818137,1,NC,State DMV,2024-12-05,2029-02-25,True,document_scan,system_kyc,2026-09-20,active,True,False,No fraud indicators.,2026-09-16,2026-05-01
CID-00000106,CUST-000053,Passport,travel,PAS-598708723,SER-608079,1,NC,US Department of State,2014-10-29,2024-02-08,True,api_validation,system_kyc,2026-09-21,expired,False,False,No fraud indicators.,2026-09-17,2026-05-01
CID-00000107,CUST-000054,National ID,government,NAT-669706023,SER-393360,1,FL,State DMV,2017-09-20,2026-06-24,True,document_scan,system_kyc,2026-01-29,active,True,False,No fraud indicators.,2026-01-29,2026-02-26
CID-00000108,CUST-000054,Passport,travel,PAS-324219789,SER-125436,1,FL,US Department of State,2020-04-30,2026-02-10,True,document_scan,system_kyc,2026-01-26,expired,False,False,No fraud indicators.,2026-01-23,2026-03-20
CID-00000109,CUST-000055,National ID,government,NAT-663487779,SER-790313,1,SC,State DMV,2018-05-02,2026-09-17,True,in_branch_review,system_kyc,2024-02-13,active,True,False,No fraud indicators.,2024-02-11,2024-04-15
CID-00000110,CUST-000055,Passport,travel,PAS-637389115,SER-402307,1,SC,US Department of State,2012-10-31,2018-07-27,True,in_branch_review,system_kyc,2024-02-20,expired,False,False,No fraud indicators.,2024-02-18,2024-09-23
CID-00000111,CUST-000056,National ID,government,NAT-778012962,SER-233286,1,FL,State DMV,2021-12-06,2030-12-06,True,document_scan,system_kyc,2026-09-26,active,True,False,No fraud indicators.,2026-09-23,2026-05-01
CID-00000112,CUST-000056,Passport,travel,PAS-104947970,SER-144125,1,FL,US Department of State,2018-09-23,2028-07-01,True,in_branch_review,system_kyc,2026-09-20,active,False,False,No fraud indicators.,2026-09-16,2026-05-01
CID-00000113,CUST-000057,National ID,government,NAT-644352360,SER-232069,1,NC,State DMV,2019-09-01,2024-06-27,True,in_branch_review,system_kyc,2025-02-23,expired,True,False,No fraud indicators.,2025-02-23,2025-06-22
CID-00000114,CUST-000057,Passport,travel,PAS-848156448,SER-363657,1,NC,US Department of State,2020-10-26,2024-04-27,True,in_branch_review,system_kyc,2025-02-23,expired,False,False,No fraud indicators.,2025-02-19,2025-06-18
CID-00000115,CUST-000058,National ID,government,NAT-587493395,SER-433727,1,NC,State DMV,2022-01-11,2025-07-29,True,api_validation,system_kyc,2025-07-18,expired,True,False,No fraud indicators.,2025-07-17,2026-01-25
CID-00000116,CUST-000058,Passport,travel,PAS-738793926,SER-349690,1,NC,US Department of State,2025-07-20,2033-12-07,True,in_branch_review,system_kyc,2025-07-19,active,False,False,No fraud indicators.,2025-07-19,2025-10-05
CID-00000117,CUST-000059,National ID,government,NAT-959003737,SER-244053,1,SC,State DMV,2012-04-23,2019-09-30,True,in_branch_review,system_kyc,2026-04-15,expired,True,False,No fraud indicators.,2026-04-11,2026-05-01
CID-00000118,CUST-000059,Passport,travel,PAS-358573643,SER-241087,1,SC,US Department of State,2022-06-02,2029-01-06,True,api_validation,system_kyc,2026-04-06,active,False,False,No fraud indicators.,2026-04-06,2026-05-01
CID-00000119,CUST-000060,National ID,government,NAT-311594746,SER-996879,1,FL,State DMV,2015-05-20,2022-10-26,True,api_validation,system_kyc,2024-02-21,expired,True,False,No fraud indicators.,2024-02-19,2024-08-02
CID-00000120,CUST-000060,Passport,travel,PAS-526456412,SER-581827,1,FL,US Department of State,2019-10-15,2023-01-06,True,in_branch_review,system_kyc,2024-02-22,expired,False,False,No fraud indicators.,2024-02-22,2024-06-15
CID-00000121,CUST-000061,National ID,government,NAT-974725083,SER-991352,1,FL,State DMV,2017-09-17,2023-10-08,True,document_scan,system_kyc,2025-12-27,expired,True,False,No fraud indicators.,2025-12-24,2026-05-01
CID-00000122,CUST-000061,Passport,travel,PAS-169609601,SER-862965,1,FL,US Department of State,2014-08-09,2019-04-29,True,api_validation,system_kyc,2025-12-20,expired,False,False,No fraud indicators.,2025-12-19,2026-01-01
CID-00000123,CUST-000062,National ID,government,NAT-244387883,SER-214412,1,GA,State DMV,2014-02-01,2021-01-19,True,in_branch_review,system_kyc,2026-01-20,expired,True,False,No fraud indicators.,2026-01-20,2026-03-17
CID-00000124,CUST-000062,Passport,travel,PAS-254717825,SER-581971,1,GA,US Department of State,2021-02-26,2030-04-29,True,api_validation,system_kyc,2026-01-18,active,False,False,No fraud indicators.,2026-01-16,2026-02-22
CID-00000125,CUST-000063,National ID,government,NAT-456992696,SER-855595,1,FL,State DMV,2014-04-04,2018-01-29,True,api_validation,system_kyc,2024-08-28,expired,True,False,No fraud indicators.,2024-08-27,2024-11-17
CID-00000126,CUST-000063,Passport,travel,PAS-718746443,SER-373972,1,FL,US Department of State,2014-05-23,2018-08-24,True,document_scan,system_kyc,2024-08-29,expired,False,False,No fraud indicators.,2024-08-27,2024-09-23
CID-00000127,CUST-000064,National ID,government,NAT-312924361,SER-990361,1,SC,State DMV,2018-03-26,2027-04-17,True,api_validation,system_kyc,2024-01-07,active,True,False,No fraud indicators.,2024-01-05,2024-03-19
CID-00000128,CUST-000064,Passport,travel,PAS-278903206,SER-662344,1,SC,US Department of State,2019-11-09,2026-01-08,True,api_validation,system_kyc,2024-01-06,expired,False,False,No fraud indicators.,2024-01-06,2024-03-10
CID-00000129,CUST-000065,National ID,government,NAT-123987674,SER-318085,1,SC,State DMV,2020-02-21,2026-04-03,True,document_scan,system_kyc,2025-11-13,expired,True,False,No fraud indicators.,2025-11-12,2026-02-12
CID-00000130,CUST-000065,Passport,travel,PAS-342199120,SER-788588,1,SC,US Department of State,2022-02-24,2028-07-28,True,in_branch_review,system_kyc,2025-11-21,active,False,False,No fraud indicators.,2025-11-17,2025-12-17
CID-00000131,CUST-000066,National ID,government,NAT-985182290,SER-360838,1,GA,State DMV,2021-10-21,2026-09-01,True,api_validation,system_kyc,2026-06-22,active,True,False,No fraud indicators.,2026-06-21,2026-05-01
CID-00000132,CUST-000066,Passport,travel,PAS-905561882,SER-355228,1,GA,US Department of State,2025-03-01,2032-11-15,True,in_branch_review,system_kyc,2026-06-23,active,False,False,No fraud indicators.,2026-06-19,2026-05-01
CID-00000133,CUST-000067,National ID,government,NAT-749129125,SER-954067,1,SC,State DMV,2020-10-16,2030-07-17,True,in_branch_review,system_kyc,2026-05-12,active,True,False,No fraud indicators.,2026-05-11,2026-05-01
CID-00000134,CUST-000067,Passport,travel,PAS-562463132,SER-596230,1,SC,US Department of State,2012-10-19,2022-01-05,True,in_branch_review,system_kyc,2026-05-14,expired,False,False,No fraud indicators.,2026-05-12,2026-05-01
CID-00000135,CUST-000068,National ID,government,NAT-412141381,SER-391095,1,FL,State DMV,2019-11-19,2025-06-04,True,in_branch_review,system_kyc,2024-11-01,expired,True,False,No fraud indicators.,2024-10-31,2024-11-25
CID-00000136,CUST-000068,Passport,travel,PAS-298007821,SER-647023,1,FL,US Department of State,2016-02-27,2022-03-16,True,document_scan,system_kyc,2024-11-05,expired,False,False,No fraud indicators.,2024-11-03,2024-11-20
CID-00000137,CUST-000069,National ID,government,NAT-294198052,SER-336170,1,SC,State DMV,2023-09-13,2028-08-01,True,in_branch_review,system_kyc,2025-02-09,active,True,False,No fraud indicators.,2025-02-07,2025-07-28
CID-00000138,CUST-000069,Passport,travel,PAS-924658763,SER-833885,1,SC,US Department of State,2023-12-02,2033-08-22,True,document_scan,system_kyc,2025-02-07,active,False,False,No fraud indicators.,2025-02-05,2025-08-05
CID-00000139,CUST-000070,National ID,government,NAT-234701155,SER-917319,1,FL,State DMV,2013-02-17,2017-12-23,True,in_branch_review,system_kyc,2024-07-14,expired,True,False,No fraud indicators.,2024-07-14,2025-01-16
CID-00000140,CUST-000070,Passport,travel,PAS-625227948,SER-364141,1,FL,US Department of State,2014-11-08,2023-05-23,True,document_scan,system_kyc,2024-07-17,expired,False,False,No fraud indicators.,2024-07-13,2024-12-22
CID-00000141,CUST-000071,National ID,government,NAT-845991100,SER-637797,1,SC,State DMV,2016-08-22,2020-01-12,True,api_validation,system_kyc,2025-12-24,expired,True,False,No fraud indicators.,2025-12-24,2026-03-23
CID-00000142,CUST-000071,Passport,travel,PAS-234422553,SER-206849,1,SC,US Department of State,2023-04-18,2026-07-13,True,api_validation,system_kyc,2025-12-29,active,False,False,No fraud indicators.,2025-12-29,2026-04-20
CID-00000143,CUST-000072,National ID,government,NAT-454998464,SER-399261,1,GA,State DMV,2019-04-18,2023-10-22,True,api_validation,system_kyc,2024-11-05,expired,True,False,No fraud indicators.,2024-11-01,2025-03-16
CID-00000144,CUST-000072,Passport,travel,PAS-526723983,SER-707709,1,GA,US Department of State,2013-05-07,2022-09-20,True,in_branch_review,system_kyc,2024-11-03,expired,False,False,No fraud indicators.,2024-10-31,2024-12-21
CID-00000145,CUST-000073,National ID,government,NAT-898476633,SER-310581,1,NC,State DMV,2018-02-10,2023-11-02,True,in_branch_review,system_kyc,2025-08-08,expired,True,False,No fraud indicators.,2025-08-04,2025-10-29
CID-00000146,CUST-000073,Passport,travel,PAS-807989161,SER-378364,1,NC,US Department of State,2017-06-24,2026-05-08,True,in_branch_review,system_kyc,2025-08-04,active,False,False,No fraud indicators.,2025-07-31,2026-01-03
CID-00000147,CUST-000074,National ID,government,NAT-781896589,SER-651139,1,GA,State DMV,2025-08-14,2031-08-04,True,in_branch_review,system_kyc,2025-08-23,active,True,False,No fraud indicators.,2025-08-22,2025-11-26
CID-00000148,CUST-000074,Passport,travel,PAS-308757519,SER-776886,1,GA,US Department of State,2023-08-09,2029-10-08,True,document_scan,system_kyc,2025-08-27,active,False,False,No fraud indicators.,2025-08-23,2025-10-23
CID-00000149,CUST-000075,National ID,government,NAT-902024538,SER-774282,1,NC,State DMV,2024-04-23,2032-02-17,True,in_branch_review,system_kyc,2025-05-16,active,True,False,No fraud indicators.,2025-05-16,2025-07-03
CID-00000150,CUST-000075,Passport,travel,PAS-430611472,SER-217740,1,NC,US Department of State,2023-09-28,2030-12-27,True,in_branch_review,system_kyc,2025-05-21,active,False,False,No fraud indicators.,2025-05-19,2025-06-07
CID-00000151,CUST-000076,National ID,government,NAT-936887694,SER-215545,1,NC,State DMV,2014-05-01,2019-01-14,True,in_branch_review,system_kyc,2024-03-14,expired,True,True,Pattern match on historical compromised-document list.,2024-03-11,2024-05-30
CID-00000152,CUST-000076,Passport,travel,PAS-990684503,SER-439476,1,NC,US Department of State,2011-05-29,2020-02-20,True,api_validation,system_kyc,2024-03-14,expired,False,False,No fraud indicators.,2024-03-14,2024-09-15
CID-00000153,CUST-000077,National ID,government,NAT-800829642,SER-506986,1,SC,State DMV,2018-11-23,2025-03-02,True,in_branch_review,system_kyc,2025-04-04,expired,True,False,No fraud indicators.,2025-04-04,2025-11-01
CID-00000154,CUST-000077,Passport,travel,PAS-847730299,SER-275667,1,SC,US Department of State,2011-11-23,2019-03-01,False,document_scan,manual_queue,2025-04-01,expired,False,False,No fraud indicators.,2025-03-31,2025-05-07
CID-00000155,CUST-000078,National ID,government,NAT-609626136,SER-858182,1,SC,State DMV,2011-10-25,2017-06-29,True,in_branch_review,system_kyc,2025-03-07,expired,True,False,No fraud indicators.,2025-03-06,2025-03-16
CID-00000156,CUST-000078,Passport,travel,PAS-965086340,SER-951589,1,SC,US Department of State,2012-05-18,2019-03-27,True,in_branch_review,system_kyc,2025-03-02,expired,False,False,No fraud indicators.,2025-02-28,2025-07-10
CID-00000157,CUST-000079,National ID,government,NAT-662832304,SER-108093,1,GA,State DMV,2011-09-20,2014-09-24,True,in_branch_review,system_kyc,2025-06-28,expired,True,False,No fraud indicators.,2025-06-28,2025-07-15
CID-00000158,CUST-000079,Passport,travel,PAS-880219980,SER-116905,1,GA,US Department of State,2024-08-04,2028-08-10,True,in_branch_review,system_kyc,2025-07-02,active,False,False,No fraud indicators.,2025-06-29,2025-07-07
CID-00000159,CUST-000080,National ID,government,NAT-484795545,SER-955639,1,SC,State DMV,2022-02-19,2030-08-08,True,document_scan,system_kyc,2024-09-04,active,True,False,No fraud indicators.,2024-09-02,2024-12-10
CID-00000160,CUST-000080,Passport,travel,PAS-217760267,SER-787626,1,SC,US Department of State,2022-07-23,2029-12-05,True,api_validation,system_kyc,2024-08-28,active,False,False,No fraud indicators.,2024-08-28,2024-11-17
CID-00000161,CUST-000081,National ID,government,NAT-784874886,SER-572585,1,SC,State DMV,2015-09-06,2024-06-20,True,in_branch_review,system_kyc,2025-06-25,expired,True,False,No fraud indicators.,2025-06-24,2025-10-12
CID-00000162,CUST-000081,Passport,travel,PAS-443408933,SER-980465,1,SC,US Department of State,2018-03-12,2024-12-08,True,document_scan,system_kyc,2025-06-21,expired,False,False,No fraud indicators.,2025-06-20,2025-12-10
CID-00000163,CUST-000082,National ID,government,NAT-477042980,SER-872253,1,GA,State DMV,2022-08-10,2026-10-11,True,in_branch_review,system_kyc,2025-10-21,active,True,False,No fraud indicators.,2025-10-19,2026-01-10
CID-00000164,CUST-000082,Passport,travel,PAS-998394612,SER-147275,1,GA,US Department of State,2016-06-04,2021-10-12,True,api_validation,system_kyc,2025-10-26,expired,False,False,No fraud indicators.,2025-10-26,2026-01-13
CID-00000165,CUST-000083,National ID,government,NAT-437852639,SER-584199,1,SC,State DMV,2012-04-20,2018-11-01,True,api_validation,system_kyc,2024-11-24,expired,True,False,No fraud indicators.,2024-11-20,2024-12-20
CID-00000166,CUST-000083,Passport,travel,PAS-841020497,SER-940528,1,SC,US Department of State,2020-09-17,2028-11-06,True,api_validation,system_kyc,2024-11-24,active,False,False,No fraud indicators.,2024-11-20,2025-05-22
CID-00000167,CUST-000084,National ID,government,NAT-554063132,SER-688613,1,NC,State DMV,2014-04-20,2023-04-13,True,in_branch_review,system_kyc,2024-10-17,expired,True,False,No fraud indicators.,2024-10-17,2025-04-03
CID-00000168,CUST-000084,Passport,travel,PAS-144248176,SER-198583,1,NC,US Department of State,2023-04-03,2027-02-20,True,in_branch_review,system_kyc,2024-10-18,active,False,False,No fraud indicators.,2024-10-14,2025-02-23
CID-00000169,CUST-000085,National ID,government,NAT-867547329,SER-265205,1,SC,State DMV,2014-06-12,2018-04-16,True,api_validation,system_kyc,2026-03-08,expired,True,False,No fraud indicators.,2026-03-08,2026-05-01
CID-00000170,CUST-000085,Passport,travel,PAS-730115955,SER-559419,1,SC,US Department of State,2022-07-11,2031-06-08,True,in_branch_review,system_kyc,2026-03-10,active,False,False,No fraud indicators.,2026-03-10,2026-04-18
CID-00000171,CUST-000086,National ID,government,NAT-356181554,SER-918165,1,FL,State DMV,2015-01-16,2019-03-28,True,in_branch_review,system_kyc,2025-05-03,expired,True,False,No fraud indicators.,2025-04-30,2025-06-23
CID-00000172,CUST-000086,Passport,travel,PAS-152401288,SER-120530,1,FL,US Department of State,2023-06-28,2029-10-09,True,api_validation,system_kyc,2025-04-27,active,False,False,No fraud indicators.,2025-04-27,2025-09-30
CID-00000173,CUST-000087,National ID,government,NAT-763093541,SER-265818,1,SC,State DMV,2014-05-29,2020-02-06,True,in_branch_review,system_kyc,2026-04-08,expired,True,False,No fraud indicators.,2026-04-05,2026-04-29
CID-00000174,CUST-000087,Passport,travel,PAS-864943393,SER-227898,1,SC,US Department of State,2015-11-10,2019-06-02,True,in_branch_review,system_kyc,2026-04-01,expired,False,False,No fraud indicators.,2026-04-01,2026-04-18
CID-00000175,CUST-000088,National ID,government,NAT-311142068,SER-983213,1,SC,State DMV,2019-05-09,2023-04-02,True,api_validation,system_kyc,2024-07-14,expired,True,False,No fraud indicators.,2024-07-13,2024-10-02
CID-00000176,CUST-000088,Passport,travel,PAS-636424921,SER-123613,1,SC,US Department of State,2021-01-03,2027-03-31,True,document_scan,system_kyc,2024-07-10,active,False,False,No fraud indicators.,2024-07-10,2024-08-23
CID-00000177,CUST-000089,National ID,government,NAT-353946831,SER-312671,1,SC,State DMV,2020-12-03,2025-03-19,True,api_validation,system_kyc,2024-04-22,expired,True,False,No fraud indicators.,2024-04-19,2024-10-02
CID-00000178,CUST-000089,Passport,travel,PAS-524113944,SER-851292,1,SC,US Department of State,2022-03-20,2026-06-29,True,in_branch_review,system_kyc,2024-04-24,active,False,False,No fraud indicators.,2024-04-20,2024-08-10
CID-00000179,CUST-000090,National ID,government,NAT-761844265,SER-333527,1,FL,State DMV,2011-06-28,2016-08-22,True,api_validation,system_kyc,2025-06-04,expired,True,True,Pattern match on historical compromised-document list.,2025-06-02,2025-09-28
CID-00000180,CUST-000090,Passport,travel,PAS-737504739,SER-913371,1,FL,US Department of State,2017-06-29,2022-10-30,True,document_scan,system_kyc,2025-06-04,expired,False,False,No fraud indicators.,2025-06-02,2025-06-10
CID-00000181,CUST-000091,National ID,government,NAT-294801783,SER-268837,1,FL,State DMV,2022-03-05,2030-10-14,True,api_validation,system_kyc,2026-08-28,active,True,False,No fraud indicators.,2026-08-24,2026-05-01
CID-00000182,CUST-000091,Passport,travel,PAS-891301847,SER-700907,1,FL,US Department of State,2025-04-20,2032-07-23,True,in_branch_review,system_kyc,2026-08-28,active,False,False,No fraud indicators.,2026-08-26,2026-05-01
CID-00000183,CUST-000092,National ID,government,NAT-881738281,SER-593050,1,NC,State DMV,2021-02-08,2025-09-17,True,document_scan,system_kyc,2024-09-09,expired,True,False,No fraud indicators.,2024-09-06,2025-04-10
CID-00000184,CUST-000092,Passport,travel,PAS-687584595,SER-386748,1,NC,US Department of State,2014-01-07,2017-08-29,True,api_validation,system_kyc,2024-09-14,expired,False,False,No fraud indicators.,2024-09-11,2025-02-22
CID-00000185,CUST-000093,National ID,government,NAT-203144381,SER-662897,1,SC,State DMV,2024-12-17,2029-05-28,True,document_scan,system_kyc,2025-06-05,active,True,False,No fraud indicators.,2025-06-04,2025-07-29
CID-00000186,CUST-000093,Passport,travel,PAS-928660735,SER-246565,1,SC,US Department of State,2016-04-22,2021-06-29,False,api_validation,manual_queue,2025-06-12,expired,False,False,No fraud indicators.,2025-06-09,2025-08-17
CID-00000187,CUST-000094,National ID,government,NAT-111707344,SER-551411,1,FL,State DMV,2012-02-14,2016-09-19,True,in_branch_review,system_kyc,2024-04-26,expired,True,False,No fraud indicators.,2024-04-24,2024-10-09
CID-00000188,CUST-000094,Passport,travel,PAS-727056121,SER-256024,1,FL,US Department of State,2011-05-08,2016-01-28,True,document_scan,system_kyc,2024-04-27,expired,False,False,No fraud indicators.,2024-04-25,2024-08-07
CID-00000189,CUST-000095,National ID,government,NAT-405015335,SER-700672,1,FL,State DMV,2021-05-15,2030-08-23,True,document_scan,system_kyc,2025-12-11,active,True,False,No fraud indicators.,2025-12-09,2026-01-31
CID-00000190,CUST-000095,Passport,travel,PAS-803529566,SER-733181,1,FL,US Department of State,2012-10-20,2019-05-16,True,document_scan,system_kyc,2025-12-06,expired,False,False,No fraud indicators.,2025-12-02,2026-03-08
CID-00000191,CUST-000096,National ID,government,NAT-953174600,SER-648692,1,SC,State DMV,2020-04-12,2027-08-20,True,in_branch_review,system_kyc,2025-02-05,active,True,False,No fraud indicators.,2025-02-01,2025-06-19
CID-00000192,CUST-000096,Passport,travel,PAS-103347482,SER-504986,1,SC,US Department of State,2023-07-05,2033-05-03,True,api_validation,system_kyc,2025-02-01,active,False,False,No fraud indicators.,2025-02-01,2025-04-13
CID-00000193,CUST-000097,National ID,government,NAT-970482471,SER-957206,1,SC,State DMV,2015-10-01,2020-06-04,False,in_branch_review,manual_queue,2024-04-23,expired,True,False,No fraud indicators.,2024-04-23,2024-11-08
CID-00000194,CUST-000097,Passport,travel,PAS-274844221,SER-347906,1,SC,US Department of State,2024-04-14,2034-04-11,True,document_scan,system_kyc,2024-04-26,active,False,False,No fraud indicators.,2024-04-25,2024-09-17
CID-00000195,CUST-000098,National ID,government,NAT-692149727,SER-822358,1,NC,State DMV,2025-04-06,2030-01-21,True,in_branch_review,system_kyc,2025-06-04,active,True,False,No fraud indicators.,2025-06-02,2025-09-25
CID-00000196,CUST-000098,Passport,travel,PAS-285187738,SER-107313,1,NC,US Department of State,2018-04-25,2027-07-25,False,api_validation,manual_queue,2025-05-29,active,False,False,No fraud indicators.,2025-05-26,2025-10-11
CID-00000197,CUST-000099,National ID,government,NAT-528208139,SER-111963,1,NC,State DMV,2024-08-17,2028-11-05,True,in_branch_review,system_kyc,2024-12-09,active,True,False,No fraud indicators.,2024-12-07,2025-04-14
CID-00000198,CUST-000099,Passport,travel,PAS-484854965,SER-784330,1,NC,US Department of State,2022-12-10,2029-05-14,True,in_branch_review,system_kyc,2024-12-02,active,False,False,No fraud indicators.,2024-12-01,2025-06-29
CID-00000199,CUST-000100,National ID,government,NAT-297637530,SER-693591,1,SC,State DMV,2011-12-13,2015-06-24,True,document_scan,system_kyc,2026-04-29,expired,True,False,No fraud indicators.,2026-04-25,2026-05-01
CID-00000200,CUST-000100,Passport,travel,PAS-718845492,SER-334313,1,SC,US Department of State,2020-02-20,2023-11-17,True,api_validation,system_kyc,2026-05-05,expired,False,False,No fraud indicators.,2026-05-03,2026-05-01
CID-00000201,CUST-000101,National ID,government,NAT-201753402,SER-919260,1,GA,State DMV,2018-01-24,2023-12-28,True,api_validation,system_kyc,2024-09-05,expired,True,False,No fraud indicators.,2024-09-04,2024-12-20
CID-00000202,CUST-000101,Passport,travel,PAS-155569192,SER-858119,1,GA,US Department of State,2011-09-03,2019-07-29,True,document_scan,system_kyc,2024-09-02,expired,False,False,No fraud indicators.,2024-09-02,2024-09-27
CID-00000203,CUST-000102,National ID,government,NAT-653235855,SER-927455,1,FL,State DMV,2022-08-29,2026-10-03,True,api_validation,system_kyc,2025-11-19,active,True,False,No fraud indicators.,2025-11-18,2026-05-01
CID-00000204,CUST-000102,Passport,travel,PAS-823673054,SER-261973,1,FL,US Department of State,2015-05-12,2023-07-10,True,in_branch_review,system_kyc,2025-11-23,expired,False,False,No fraud indicators.,2025-11-23,2026-05-01
CID-00000205,CUST-000103,National ID,government,NAT-870322437,SER-121455,1,NC,State DMV,2016-05-26,2020-11-20,True,document_scan,system_kyc,2026-07-30,expired,True,False,No fraud indicators.,2026-07-27,2026-05-01
CID-00000206,CUST-000103,Passport,travel,PAS-371204667,SER-108723,1,NC,US Department of State,2015-10-25,2021-08-31,True,api_validation,system_kyc,2026-08-03,expired,False,False,No fraud indicators.,2026-08-01,2026-05-01
CID-00000207,CUST-000104,National ID,government,NAT-709626938,SER-431586,1,FL,State DMV,2019-12-12,2027-05-20,True,api_validation,system_kyc,2025-12-24,active,True,False,No fraud indicators.,2025-12-21,2026-01-02
CID-00000208,CUST-000104,Passport,travel,PAS-877930778,SER-255976,1,FL,US Department of State,2021-01-15,2030-05-21,True,document_scan,system_kyc,2025-12-18,active,False,False,No fraud indicators.,2025-12-16,2026-05-01
CID-00000209,CUST-000105,National ID,government,NAT-488317255,SER-645453,1,SC,State DMV,2016-07-10,2022-09-03,True,document_scan,system_kyc,2024-05-22,expired,True,False,No fraud indicators.,2024-05-21,2024-10-14
CID-00000210,CUST-000105,Passport,travel,PAS-882290078,SER-575321,1,SC,US Department of State,2025-09-19,2034-08-22,True,api_validation,system_kyc,2024-05-25,active,False,False,No fraud indicators.,2024-05-25,2024-11-16
CID-00000211,CUST-000106,National ID,government,NAT-192701370,SER-648919,1,FL,State DMV,2023-08-23,2027-05-19,True,api_validation,system_kyc,2024-07-10,active,True,False,No fraud indicators.,2024-07-08,2024-08-11
CID-00000212,CUST-000106,Passport,travel,PAS-522277244,SER-167568,1,FL,US Department of State,2014-07-01,2017-07-07,True,document_scan,system_kyc,2024-07-13,expired,False,False,No fraud indicators.,2024-07-10,2024-08-09
CID-00000213,CUST-000107,National ID,government,NAT-934062832,SER-823499,1,GA,State DMV,2018-08-17,2025-10-06,True,document_scan,system_kyc,2025-09-15,expired,True,False,No fraud indicators.,2025-09-15,2025-12-13
CID-00000214,CUST-000107,Passport,travel,PAS-186477912,SER-892837,1,GA,US Department of State,2014-11-05,2018-10-14,True,api_validation,system_kyc,2025-09-22,expired,False,False,No fraud indicators.,2025-09-21,2026-04-11
CID-00000215,CUST-000108,National ID,government,NAT-208857593,SER-991400,1,NC,State DMV,2017-04-05,2026-08-09,True,document_scan,system_kyc,2025-08-20,active,True,False,No fraud indicators.,2025-08-17,2026-02-09
CID-00000216,CUST-000108,Passport,travel,PAS-294422535,SER-260196,1,NC,US Department of State,2019-03-11,2025-02-22,True,in_branch_review,system_kyc,2025-08-21,expired,False,False,No fraud indicators.,2025-08-19,2025-09-23
CID-00000217,CUST-000109,National ID,government,NAT-846031716,SER-246606,1,SC,State DMV,2025-10-16,2032-02-18,True,in_branch_review,system_kyc,2026-05-18,active,True,False,No fraud indicators.,2026-05-15,2026-05-01
CID-00000218,CUST-000109,Passport,travel,PAS-800758391,SER-286582,1,SC,US Department of State,2021-04-02,2026-07-25,True,document_scan,system_kyc,2026-05-12,active,False,False,No fraud indicators.,2026-05-12,2026-05-01
CID-00000219,CUST-000110,National ID,government,NAT-953428350,SER-943627,1,FL,State DMV,2015-04-09,2021-01-19,True,document_scan,system_kyc,2026-02-17,expired,True,False,No fraud indicators.,2026-02-17,2026-04-26
CID-00000220,CUST-000110,Passport,travel,PAS-433034545,SER-334965,1,FL,US Department of State,2014-04-13,2023-06-20,True,in_branch_review,system_kyc,2026-02-20,expired,False,False,No fraud indicators.,2026-02-20,2026-05-01
CID-00000221,CUST-000111,National ID,government,NAT-625410921,SER-135180,1,NC,State DMV,2016-02-18,2020-07-22,True,in_branch_review,system_kyc,2026-07-15,expired,True,False,No fraud indicators.,2026-07-11,2026-05-01
CID-00000222,CUST-000111,Passport,travel,PAS-277432987,SER-169088,1,NC,US Department of State,2015-07-08,2018-11-23,True,api_validation,system_kyc,2026-07-18,expired,False,False,No fraud indicators.,2026-07-17,2026-05-01
CID-00000223,CUST-000112,National ID,government,NAT-846681535,SER-755956,1,FL,State DMV,2014-06-14,2018-04-17,True,api_validation,system_kyc,2026-09-25,expired,True,False,No fraud indicators.,2026-09-22,2026-05-01
CID-00000224,CUST-000112,Passport,travel,PAS-414510139,SER-682362,1,FL,US Department of State,2012-02-09,2021-08-31,True,in_branch_review,system_kyc,2026-09-18,expired,False,False,No fraud indicators.,2026-09-16,2026-05-01
CID-00000225,CUST-000113,National ID,government,NAT-934688759,SER-233347,1,NC,State DMV,2022-08-12,2026-10-05,True,api_validation,system_kyc,2024-11-25,active,True,False,No fraud indicators.,2024-11-24,2025-05-23
CID-00000226,CUST-000113,Passport,travel,PAS-122249705,SER-992748,1,NC,US Department of State,2017-03-21,2024-06-18,True,api_validation,system_kyc,2024-11-25,expired,False,False,No fraud indicators.,2024-11-23,2024-12-20
CID-00000227,CUST-000114,National ID,government,NAT-671519936,SER-489135,1,SC,State DMV,2014-02-22,2018-05-08,True,document_scan,system_kyc,2024-08-15,expired,True,False,No fraud indicators.,2024-08-12,2024-10-10
CID-00000228,CUST-000114,Passport,travel,PAS-656922361,SER-376659,1,SC,US Department of State,2015-04-02,2021-11-23,True,in_branch_review,system_kyc,2024-08-13,expired,False,False,No fraud indicators.,2024-08-09,2025-02-27
CID-00000229,CUST-000115,National ID,government,NAT-457308484,SER-803780,1,FL,State DMV,2019-10-15,2029-03-31,True,in_branch_review,system_kyc,2024-03-21,active,True,False,No fraud indicators.,2024-03-21,2024-04-26
CID-00000230,CUST-000115,Passport,travel,PAS-394709595,SER-559238,1,FL,US Department of State,2015-05-23,2020-05-17,True,in_branch_review,system_kyc,2024-03-30,expired,False,False,No fraud indicators.,2024-03-27,2024-06-16
CID-00000231,CUST-000116,National ID,government,NAT-971441851,SER-616565,1,SC,State DMV,2014-05-03,2018-03-25,True,in_branch_review,system_kyc,2024-01-30,expired,True,False,No fraud indicators.,2024-01-28,2024-02-11
CID-00000232,CUST-000116,Passport,travel,PAS-850474053,SER-190756,1,SC,US Department of State,2020-06-07,2029-06-14,True,in_branch_review,system_kyc,2024-01-29,active,False,False,No fraud indicators.,2024-01-28,2024-08-29
CID-00000233,CUST-000117,National ID,government,NAT-513266884,SER-167166,1,FL,State DMV,2022-04-24,2028-11-01,True,in_branch_review,system_kyc,2025-12-15,active,True,False,No fraud indicators.,2025-12-12,2026-01-07
CID-00000234,CUST-000117,Passport,travel,PAS-164856440,SER-912276,1,FL,US Department of State,2014-05-14,2024-04-06,True,document_scan,system_kyc,2025-12-23,expired,False,False,No fraud indicators.,2025-12-20,2026-01-27
CID-00000235,CUST-000118,National ID,government,NAT-237388749,SER-339612,1,NC,State DMV,2015-04-06,2024-06-15,True,api_validation,system_kyc,2026-06-21,expired,True,False,No fraud indicators.,2026-06-21,2026-05-01
CID-00000236,CUST-000118,Passport,travel,PAS-332516039,SER-351081,1,NC,US Department of State,2012-10-12,2020-04-06,False,api_validation,manual_queue,2026-06-21,expired,False,False,No fraud indicators.,2026-06-20,2026-05-01
CID-00000237,CUST-000119,National ID,government,NAT-206595176,SER-460892,1,NC,State DMV,2013-08-25,2018-11-11,True,in_branch_review,system_kyc,2024-05-17,expired,True,False,No fraud indicators.,2024-05-13,2024-11-14
CID-00000238,CUST-000119,Passport,travel,PAS-161539700,SER-348558,1,NC,US Department of State,2013-10-28,2023-10-07,True,api_validation,system_kyc,2024-05-10,expired,False,False,No fraud indicators.,2024-05-07,2024-05-16
CID-00000239,CUST-000120,National ID,government,NAT-229043575,SER-341367,1,NC,State DMV,2018-10-05,2024-05-22,True,in_branch_review,system_kyc,2024-06-25,expired,True,False,No fraud indicators.,2024-06-25,2024-09-28
CID-00000240,CUST-000120,Passport,travel,PAS-712609217,SER-453366,1,NC,US Department of State,2026-02-07,2035-03-12,True,in_branch_review,system_kyc,2024-06-25,active,False,False,No fraud indicators.,2024-06-25,2025-01-22
CID-00000241,CUST-000121,National ID,government,NAT-400980968,SER-348168,1,NC,State DMV,2024-04-19,2033-02-04,True,api_validation,system_kyc,2026-10-03,active,True,False,No fraud indicators.,2026-10-01,2026-05-01
CID-00000242,CUST-000121,Passport,travel,PAS-295361630,SER-805349,1,NC,US Department of State,2021-03-03,2025-09-22,True,api_validation,system_kyc,2026-09-30,expired,False,False,No fraud indicators.,2026-09-28,2026-05-01
CID-00000243,CUST-000122,National ID,government,NAT-906287603,SER-212386,1,GA,State DMV,2021-02-24,2025-07-21,True,in_branch_review,system_kyc,2026-10-02,expired,True,False,No fraud indicators.,2026-09-29,2026-05-01
CID-00000244,CUST-000122,Passport,travel,PAS-600180802,SER-659665,1,GA,US Department of State,2023-03-17,2031-12-15,True,api_validation,system_kyc,2026-09-29,active,False,False,No fraud indicators.,2026-09-28,2026-05-01
CID-00000245,CUST-000123,National ID,government,NAT-802234863,SER-689465,1,SC,State DMV,2020-07-21,2024-11-05,True,in_branch_review,system_kyc,2024-05-07,expired,True,False,No fraud indicators.,2024-05-07,2024-06-03
CID-00000246,CUST-000123,Passport,travel,PAS-300847574,SER-538004,1,SC,US Department of State,2011-07-06,2019-03-18,True,document_scan,system_kyc,2024-05-20,expired,False,False,No fraud indicators.,2024-05-16,2024-11-28
CID-00000247,CUST-000124,National ID,government,NAT-460192492,SER-994338,1,SC,State DMV,2020-07-01,2025-07-18,True,in_branch_review,system_kyc,2025-06-28,expired,True,False,No fraud indicators.,2025-06-28,2025-12-25
CID-00000248,CUST-000124,Passport,travel,PAS-333114056,SER-993224,1,SC,US Department of State,2011-06-22,2021-04-16,True,api_validation,system_kyc,2025-07-02,expired,False,False,No fraud indicators.,2025-06-29,2026-01-26
CID-00000249,CUST-000125,National ID,government,NAT-579363444,SER-511293,1,GA,State DMV,2012-01-15,2017-02-11,True,api_validation,system_kyc,2024-03-01,expired,True,False,No fraud indicators.,2024-02-26,2024-03-22
CID-00000250,CUST-000125,Passport,travel,PAS-540635847,SER-293512,1,GA,US Department of State,2013-10-16,2018-07-25,True,document_scan,system_kyc,2024-03-02,expired,False,False,No fraud indicators.,2024-02-28,2024-06-10
CID-00000251,CUST-000126,National ID,government,NAT-382138853,SER-765142,1,NC,State DMV,2011-06-10,2015-09-07,True,document_scan,system_kyc,2024-10-24,expired,True,False,No fraud indicators.,2024-10-24,2024-11-15
CID-00000252,CUST-000126,Passport,travel,PAS-782679881,SER-784835,1,NC,US Department of State,2017-05-26,2023-07-12,True,api_validation,system_kyc,2024-10-26,expired,False,False,No fraud indicators.,2024-10-23,2025-05-13
CID-00000253,CUST-000127,National ID,government,NAT-801008872,SER-400041,1,NC,State DMV,2012-10-18,2022-10-08,True,in_branch_review,system_kyc,2024-01-23,expired,True,False,No fraud indicators.,2024-01-23,2024-02-01
CID-00000254,CUST-000127,Passport,travel,PAS-943593130,SER-649030,1,NC,US Department of State,2014-02-08,2021-03-26,True,document_scan,system_kyc,2024-01-28,expired,False,False,No fraud indicators.,2024-01-28,2024-04-27
CID-00000255,CUST-000128,National ID,government,NAT-786550549,SER-621045,1,NC,State DMV,2019-08-15,2029-05-23,True,in_branch_review,system_kyc,2024-08-30,active,True,False,No fraud indicators.,2024-08-29,2025-01-01
CID-00000256,CUST-000128,Passport,travel,PAS-618089483,SER-287447,1,NC,US Department of State,2025-02-28,2030-10-19,True,document_scan,system_kyc,2024-08-30,active,False,False,No fraud indicators.,2024-08-26,2024-11-10
CID-00000257,CUST-000129,National ID,government,NAT-320392178,SER-583534,1,GA,State DMV,2014-04-05,2019-05-15,False,api_validation,manual_queue,2025-09-11,expired,True,False,No fraud indicators.,2025-09-10,2026-01-24
CID-00000258,CUST-000129,Passport,travel,PAS-241286322,SER-392926,1,GA,US Department of State,2012-04-19,2016-01-27,True,api_validation,system_kyc,2025-09-09,expired,False,False,No fraud indicators.,2025-09-06,2025-11-24
CID-00000259,CUST-000130,National ID,government,NAT-904897824,SER-103585,1,GA,State DMV,2013-11-07,2023-10-03,True,in_branch_review,system_kyc,2025-02-07,expired,True,False,No fraud indicators.,2025-02-06,2025-03-10
CID-00000260,CUST-000130,Passport,travel,PAS-398745335,SER-244177,1,GA,US Department of State,2021-08-08,2025-08-03,True,in_branch_review,system_kyc,2025-02-03,expired,False,False,No fraud indicators.,2025-02-02,2025-03-07
CID-00000261,CUST-000131,National ID,government,NAT-621315591,SER-185753,1,FL,State DMV,2016-07-06,2023-03-13,True,in_branch_review,system_kyc,2025-07-26,expired,True,False,No fraud indicators.,2025-07-25,2025-09-24
CID-00000262,CUST-000131,Passport,travel,PAS-955871126,SER-949442,1,FL,US Department of State,2019-02-12,2027-08-26,True,in_branch_review,system_kyc,2025-07-26,active,False,False,No fraud indicators.,2025-07-24,2025-11-25
CID-00000263,CUST-000132,National ID,government,NAT-683780582,SER-342906,1,NC,State DMV,2013-09-16,2021-12-08,True,document_scan,system_kyc,2025-02-27,expired,True,False,No fraud indicators.,2025-02-26,2025-06-21
CID-00000264,CUST-000132,Passport,travel,PAS-572472118,SER-125759,1,NC,US Department of State,2013-02-07,2020-08-02,True,document_scan,system_kyc,2025-02-28,expired,False,False,No fraud indicators.,2025-02-25,2025-03-21
CID-00000265,CUST-000133,National ID,government,NAT-807073977,SER-703534,1,FL,State DMV,2014-04-19,2022-01-23,True,api_validation,system_kyc,2024-01-19,expired,True,False,No fraud indicators.,2024-01-15,2024-08-20
CID-00000266,CUST-000133,Passport,travel,PAS-782196080,SER-445302,1,FL,US Department of State,2011-08-13,2015-03-14,True,api_validation,system_kyc,2024-01-24,expired,False,False,No fraud indicators.,2024-01-22,2024-04-20
CID-00000267,CUST-000134,National ID,government,NAT-670779571,SER-990145,1,SC,State DMV,2012-09-08,2021-05-03,True,in_branch_review,system_kyc,2025-02-16,expired,True,False,No fraud indicators.,2025-02-16,2025-09-12
CID-00000268,CUST-000134,Passport,travel,PAS-887819817,SER-290752,1,SC,US Department of State,2020-11-13,2028-01-19,True,api_validation,system_kyc,2025-02-24,active,False,False,No fraud indicators.,2025-02-21,2025-06-24
CID-00000269,CUST-000135,National ID,government,NAT-571041615,SER-599391,1,GA,State DMV,2021-07-30,2027-09-01,True,api_validation,system_kyc,2025-02-10,active,True,False,No fraud indicators.,2025-02-08,2025-06-26
CID-00000270,CUST-000135,Passport,travel,PAS-483332566,SER-800240,1,GA,US Department of State,2023-01-18,2026-09-11,True,document_scan,system_kyc,2025-02-09,active,False,False,No fraud indicators.,2025-02-08,2025-09-02
CID-00000271,CUST-000136,National ID,government,NAT-364212976,SER-690028,1,SC,State DMV,2012-02-24,2018-01-31,True,in_branch_review,system_kyc,2026-09-03,expired,True,False,No fraud indicators.,2026-09-01,2026-05-01
CID-00000272,CUST-000136,Passport,travel,PAS-912109936,SER-956057,1,SC,US Department of State,2020-08-11,2023-09-30,True,api_validation,system_kyc,2026-08-30,expired,False,False,No fraud indicators.,2026-08-29,2026-05-01
CID-00000273,CUST-000137,National ID,government,NAT-324859748,SER-490729,1,FL,State DMV,2017-03-26,2022-06-14,True,in_branch_review,system_kyc,2026-05-19,expired,True,False,No fraud indicators.,2026-05-18,2026-05-01
CID-00000274,CUST-000137,Passport,travel,PAS-561255519,SER-749244,1,FL,US Department of State,2023-11-27,2029-01-02,True,in_branch_review,system_kyc,2026-05-17,active,False,False,No fraud indicators.,2026-05-13,2026-05-01
CID-00000275,CUST-000138,National ID,government,NAT-324365620,SER-234384,1,SC,State DMV,2011-07-01,2016-05-04,True,document_scan,system_kyc,2025-04-25,expired,True,False,No fraud indicators.,2025-04-24,2025-08-31
CID-00000276,CUST-000138,Passport,travel,PAS-323958732,SER-632726,1,SC,US Department of State,2020-09-16,2030-03-15,True,in_branch_review,system_kyc,2025-04-23,active,False,False,No fraud indicators.,2025-04-20,2025-06-24
CID-00000277,CUST-000139,National ID,government,NAT-385055247,SER-747018,1,GA,State DMV,2015-02-12,2018-06-14,True,api_validation,system_kyc,2025-01-18,expired,True,False,No fraud indicators.,2025-01-18,2025-06-02
CID-00000278,CUST-000139,Passport,travel,PAS-132387139,SER-516018,1,GA,US Department of State,2016-08-08,2020-05-26,True,document_scan,system_kyc,2025-01-20,expired,False,False,No fraud indicators.,2025-01-19,2025-01-28
CID-00000279,CUST-000140,National ID,government,NAT-702526818,SER-818333,1,NC,State DMV,2012-05-25,2019-08-28,False,in_branch_review,manual_queue,2026-01-25,expired,True,False,No fraud indicators.,2026-01-21,2026-05-01
CID-00000280,CUST-000140,Passport,travel,PAS-825677648,SER-312432,1,NC,US Department of State,2023-03-10,2032-12-12,True,api_validation,system_kyc,2026-01-22,active,False,False,No fraud indicators.,2026-01-22,2026-03-24
CID-00000281,CUST-000141,National ID,government,NAT-709936802,SER-214673,1,FL,State DMV,2011-11-17,2021-03-29,True,in_branch_review,system_kyc,2025-07-30,expired,True,False,No fraud indicators.,2025-07-27,2025-08-21
CID-00000282,CUST-000141,Passport,travel,PAS-138147609,SER-990824,1,FL,US Department of State,2021-04-11,2028-11-17,True,in_branch_review,system_kyc,2025-08-08,active,False,False,No fraud indicators.,2025-08-04,2025-09-27
CID-00000283,CUST-000142,National ID,government,NAT-434745808,SER-197820,1,GA,State DMV,2023-05-12,2032-03-26,True,in_branch_review,system_kyc,2026-05-31,active,True,False,No fraud indicators.,2026-05-28,2026-05-01
CID-00000284,CUST-000142,Passport,travel,PAS-649871036,SER-556723,1,GA,US Department of State,2013-04-10,2019-10-30,True,api_validation,system_kyc,2026-05-19,expired,False,False,No fraud indicators.,2026-05-19,2026-05-01
CID-00000285,CUST-000143,National ID,government,NAT-320438180,SER-848371,1,NC,State DMV,2016-12-12,2020-10-10,True,in_branch_review,system_kyc,2024-07-28,expired,True,False,No fraud indicators.,2024-07-27,2025-02-05
CID-00000286,CUST-000143,Passport,travel,PAS-224881089,SER-921724,1,NC,US Department of State,2020-01-14,2026-06-10,True,api_validation,system_kyc,2024-07-29,active,False,False,No fraud indicators.,2024-07-29,2024-09-11
CID-00000287,CUST-000144,National ID,government,NAT-229849299,SER-501751,1,NC,State DMV,2016-01-23,2021-01-28,True,api_validation,system_kyc,2026-09-19,expired,True,False,No fraud indicators.,2026-09-15,2026-05-01
CID-00000288,CUST-000144,Passport,travel,PAS-719052370,SER-221865,1,NC,US Department of State,2017-11-26,2022-03-11,True,api_validation,system_kyc,2026-09-15,expired,False,False,No fraud indicators.,2026-09-11,2026-05-01
CID-00000289,CUST-000145,National ID,government,NAT-415441976,SER-572372,1,FL,State DMV,2024-11-28,2029-04-27,True,document_scan,system_kyc,2026-06-17,active,True,False,No fraud indicators.,2026-06-13,2026-05-01
CID-00000290,CUST-000145,Passport,travel,PAS-725105314,SER-858859,1,FL,US Department of State,2015-06-20,2022-07-20,True,document_scan,system_kyc,2026-06-12,expired,False,False,No fraud indicators.,2026-06-11,2026-05-01
CID-00000291,CUST-000146,National ID,government,NAT-559000382,SER-909904,1,SC,State DMV,2017-07-17,2023-11-20,True,in_branch_review,system_kyc,2025-09-05,expired,True,False,No fraud indicators.,2025-09-03,2026-01-08
CID-00000292,CUST-000146,Passport,travel,PAS-665958994,SER-531114,1,SC,US Department of State,2021-09-18,2031-01-07,True,document_scan,system_kyc,2025-09-08,active,False,False,No fraud indicators.,2025-09-04,2025-12-08
CID-00000293,CUST-000147,National ID,government,NAT-524937719,SER-603162,1,SC,State DMV,2013-11-19,2018-11-25,True,in_branch_review,system_kyc,2025-02-22,expired,True,False,No fraud indicators.,2025-02-21,2025-08-18
CID-00000294,CUST-000147,Passport,travel,PAS-183070807,SER-942887,1,SC,US Department of State,2016-04-24,2019-10-28,True,api_validation,system_kyc,2025-02-20,expired,False,False,No fraud indicators.,2025-02-20,2025-09-16
CID-00000295,CUST-000148,National ID,government,NAT-459197933,SER-112525,1,GA,State DMV,2017-06-24,2024-04-04,True,document_scan,system_kyc,2026-08-04,expired,True,False,No fraud indicators.,2026-08-01,2026-05-01
CID-00000296,CUST-000148,Passport,travel,PAS-367021676,SER-606192,1,GA,US Department of State,2024-05-13,2029-12-05,False,in_branch_review,manual_queue,2026-07-29,active,False,False,No fraud indicators.,2026-07-29,2026-05-01
CID-00000297,CUST-000149,National ID,government,NAT-799618338,SER-700645,1,SC,State DMV,2016-04-12,2019-04-16,True,document_scan,system_kyc,2025-01-24,expired,True,False,No fraud indicators.,2025-01-22,2025-05-02
CID-00000298,CUST-000149,Passport,travel,PAS-634182909,SER-863365,1,SC,US Department of State,2019-01-01,2028-09-06,True,api_validation,system_kyc,2025-01-18,active,False,False,No fraud indicators.,2025-01-16,2025-03-29
CID-00000299,CUST-000150,National ID,government,NAT-533936586,SER-866744,1,SC,State DMV,2019-08-05,2022-12-10,True,in_branch_review,system_kyc,2024-06-19,expired,True,False,No fraud indicators.,2024-06-17,2024-09-24
CID-00000300,CUST-000150,Passport,travel,PAS-735705101,SER-566613,1,SC,US Department of State,2016-03-20,2023-05-22,True,document_scan,system_kyc,2024-06-19,expired,False,False,No fraud indicators.,2024-06-18,2024-09-27
CID-00000301,CUST-000151,National ID,government,NAT-953015511,SER-864785,1,NC,State DMV,2011-07-24,2014-12-18,True,in_branch_review,system_kyc,2026-08-27,expired,True,False,No fraud indicators.,2026-08-23,2026-05-01
CID-00000302,CUST-000151,Passport,travel,PAS-976595831,SER-424322,1,NC,US Department of State,2014-07-17,2023-11-14,True,in_branch_review,system_kyc,2026-08-25,expired,False,False,No fraud indicators.,2026-08-21,2026-05-01
CID-00000303,CUST-000152,National ID,government,NAT-936858101,SER-635202,1,SC,State DMV,2023-07-11,2028-02-10,True,document_scan,system_kyc,2026-02-05,active,True,False,No fraud indicators.,2026-02-04,2026-03-14
CID-00000304,CUST-000152,Passport,travel,PAS-479932706,SER-538740,1,SC,US Department of State,2020-05-04,2029-06-19,True,api_validation,system_kyc,2026-02-03,active,False,False,No fraud indicators.,2026-01-31,2026-05-01
CID-00000305,CUST-000153,National ID,government,NAT-897142390,SER-253000,1,SC,State DMV,2012-05-23,2016-12-22,True,api_validation,system_kyc,2024-07-23,expired,True,False,No fraud indicators.,2024-07-22,2024-09-28
CID-00000306,CUST-000153,Passport,travel,PAS-960525854,SER-639652,1,SC,US Department of State,2023-07-18,2027-08-25,True,document_scan,system_kyc,2024-07-27,active,False,False,No fraud indicators.,2024-07-23,2024-10-03
CID-00000307,CUST-000154,National ID,government,NAT-529042066,SER-152891,1,NC,State DMV,2015-04-30,2019-03-23,True,document_scan,system_kyc,2025-04-24,expired,True,False,No fraud indicators.,2025-04-23,2025-10-11
CID-00000308,CUST-000154,Passport,travel,PAS-120294391,SER-602027,1,NC,US Department of State,2026-03-24,2034-12-06,True,api_validation,system_kyc,2025-04-23,active,False,False,No fraud indicators.,2025-04-23,2025-07-08
CID-00000309,CUST-000155,National ID,government,NAT-137625476,SER-323330,1,NC,State DMV,2016-10-01,2026-09-28,True,in_branch_review,system_kyc,2025-05-03,active,True,False,No fraud indicators.,2025-05-01,2025-10-20
CID-00000310,CUST-000155,Passport,travel,PAS-309142576,SER-135270,1,NC,US Department of State,2018-04-18,2023-03-08,True,api_validation,system_kyc,2025-05-04,expired,False,False,No fraud indicators.,2025-05-03,2025-12-01
CID-00000311,CUST-000156,National ID,government,NAT-250546128,SER-904843,1,GA,State DMV,2023-10-03,2029-08-24,False,document_scan,manual_queue,2025-05-23,active,True,False,No fraud indicators.,2025-05-20,2025-08-17
CID-00000312,CUST-000156,Passport,travel,PAS-922006005,SER-439982,1,GA,US Department of State,2018-01-07,2025-03-04,True,in_branch_review,system_kyc,2025-05-21,expired,False,False,No fraud indicators.,2025-05-19,2025-09-24
CID-00000313,CUST-000157,National ID,government,NAT-296260240,SER-740380,1,NC,State DMV,2015-09-08,2022-01-21,True,api_validation,system_kyc,2024-10-26,expired,True,False,No fraud indicators.,2024-10-25,2024-11-16
CID-00000314,CUST-000157,Passport,travel,PAS-566421113,SER-758016,1,NC,US Department of State,2016-12-30,2022-04-21,True,document_scan,system_kyc,2024-10-30,expired,False,False,No fraud indicators.,2024-10-27,2025-05-16
CID-00000315,CUST-000158,National ID,government,NAT-624796224,SER-657906,1,FL,State DMV,2022-07-27,2026-04-01,True,api_validation,system_kyc,2026-06-29,expired,True,False,No fraud indicators.,2026-06-27,2026-05-01
CID-00000316,CUST-000158,Passport,travel,PAS-596718476,SER-560891,1,FL,US Department of State,2021-04-17,2030-09-02,True,api_validation,system_kyc,2026-06-27,active,False,False,No fraud indicators.,2026-06-27,2026-05-01
CID-00000317,CUST-000159,National ID,government,NAT-993643003,SER-759384,1,SC,State DMV,2022-07-03,2030-07-23,True,api_validation,system_kyc,2026-08-17,active,True,False,No fraud indicators.,2026-08-17,2026-05-01
CID-00000318,CUST-000159,Passport,travel,PAS-955783376,SER-591943,1,SC,US Department of State,2023-01-31,2029-02-02,True,api_validation,system_kyc,2026-08-19,active,False,False,No fraud indicators.,2026-08-17,2026-05-01
CID-00000319,CUST-000160,National ID,government,NAT-210675148,SER-922030,1,FL,State DMV,2013-03-20,2018-12-27,True,document_scan,system_kyc,2024-11-05,expired,True,False,No fraud indicators.,2024-11-04,2025-01-28
CID-00000320,CUST-000160,Passport,travel,PAS-493244316,SER-360380,1,FL,US Department of State,2017-01-28,2021-02-22,True,in_branch_review,system_kyc,2024-11-08,expired,False,False,No fraud indicators.,2024-11-06,2025-02-01
CID-00000321,CUST-000161,National ID,government,NAT-747363268,SER-152728,1,SC,State DMV,2016-10-14,2026-07-02,True,api_validation,system_kyc,2024-04-14,active,True,False,No fraud indicators.,2024-04-12,2024-09-23
CID-00000322,CUST-000161,Passport,travel,PAS-576488681,SER-419691,1,SC,US Department of State,2022-07-29,2029-01-16,True,api_validation,system_kyc,2024-04-11,active,False,False,No fraud indicators.,2024-04-07,2024-07-05
CID-00000323,CUST-000162,National ID,government,NAT-438574121,SER-868570,1,SC,State DMV,2017-09-23,2023-05-31,True,api_validation,system_kyc,2025-07-04,expired,True,False,No fraud indicators.,2025-07-03,2025-12-03
CID-00000324,CUST-000162,Passport,travel,PAS-269645953,SER-381669,1,SC,US Department of State,2017-05-12,2022-09-08,True,in_branch_review,system_kyc,2025-07-02,expired,False,False,No fraud indicators.,2025-07-01,2025-10-20
CID-00000325,CUST-000163,National ID,government,NAT-442657465,SER-360941,1,SC,State DMV,2015-10-10,2022-10-15,True,api_validation,system_kyc,2024-06-17,expired,True,False,No fraud indicators.,2024-06-14,2024-06-25
CID-00000326,CUST-000163,Passport,travel,PAS-317503485,SER-529118,1,SC,US Department of State,2011-12-20,2016-10-14,True,api_validation,system_kyc,2024-06-20,expired,False,False,No fraud indicators.,2024-06-18,2024-07-12
CID-00000327,CUST-000164,National ID,government,NAT-300004878,SER-255537,1,GA,State DMV,2020-03-24,2030-02-28,True,in_branch_review,system_kyc,2026-01-12,active,True,False,No fraud indicators.,2026-01-10,2026-05-01
CID-00000328,CUST-000164,Passport,travel,PAS-298151675,SER-200749,1,GA,US Department of State,2013-08-18,2021-07-03,False,in_branch_review,manual_queue,2026-01-15,expired,False,False,No fraud indicators.,2026-01-13,2026-05-01
CID-00000329,CUST-000165,National ID,government,NAT-345899530,SER-909607,1,FL,State DMV,2012-09-18,2016-02-26,True,in_branch_review,system_kyc,2025-02-19,expired,True,False,No fraud indicators.,2025-02-18,2025-07-19
CID-00000330,CUST-000165,Passport,travel,PAS-946257527,SER-845303,1,FL,US Department of State,2013-06-12,2018-05-31,True,document_scan,system_kyc,2025-02-15,expired,False,False,No fraud indicators.,2025-02-13,2025-07-05
CID-00000331,CUST-000166,National ID,government,NAT-961799585,SER-310100,1,NC,State DMV,2011-12-20,2019-01-21,True,api_validation,system_kyc,2024-07-29,expired,True,False,No fraud indicators.,2024-07-29,2025-02-04
CID-00000332,CUST-000166,Passport,travel,PAS-977026659,SER-137257,1,NC,US Department of State,2019-06-16,2026-06-09,True,document_scan,system_kyc,2024-08-01,active,False,False,No fraud indicators.,2024-07-30,2024-12-10
CID-00000333,CUST-000167,National ID,government,NAT-463201097,SER-611879,1,NC,State DMV,2024-01-11,2032-07-26,True,api_validation,system_kyc,2026-06-27,active,True,False,No fraud indicators.,2026-06-27,2026-05-01
CID-00000334,CUST-000167,Passport,travel,PAS-345686611,SER-498443,1,NC,US Department of State,2023-10-29,2027-10-11,True,in_branch_review,system_kyc,2026-06-25,active,False,False,No fraud indicators.,2026-06-21,2026-05-01
CID-00000335,CUST-000168,National ID,government,NAT-769433220,SER-713233,1,NC,State DMV,2015-10-03,2025-02-11,True,api_validation,system_kyc,2026-05-08,expired,True,False,No fraud indicators.,2026-05-06,2026-05-01
CID-00000336,CUST-000168,Passport,travel,PAS-862935181,SER-578968,1,NC,US Department of State,2017-08-28,2025-10-29,True,api_validation,system_kyc,2026-05-07,expired,False,False,No fraud indicators.,2026-05-04,2026-05-01
CID-00000337,CUST-000169,National ID,government,NAT-589210811,SER-795695,1,NC,State DMV,2024-10-01,2028-06-17,True,api_validation,system_kyc,2025-04-03,active,True,False,No fraud indicators.,2025-04-02,2025-09-16
CID-00000338,CUST-000169,Passport,travel,PAS-304585526,SER-369244,1,NC,US Department of State,2014-09-26,2023-08-05,True,in_branch_review,system_kyc,2025-04-05,expired,False,False,No fraud indicators.,2025-04-01,2025-08-03
CID-00000339,CUST-000170,National ID,government,NAT-538566361,SER-774183,1,NC,State DMV,2023-12-12,2030-10-12,True,api_validation,system_kyc,2026-05-08,active,True,False,No fraud indicators.,2026-05-08,2026-05-01
CID-00000340,CUST-000170,Passport,travel,PAS-394189886,SER-281011,1,NC,US Department of State,2017-06-06,2024-06-03,True,in_branch_review,system_kyc,2026-05-10,expired,False,False,No fraud indicators.,2026-05-09,2026-05-01
CID-00000341,CUST-000171,National ID,government,NAT-748475572,SER-511997,1,GA,State DMV,2023-06-17,2031-08-14,True,api_validation,system_kyc,2025-06-18,active,True,False,No fraud indicators.,2025-06-17,2025-12-09
CID-00000342,CUST-000171,Passport,travel,PAS-942687727,SER-291448,1,GA,US Department of State,2018-12-01,2028-03-18,True,in_branch_review,system_kyc,2025-06-18,active,False,False,No fraud indicators.,2025-06-18,2025-08-29
CID-00000343,CUST-000172,National ID,government,NAT-894027072,SER-275958,1,SC,State DMV,2019-11-08,2026-08-14,True,document_scan,system_kyc,2024-06-14,active,True,False,No fraud indicators.,2024-06-14,2024-11-22
CID-00000344,CUST-000172,Passport,travel,PAS-646467892,SER-568041,1,SC,US Department of State,2023-09-12,2031-12-29,False,api_validation,manual_queue,2024-06-20,active,False,False,No fraud indicators.,2024-06-19,2024-08-10
CID-00000345,CUST-000173,National ID,government,NAT-201237928,SER-695832,1,NC,State DMV,2012-08-18,2022-02-07,True,api_validation,system_kyc,2026-02-25,expired,True,False,No fraud indicators.,2026-02-21,2026-05-01
CID-00000346,CUST-000173,Passport,travel,PAS-958482687,SER-133338,1,NC,US Department of State,2022-04-19,2032-02-25,True,in_branch_review,system_kyc,2026-02-23,active,False,False,No fraud indicators.,2026-02-19,2026-04-19
CID-00000347,CUST-000174,National ID,government,NAT-838988111,SER-928865,1,SC,State DMV,2020-06-04,2030-03-25,True,in_branch_review,system_kyc,2025-05-15,active,True,False,No fraud indicators.,2025-05-15,2025-11-02
CID-00000348,CUST-000174,Passport,travel,PAS-950446528,SER-686360,1,SC,US Department of State,2014-08-06,2020-04-26,True,in_branch_review,system_kyc,2025-05-16,expired,False,False,No fraud indicators.,2025-05-14,2025-08-27
CID-00000349,CUST-000175,National ID,government,NAT-837677956,SER-946234,1,SC,State DMV,2016-10-19,2024-03-28,True,document_scan,system_kyc,2025-06-26,expired,True,False,No fraud indicators.,2025-06-24,2025-07-13
CID-00000350,CUST-000175,Passport,travel,PAS-103870185,SER-136575,1,SC,US Department of State,2021-10-07,2027-01-24,True,in_branch_review,system_kyc,2025-06-23,active,False,False,No fraud indicators.,2025-06-22,2025-09-23
CID-00000351,CUST-000176,National ID,government,NAT-917207022,SER-819435,1,SC,State DMV,2012-11-01,2020-12-31,True,api_validation,system_kyc,2024-05-11,expired,True,False,No fraud indicators.,2024-05-11,2024-05-19
CID-00000352,CUST-000176,Passport,travel,PAS-586649431,SER-351108,1,SC,US Department of State,2023-05-23,2026-05-28,True,in_branch_review,system_kyc,2024-05-17,active,False,False,No fraud indicators.,2024-05-13,2024-11-15
CID-00000353,CUST-000177,National ID,government,NAT-849095859,SER-312546,1,FL,State DMV,2018-10-17,2023-03-17,True,api_validation,system_kyc,2026-08-28,expired,True,False,No fraud indicators.,2026-08-24,2026-05-01
CID-00000354,CUST-000177,Passport,travel,PAS-894182494,SER-195455,1,FL,US Department of State,2016-05-08,2023-10-06,True,api_validation,system_kyc,2026-08-26,expired,False,False,No fraud indicators.,2026-08-24,2026-05-01
CID-00000355,CUST-000178,National ID,government,NAT-672893738,SER-701391,1,FL,State DMV,2014-05-19,2020-03-13,True,in_branch_review,system_kyc,2024-08-06,expired,True,False,No fraud indicators.,2024-08-02,2024-09-13
CID-00000356,CUST-000178,Passport,travel,PAS-579061124,SER-973425,1,FL,US Department of State,2025-07-14,2031-09-07,True,document_scan,system_kyc,2024-08-02,active,False,False,No fraud indicators.,2024-07-29,2024-12-31
CID-00000357,CUST-000179,National ID,government,NAT-895082852,SER-542366,1,SC,State DMV,2017-05-07,2024-03-28,True,in_branch_review,system_kyc,2024-05-03,expired,True,False,No fraud indicators.,2024-05-01,2024-07-25
CID-00000358,CUST-000179,Passport,travel,PAS-254274565,SER-428358,1,SC,US Department of State,2017-02-21,2024-04-29,True,api_validation,system_kyc,2024-05-01,expired,False,False,No fraud indicators.,2024-04-29,2024-11-09
CID-00000359,CUST-000180,National ID,government,NAT-625933402,SER-350342,1,FL,State DMV,2012-10-01,2016-08-03,True,in_branch_review,system_kyc,2025-09-10,expired,True,False,No fraud indicators.,2025-09-07,2025-11-23
CID-00000360,CUST-000180,Passport,travel,PAS-951644527,SER-434348,1,FL,US Department of State,2025-03-22,2031-12-25,True,api_validation,system_kyc,2025-09-08,active,False,False,No fraud indicators.,2025-09-06,2026-03-02
CID-00000361,CUST-000181,National ID,government,NAT-499576144,SER-175497,1,GA,State DMV,2011-11-11,2019-09-27,True,document_scan,system_kyc,2025-06-23,expired,True,False,No fraud indicators.,2025-06-19,2026-01-07
CID-00000362,CUST-000181,Passport,travel,PAS-720594631,SER-777030,1,GA,US Department of State,2020-07-10,2025-11-16,True,api_validation,system_kyc,2025-06-27,expired,False,False,No fraud indicators.,2025-06-25,2025-08-09
CID-00000363,CUST-000182,National ID,government,NAT-801154252,SER-969550,1,NC,State DMV,2017-02-12,2022-06-20,True,api_validation,system_kyc,2026-04-03,expired,True,False,No fraud indicators.,2026-04-02,2026-05-01
CID-00000364,CUST-000182,Passport,travel,PAS-858766338,SER-157612,1,NC,US Department of State,2014-03-30,2020-05-20,True,in_branch_review,system_kyc,2026-04-03,expired,False,False,No fraud indicators.,2026-04-03,2026-05-01
CID-00000365,CUST-000183,National ID,government,NAT-206478083,SER-640225,1,FL,State DMV,2013-03-06,2019-01-22,True,api_validation,system_kyc,2024-06-08,expired,True,False,No fraud indicators.,2024-06-06,2024-12-26
CID-00000366,CUST-000183,Passport,travel,PAS-663589633,SER-110005,1,FL,US Department of State,2015-11-05,2022-12-19,True,document_scan,system_kyc,2024-06-07,expired,False,False,No fraud indicators.,2024-06-06,2024-12-24
CID-00000367,CUST-000184,National ID,government,NAT-632701302,SER-615789,1,GA,State DMV,2024-07-21,2033-10-17,True,api_validation,system_kyc,2024-03-03,active,True,True,Pattern match on historical compromised-document list.,2024-02-29,2024-03-24
CID-00000368,CUST-000184,Passport,travel,PAS-205918541,SER-213578,1,GA,US Department of State,2012-09-28,2016-04-26,True,in_branch_review,system_kyc,2024-03-04,expired,False,False,No fraud indicators.,2024-02-29,2024-06-25
CID-00000369,CUST-000185,National ID,government,NAT-491444129,SER-333257,1,GA,State DMV,2018-02-13,2025-07-07,True,in_branch_review,system_kyc,2025-09-20,expired,True,False,No fraud indicators.,2025-09-18,2025-12-12
CID-00000370,CUST-000185,Passport,travel,PAS-675039155,SER-902794,1,GA,US Department of State,2022-12-01,2025-12-29,True,in_branch_review,system_kyc,2025-09-29,expired,False,False,No fraud indicators.,2025-09-25,2026-02-16
CID-00000371,CUST-000186,National ID,government,NAT-355298447,SER-249014,1,FL,State DMV,2023-10-14,2033-04-03,True,in_branch_review,system_kyc,2024-08-09,active,True,False,No fraud indicators.,2024-08-05,2024-11-11
CID-00000372,CUST-000186,Passport,travel,PAS-562269477,SER-190619,1,FL,US Department of State,2013-05-30,2022-09-28,True,api_validation,system_kyc,2024-08-11,expired,False,False,No fraud indicators.,2024-08-08,2024-11-11
CID-00000373,CUST-000187,National ID,government,NAT-869117012,SER-146626,1,SC,State DMV,2012-01-24,2017-07-23,True,in_branch_review,system_kyc,2025-10-10,expired,True,False,No fraud indicators.,2025-10-09,2026-05-01
CID-00000374,CUST-000187,Passport,travel,PAS-972057170,SER-297498,1,SC,US Department of State,2021-06-27,2029-03-18,True,in_branch_review,system_kyc,2025-10-10,active,False,False,No fraud indicators.,2025-10-07,2026-03-05
CID-00000375,CUST-000188,National ID,government,NAT-707828298,SER-352174,1,SC,State DMV,2021-02-19,2028-12-30,True,api_validation,system_kyc,2024-10-10,active,True,False,No fraud indicators.,2024-10-10,2024-12-10
CID-00000376,CUST-000188,Passport,travel,PAS-841991501,SER-669139,1,SC,US Department of State,2024-09-23,2030-03-04,True,api_validation,system_kyc,2024-10-17,active,False,False,No fraud indicators.,2024-10-16,2025-04-08
CID-00000377,CUST-000189,National ID,government,NAT-945727895,SER-793910,1,FL,State DMV,2016-12-26,2021-08-15,True,api_validation,system_kyc,2024-05-15,expired,True,True,Pattern match on historical compromised-document list.,2024-05-15,2024-05-21
CID-00000378,CUST-000189,Passport,travel,PAS-287743793,SER-266635,1,FL,US Department of State,2012-08-04,2022-07-26,True,api_validation,system_kyc,2024-05-16,expired,False,False,No fraud indicators.,2024-05-14,2024-10-05
CID-00000379,CUST-000190,National ID,government,NAT-498053684,SER-737188,1,SC,State DMV,2022-04-01,2029-03-17,True,document_scan,system_kyc,2025-02-11,active,True,False,No fraud indicators.,2025-02-07,2025-03-30
CID-00000380,CUST-000190,Passport,travel,PAS-720638174,SER-540927,1,SC,US Department of State,2018-06-28,2022-05-12,True,api_validation,system_kyc,2025-02-10,expired,False,False,No fraud indicators.,2025-02-07,2025-04-25
CID-00000381,CUST-000191,National ID,government,NAT-912459386,SER-434495,1,SC,State DMV,2013-03-31,2022-05-20,True,api_validation,system_kyc,2026-01-10,expired,True,False,No fraud indicators.,2026-01-07,2026-02-12
CID-00000382,CUST-000191,Passport,travel,PAS-297085053,SER-653015,1,SC,US Department of State,2021-11-22,2026-08-31,True,api_validation,system_kyc,2026-01-01,active,False,False,No fraud indicators.,2026-01-01,2026-05-01
CID-00000383,CUST-000192,National ID,government,NAT-814541715,SER-126509,1,GA,State DMV,2016-05-12,2024-01-06,True,api_validation,system_kyc,2025-09-04,expired,True,False,No fraud indicators.,2025-09-01,2025-09-06
CID-00000384,CUST-000192,Passport,travel,PAS-337259028,SER-206843,1,GA,US Department of State,2017-10-26,2021-05-18,True,document_scan,system_kyc,2025-09-02,expired,False,False,No fraud indicators.,2025-08-30,2025-10-20
CID-00000385,CUST-000193,National ID,government,NAT-691400648,SER-460258,1,GA,State DMV,2024-11-03,2031-11-04,True,document_scan,system_kyc,2026-08-22,active,True,False,No fraud indicators.,2026-08-18,2026-05-01
CID-00000386,CUST-000193,Passport,travel,PAS-370868631,SER-879289,1,GA,US Department of State,2012-01-12,2020-05-24,True,api_validation,system_kyc,2026-08-20,expired,False,False,No fraud indicators.,2026-08-17,2026-05-01
CID-00000387,CUST-000194,National ID,government,NAT-462555319,SER-154048,1,NC,State DMV,2014-10-31,2020-02-10,True,api_validation,system_kyc,2025-11-15,expired,True,False,No fraud indicators.,2025-11-15,2025-11-26
CID-00000388,CUST-000194,Passport,travel,PAS-808367833,SER-737479,1,NC,US Department of State,2019-12-16,2026-02-07,True,api_validation,system_kyc,2025-11-20,expired,False,False,No fraud indicators.,2025-11-17,2026-03-02
CID-00000389,CUST-000195,National ID,government,NAT-251640960,SER-455569,1,FL,State DMV,2014-07-02,2023-06-18,True,api_validation,system_kyc,2025-04-01,expired,True,False,No fraud indicators.,2025-03-30,2025-08-27
CID-00000390,CUST-000195,Passport,travel,PAS-895311776,SER-315975,1,FL,US Department of State,2023-09-22,2028-11-24,True,api_validation,system_kyc,2025-03-29,active,False,False,No fraud indicators.,2025-03-27,2025-08-30
CID-00000391,CUST-000196,National ID,government,NAT-145175384,SER-919148,1,SC,State DMV,2024-04-27,2029-04-07,True,document_scan,system_kyc,2026-09-25,active,True,False,No fraud indicators.,2026-09-23,2026-05-01
CID-00000392,CUST-000196,Passport,travel,PAS-852392299,SER-704291,1,SC,US Department of State,2012-11-16,2019-07-04,True,in_branch_review,system_kyc,2026-10-04,expired,False,False,No fraud indicators.,2026-10-01,2026-05-01
CID-00000393,CUST-000197,National ID,government,NAT-108905902,SER-971488,1,FL,State DMV,2022-11-12,2029-01-12,True,document_scan,system_kyc,2025-10-28,active,True,False,No fraud indicators.,2025-10-24,2026-01-09
CID-00000394,CUST-000197,Passport,travel,PAS-442575349,SER-138167,1,FL,US Department of State,2020-12-20,2028-09-29,True,in_branch_review,system_kyc,2025-11-02,active,False,False,No fraud indicators.,2025-10-30,2026-01-05
CID-00000395,CUST-000198,National ID,government,NAT-574417560,SER-820962,1,GA,State DMV,2012-08-30,2017-12-14,True,document_scan,system_kyc,2025-01-08,expired,True,False,No fraud indicators.,2025-01-08,2025-05-16
CID-00000396,CUST-000198,Passport,travel,PAS-679231449,SER-238173,1,GA,US Department of State,2025-09-19,2032-06-07,True,document_scan,system_kyc,2025-01-09,active,False,False,No fraud indicators.,2025-01-08,2025-03-15
CID-00000397,CUST-000199,National ID,government,NAT-210845753,SER-652066,1,FL,State DMV,2014-06-30,2019-05-22,True,document_scan,system_kyc,2025-07-22,expired,True,False,No fraud indicators.,2025-07-18,2026-02-07
CID-00000398,CUST-000199,Passport,travel,PAS-329772427,SER-979542,1,FL,US Department of State,2016-09-13,2023-11-23,True,api_validation,system_kyc,2025-07-30,expired,False,False,No fraud indicators.,2025-07-27,2026-01-17
CID-00000399,CUST-000200,National ID,government,NAT-565620776,SER-133951,1,GA,State DMV,2020-04-17,2028-04-07,True,document_scan,system_kyc,2026-07-09,active,True,False,No fraud indicators.,2026-07-07,2026-05-01
CID-00000400,CUST-000200,Passport,travel,PAS-809239010,SER-831470,1,GA,US Department of State,2012-08-20,2018-08-28,True,in_branch_review,system_kyc,2026-07-01,expired,False,False,No fraud indicators.,2026-06-29,2026-05-01
CID-00000401,CUST-000201,National ID,government,NAT-698753864,SER-372385,1,SC,State DMV,2020-06-28,2028-04-21,True,in_branch_review,system_kyc,2024-12-15,active,True,False,No fraud indicators.,2024-12-15,2025-03-24
CID-00000402,CUST-000201,Passport,travel,PAS-176709634,SER-574913,1,SC,US Department of State,2019-01-17,2026-11-30,False,document_scan,manual_queue,2024-12-21,active,False,False,No fraud indicators.,2024-12-18,2025-03-22
CID-00000403,CUST-000202,National ID,government,NAT-628828538,SER-390674,1,SC,State DMV,2021-04-07,2025-10-11,True,api_validation,system_kyc,2024-05-11,expired,True,False,No fraud indicators.,2024-05-07,2024-05-29
CID-00000404,CUST-000202,Passport,travel,PAS-872237199,SER-167337,1,SC,US Department of State,2014-12-07,2019-03-15,True,in_branch_review,system_kyc,2024-05-11,expired,False,False,No fraud indicators.,2024-05-08,2024-07-31
CID-00000405,CUST-000203,National ID,government,NAT-690959840,SER-517882,1,NC,State DMV,2012-11-19,2022-10-24,True,api_validation,system_kyc,2025-10-24,expired,True,False,No fraud indicators.,2025-10-22,2026-01-03
CID-00000406,CUST-000203,Passport,travel,PAS-505792126,SER-707169,1,NC,US Department of State,2018-04-18,2023-06-10,True,api_validation,system_kyc,2025-10-23,expired,False,False,No fraud indicators.,2025-10-23,2026-03-15
CID-00000407,CUST-000204,National ID,government,NAT-665499010,SER-278530,1,FL,State DMV,2017-11-12,2027-09-25,True,api_validation,system_kyc,2024-11-25,active,True,False,No fraud indicators.,2024-11-25,2024-12-29
CID-00000408,CUST-000204,Passport,travel,PAS-423035253,SER-603346,1,FL,US Department of State,2015-06-21,2022-09-25,True,document_scan,system_kyc,2024-12-02,expired,False,False,No fraud indicators.,2024-11-28,2025-06-16
CID-00000409,CUST-000205,National ID,government,NAT-762612936,SER-762486,1,FL,State DMV,2025-02-24,2034-11-29,True,api_validation,system_kyc,2026-05-24,active,True,False,No fraud indicators.,2026-05-22,2026-05-01
CID-00000410,CUST-000205,Passport,travel,PAS-835681868,SER-430440,1,FL,US Department of State,2023-02-04,2026-03-04,True,document_scan,system_kyc,2026-05-25,expired,False,False,No fraud indicators.,2026-05-23,2026-05-01
CID-00000411,CUST-000206,National ID,government,NAT-649767224,SER-878878,1,NC,State DMV,2016-04-17,2021-10-21,True,in_branch_review,system_kyc,2024-05-14,expired,True,False,No fraud indicators.,2024-05-14,2024-06-18
CID-00000412,CUST-000206,Passport,travel,PAS-785435507,SER-851323,1,NC,US Department of State,2012-03-28,2022-02-07,True,in_branch_review,system_kyc,2024-05-13,expired,False,False,No fraud indicators.,2024-05-10,2024-06-24
CID-00000413,CUST-000207,National ID,government,NAT-854459430,SER-718721,1,SC,State DMV,2013-09-14,2021-09-07,True,api_validation,system_kyc,2024-10-23,expired,True,False,No fraud indicators.,2024-10-19,2024-11-02
CID-00000414,CUST-000207,Passport,travel,PAS-385506012,SER-489879,1,SC,US Department of State,2024-12-13,2029-01-31,True,api_validation,system_kyc,2024-10-16,active,False,False,No fraud indicators.,2024-10-16,2025-02-17
CID-00000415,CUST-000208,National ID,government,NAT-230560430,SER-297899,1,GA,State DMV,2024-03-10,2031-09-06,True,api_validation,system_kyc,2024-07-27,active,True,False,No fraud indicators.,2024-07-26,2025-01-02
CID-00000416,CUST-000208,Passport,travel,PAS-638470685,SER-702317,1,GA,US Department of State,2012-06-18,2017-06-17,True,document_scan,system_kyc,2024-08-01,expired,False,False,No fraud indicators.,2024-07-31,2024-12-23
CID-00000417,CUST-000209,National ID,government,NAT-994133128,SER-998802,1,GA,State DMV,2023-10-05,2029-10-22,True,document_scan,system_kyc,2025-12-09,active,True,False,No fraud indicators.,2025-12-05,2026-01-02
CID-00000418,CUST-000209,Passport,travel,PAS-811387860,SER-270661,1,GA,US Department of State,2015-04-13,2020-09-21,True,in_branch_review,system_kyc,2025-12-11,expired,False,False,No fraud indicators.,2025-12-08,2026-03-24
CID-00000419,CUST-000210,National ID,government,NAT-202292276,SER-112666,1,GA,State DMV,2013-08-22,2016-09-29,True,document_scan,system_kyc,2024-09-26,expired,True,False,No fraud indicators.,2024-09-22,2025-03-23
CID-00000420,CUST-000210,Passport,travel,PAS-957270348,SER-379180,1,GA,US Department of State,2012-11-02,2019-01-20,True,document_scan,system_kyc,2024-09-18,expired,False,False,No fraud indicators.,2024-09-16,2024-12-29
CID-00000421,CUST-000211,National ID,government,NAT-877815147,SER-373750,1,GA,State DMV,2024-04-15,2031-04-27,True,api_validation,system_kyc,2026-09-17,active,True,False,No fraud indicators.,2026-09-15,2026-05-01
CID-00000422,CUST-000211,Passport,travel,PAS-302821090,SER-879056,1,GA,US Department of State,2019-11-06,2029-05-21,True,in_branch_review,system_kyc,2026-09-14,active,False,False,No fraud indicators.,2026-09-10,2026-05-01
CID-00000423,CUST-000212,National ID,government,NAT-753453251,SER-372113,1,GA,State DMV,2012-11-22,2021-03-31,True,document_scan,system_kyc,2024-01-31,expired,True,False,No fraud indicators.,2024-01-28,2024-02-20
CID-00000424,CUST-000212,Passport,travel,PAS-515609922,SER-229051,1,GA,US Department of State,2024-03-21,2032-08-31,True,in_branch_review,system_kyc,2024-02-03,active,False,False,No fraud indicators.,2024-01-30,2024-08-01
CID-00000425,CUST-000213,National ID,government,NAT-279293351,SER-652556,1,FL,State DMV,2021-06-28,2031-04-13,True,document_scan,system_kyc,2025-09-07,active,True,False,No fraud indicators.,2025-09-04,2025-09-12
CID-00000426,CUST-000213,Passport,travel,PAS-261410654,SER-884498,1,FL,US Department of State,2023-04-15,2028-08-12,True,in_branch_review,system_kyc,2025-09-14,active,False,False,No fraud indicators.,2025-09-10,2026-02-10
CID-00000427,CUST-000214,National ID,government,NAT-578032870,SER-972512,1,FL,State DMV,2015-12-15,2025-05-13,True,api_validation,system_kyc,2026-05-17,expired,True,False,No fraud indicators.,2026-05-14,2026-05-01
CID-00000428,CUST-000214,Passport,travel,PAS-750587098,SER-890270,1,FL,US Department of State,2024-11-23,2028-02-17,True,in_branch_review,system_kyc,2026-05-16,active,False,False,No fraud indicators.,2026-05-15,2026-05-01
CID-00000429,CUST-000215,National ID,government,NAT-954434261,SER-140750,1,GA,State DMV,2012-02-26,2016-04-18,True,in_branch_review,system_kyc,2025-05-13,expired,True,False,No fraud indicators.,2025-05-10,2025-06-08
CID-00000430,CUST-000215,Passport,travel,PAS-706441759,SER-343359,1,GA,US Department of State,2016-08-20,2024-11-04,True,document_scan,system_kyc,2025-05-13,expired,False,False,No fraud indicators.,2025-05-13,2025-10-24
CID-00000431,CUST-000216,National ID,government,NAT-230576043,SER-556541,1,FL,State DMV,2012-08-18,2020-11-05,True,api_validation,system_kyc,2024-09-09,expired,True,False,No fraud indicators.,2024-09-07,2025-02-28
CID-00000432,CUST-000216,Passport,travel,PAS-439309389,SER-518426,1,FL,US Department of State,2022-11-13,2027-12-18,True,in_branch_review,system_kyc,2024-09-08,active,False,False,No fraud indicators.,2024-09-07,2025-02-20
CID-00000433,CUST-000217,National ID,government,NAT-689670535,SER-891863,1,SC,State DMV,2025-08-12,2034-09-25,True,in_branch_review,system_kyc,2026-05-05,active,True,False,No fraud indicators.,2026-05-04,2026-05-01
CID-00000434,CUST-000217,Passport,travel,PAS-153762661,SER-480522,1,SC,US Department of State,2025-03-02,2031-09-29,True,api_validation,system_kyc,2026-05-04,active,False,False,No fraud indicators.,2026-05-04,2026-05-01
CID-00000435,CUST-000218,National ID,government,NAT-914939786,SER-823209,1,FL,State DMV,2016-12-20,2026-02-24,True,api_validation,system_kyc,2026-02-12,expired,True,False,No fraud indicators.,2026-02-11,2026-05-01
CID-00000436,CUST-000218,Passport,travel,PAS-939127219,SER-737669,1,FL,US Department of State,2012-06-22,2022-03-11,True,in_branch_review,system_kyc,2026-02-11,expired,False,False,No fraud indicators.,2026-02-10,2026-05-01
CID-00000437,CUST-000219,National ID,government,NAT-425210603,SER-323481,1,GA,State DMV,2018-02-20,2021-02-19,True,document_scan,system_kyc,2025-04-08,expired,True,False,No fraud indicators.,2025-04-05,2025-06-02
CID-00000438,CUST-000219,Passport,travel,PAS-761178331,SER-833512,1,GA,US Department of State,2025-01-10,2034-01-09,True,in_branch_review,system_kyc,2025-04-05,active,False,False,No fraud indicators.,2025-04-03,2025-09-02
CID-00000439,CUST-000220,National ID,government,NAT-480426157,SER-602169,1,GA,State DMV,2013-01-04,2016-08-28,True,document_scan,system_kyc,2024-10-23,expired,True,False,No fraud indicators.,2024-10-21,2024-11-06
CID-00000440,CUST-000220,Passport,travel,PAS-696678641,SER-684777,1,GA,US Department of State,2022-09-24,2026-09-01,True,api_validation,system_kyc,2024-10-26,active,False,False,No fraud indicators.,2024-10-24,2025-02-03
CID-00000441,CUST-000221,National ID,government,NAT-139006416,SER-709180,1,SC,State DMV,2018-07-18,2024-10-11,True,in_branch_review,system_kyc,2025-02-16,expired,True,False,No fraud indicators.,2025-02-16,2025-05-06
CID-00000442,CUST-000221,Passport,travel,PAS-336167589,SER-105083,1,SC,US Department of State,2015-07-24,2019-11-17,True,api_validation,system_kyc,2025-02-17,expired,False,False,No fraud indicators.,2025-02-15,2025-08-20
CID-00000443,CUST-000222,National ID,government,NAT-110898359,SER-275600,1,SC,State DMV,2019-12-10,2025-05-14,True,document_scan,system_kyc,2026-05-18,expired,True,False,No fraud indicators.,2026-05-14,2026-05-01
CID-00000444,CUST-000222,Passport,travel,PAS-419914641,SER-849356,1,SC,US Department of State,2017-06-21,2023-08-17,True,document_scan,system_kyc,2026-05-17,expired,False,False,No fraud indicators.,2026-05-16,2026-05-01
CID-00000445,CUST-000223,National ID,government,NAT-788902283,SER-825275,1,NC,State DMV,2018-07-18,2025-08-16,True,api_validation,system_kyc,2024-12-06,expired,True,False,No fraud indicators.,2024-12-05,2025-03-23
CID-00000446,CUST-000223,Passport,travel,PAS-608638848,SER-691352,1,NC,US Department of State,2012-08-09,2016-04-16,True,api_validation,system_kyc,2024-12-14,expired,False,False,No fraud indicators.,2024-12-11,2025-03-17
CID-00000447,CUST-000224,National ID,government,NAT-395235533,SER-996313,1,NC,State DMV,2012-09-17,2017-05-03,True,in_branch_review,system_kyc,2024-05-19,expired,True,False,No fraud indicators.,2024-05-18,2024-09-27
CID-00000448,CUST-000224,Passport,travel,PAS-654212628,SER-675139,1,NC,US Department of State,2013-05-29,2016-09-30,True,document_scan,system_kyc,2024-05-27,expired,False,False,No fraud indicators.,2024-05-26,2024-08-11
CID-00000449,CUST-000225,National ID,government,NAT-861529345,SER-637815,1,NC,State DMV,2012-08-03,2016-10-04,True,document_scan,system_kyc,2025-02-06,expired,True,False,No fraud indicators.,2025-02-04,2025-04-03
CID-00000450,CUST-000225,Passport,travel,PAS-790386272,SER-653199,1,NC,US Department of State,2022-06-07,2031-08-20,True,document_scan,system_kyc,2025-02-04,active,False,False,No fraud indicators.,2025-02-01,2025-06-16
CID-00000451,CUST-000226,National ID,government,NAT-254541844,SER-377698,1,FL,State DMV,2014-07-07,2022-12-16,True,api_validation,system_kyc,2024-06-08,expired,True,False,No fraud indicators.,2024-06-05,2024-08-15
CID-00000452,CUST-000226,Passport,travel,PAS-564448084,SER-588134,1,FL,US Department of State,2013-08-09,2020-08-22,True,document_scan,system_kyc,2024-06-04,expired,False,False,No fraud indicators.,2024-06-04,2024-11-04
CID-00000453,CUST-000227,National ID,government,NAT-290637787,SER-476262,1,FL,State DMV,2015-10-15,2023-09-22,True,document_scan,system_kyc,2026-08-01,expired,True,False,No fraud indicators.,2026-07-30,2026-05-01
CID-00000454,CUST-000227,Passport,travel,PAS-339518165,SER-109431,1,FL,US Department of State,2021-10-02,2026-08-31,True,document_scan,system_kyc,2026-08-06,active,False,False,No fraud indicators.,2026-08-03,2026-05-01
CID-00000455,CUST-000228,National ID,government,NAT-118826226,SER-605712,1,FL,State DMV,2022-09-28,2029-10-18,True,document_scan,system_kyc,2024-05-21,active,True,False,No fraud indicators.,2024-05-18,2024-08-18
CID-00000456,CUST-000228,Passport,travel,PAS-681696442,SER-254356,1,FL,US Department of State,2023-07-29,2029-12-27,True,in_branch_review,system_kyc,2024-05-27,active,False,False,No fraud indicators.,2024-05-26,2024-09-05
CID-00000457,CUST-000229,National ID,government,NAT-891825683,SER-136245,1,SC,State DMV,2023-12-15,2033-03-23,True,document_scan,system_kyc,2026-06-11,active,True,False,No fraud indicators.,2026-06-11,2026-05-01
CID-00000458,CUST-000229,Passport,travel,PAS-908585391,SER-413241,1,SC,US Department of State,2020-04-25,2027-07-29,True,api_validation,system_kyc,2026-06-16,active,False,False,No fraud indicators.,2026-06-15,2026-05-01
CID-00000459,CUST-000230,National ID,government,NAT-706792734,SER-332974,1,GA,State DMV,2020-12-07,2028-12-02,True,in_branch_review,system_kyc,2026-04-24,active,True,False,No fraud indicators.,2026-04-21,2026-05-01
CID-00000460,CUST-000230,Passport,travel,PAS-711278409,SER-798472,1,GA,US Department of State,2017-05-29,2021-05-11,True,document_scan,system_kyc,2026-04-22,expired,False,False,No fraud indicators.,2026-04-21,2026-05-01
CID-00000461,CUST-000231,National ID,government,NAT-254998165,SER-444963,1,GA,State DMV,2015-01-17,2020-12-04,True,document_scan,system_kyc,2025-07-19,expired,True,False,No fraud indicators.,2025-07-16,2026-01-27
CID-00000462,CUST-000231,Passport,travel,PAS-579679327,SER-511906,1,GA,US Department of State,2014-11-23,2018-01-18,True,in_branch_review,system_kyc,2025-07-13,expired,False,False,No fraud indicators.,2025-07-09,2025-12-25
CID-00000463,CUST-000232,National ID,government,NAT-649229098,SER-911914,1,SC,State DMV,2017-07-11,2023-08-14,True,in_branch_review,system_kyc,2025-11-21,expired,True,False,No fraud indicators.,2025-11-21,2026-02-25
CID-00000464,CUST-000232,Passport,travel,PAS-257290367,SER-924800,1,SC,US Department of State,2011-09-28,2015-04-24,True,document_scan,system_kyc,2025-11-25,expired,False,False,No fraud indicators.,2025-11-24,2025-12-10
CID-00000465,CUST-000233,National ID,government,NAT-506412318,SER-538087,1,NC,State DMV,2021-01-07,2029-07-09,True,in_branch_review,system_kyc,2026-10-01,active,True,False,No fraud indicators.,2026-10-01,2026-05-01
CID-00000466,CUST-000233,Passport,travel,PAS-145572307,SER-390954,1,NC,US Department of State,2023-06-15,2027-02-14,True,api_validation,system_kyc,2026-10-06,active,False,False,No fraud indicators.,2026-10-04,2026-05-01
CID-00000467,CUST-000234,National ID,government,NAT-705293190,SER-355049,1,NC,State DMV,2022-03-04,2025-09-19,True,document_scan,system_kyc,2024-04-12,expired,True,False,No fraud indicators.,2024-04-08,2024-07-24
CID-00000468,CUST-000234,Passport,travel,PAS-166110245,SER-756679,1,NC,US Department of State,2014-11-04,2020-10-05,True,api_validation,system_kyc,2024-04-08,expired,False,False,No fraud indicators.,2024-04-06,2024-06-22
CID-00000469,CUST-000235,National ID,government,NAT-740559813,SER-636417,1,SC,State DMV,2022-11-12,2026-11-27,True,in_branch_review,system_kyc,2024-11-21,active,True,False,No fraud indicators.,2024-11-18,2025-01-05
CID-00000470,CUST-000235,Passport,travel,PAS-609376523,SER-298541,1,SC,US Department of State,2023-07-01,2032-05-18,True,api_validation,system_kyc,2024-11-26,active,False,False,No fraud indicators.,2024-11-23,2025-02-13
CID-00000471,CUST-000236,National ID,government,NAT-677810749,SER-825989,1,NC,State DMV,2017-12-21,2025-03-14,True,api_validation,system_kyc,2024-02-27,expired,True,False,No fraud indicators.,2024-02-24,2024-09-15
CID-00000472,CUST-000236,Passport,travel,PAS-863230153,SER-690044,1,NC,US Department of State,2022-02-03,2030-11-11,True,api_validation,system_kyc,2024-02-29,active,False,False,No fraud indicators.,2024-02-29,2024-06-14
CID-00000473,CUST-000237,National ID,government,NAT-887483040,SER-238405,1,SC,State DMV,2011-08-01,2015-08-10,True,in_branch_review,system_kyc,2026-03-03,expired,True,False,No fraud indicators.,2026-03-03,2026-05-01
CID-00000474,CUST-000237,Passport,travel,PAS-192526518,SER-197699,1,SC,US Department of State,2026-02-14,2029-11-29,True,document_scan,system_kyc,2026-03-07,active,False,False,No fraud indicators.,2026-03-03,2026-05-01
CID-00000475,CUST-000238,National ID,government,NAT-958223150,SER-681318,1,FL,State DMV,2020-05-01,2028-12-21,True,in_branch_review,system_kyc,2025-03-04,active,True,False,No fraud indicators.,2025-03-03,2025-05-14
CID-00000476,CUST-000238,Passport,travel,PAS-916904602,SER-491948,1,FL,US Department of State,2016-04-05,2022-05-07,True,api_validation,system_kyc,2025-02-27,expired,False,False,No fraud indicators.,2025-02-26,2025-08-25
CID-00000477,CUST-000239,National ID,government,NAT-942118817,SER-869560,1,GA,State DMV,2024-08-30,2033-03-27,True,document_scan,system_kyc,2026-03-19,active,True,False,No fraud indicators.,2026-03-18,2026-05-01
CID-00000478,CUST-000239,Passport,travel,PAS-447261872,SER-328798,1,GA,US Department of State,2024-10-11,2034-06-02,True,api_validation,system_kyc,2026-03-25,active,False,False,No fraud indicators.,2026-03-22,2026-05-01
CID-00000479,CUST-000240,National ID,government,NAT-739414266,SER-260188,1,NC,State DMV,2018-04-17,2022-11-11,True,api_validation,system_kyc,2026-06-23,expired,True,False,No fraud indicators.,2026-06-21,2026-05-01
CID-00000480,CUST-000240,Passport,travel,PAS-680910372,SER-452492,1,NC,US Department of State,2014-07-16,2023-08-08,True,api_validation,system_kyc,2026-06-23,expired,False,False,No fraud indicators.,2026-06-23,2026-05-01
CID-00000481,CUST-000241,National ID,government,NAT-624226615,SER-250611,1,FL,State DMV,2023-04-09,2031-11-09,True,api_validation,system_kyc,2024-04-12,active,True,False,No fraud indicators.,2024-04-10,2024-04-28
CID-00000482,CUST-000241,Passport,travel,PAS-863446890,SER-288412,1,FL,US Department of State,2017-10-14,2021-06-09,True,api_validation,system_kyc,2024-04-17,expired,False,False,No fraud indicators.,2024-04-15,2024-11-16
CID-00000483,CUST-000242,National ID,government,NAT-426491830,SER-836713,1,SC,State DMV,2025-05-21,2032-01-01,True,api_validation,system_kyc,2024-03-15,active,True,False,No fraud indicators.,2024-03-15,2024-09-22
CID-00000484,CUST-000242,Passport,travel,PAS-824489592,SER-258817,1,SC,US Department of State,2024-06-15,2033-11-09,True,in_branch_review,system_kyc,2024-03-11,active,False,False,No fraud indicators.,2024-03-09,2024-08-08
CID-00000485,CUST-000243,National ID,government,NAT-968787854,SER-508172,1,NC,State DMV,2018-11-03,2023-04-05,True,in_branch_review,system_kyc,2025-03-20,expired,True,False,No fraud indicators.,2025-03-20,2025-07-03
CID-00000486,CUST-000243,Passport,travel,PAS-528829970,SER-662975,1,NC,US Department of State,2011-08-25,2020-11-10,True,document_scan,system_kyc,2025-03-24,expired,False,False,No fraud indicators.,2025-03-22,2025-04-27
CID-00000487,CUST-000244,National ID,government,NAT-592840721,SER-591933,1,SC,State DMV,2019-09-28,2027-06-23,True,api_validation,system_kyc,2025-10-24,active,True,False,No fraud indicators.,2025-10-23,2026-04-17
CID-00000488,CUST-000244,Passport,travel,PAS-459898781,SER-792452,1,SC,US Department of State,2016-03-10,2021-11-15,True,document_scan,system_kyc,2025-10-23,expired,False,False,No fraud indicators.,2025-10-23,2026-04-25
CID-00000489,CUST-000245,National ID,government,NAT-699813507,SER-815867,1,NC,State DMV,2014-01-28,2018-03-07,True,in_branch_review,system_kyc,2024-06-02,expired,True,False,No fraud indicators.,2024-06-01,2024-11-26
CID-00000490,CUST-000245,Passport,travel,PAS-134321168,SER-297714,1,NC,US Department of State,2019-11-22,2024-01-21,True,document_scan,system_kyc,2024-06-09,expired,False,False,No fraud indicators.,2024-06-05,2024-10-30
CID-00000491,CUST-000246,National ID,government,NAT-202051438,SER-686531,1,GA,State DMV,2020-10-09,2025-06-19,True,document_scan,system_kyc,2025-06-30,expired,True,False,No fraud indicators.,2025-06-28,2025-11-27
CID-00000492,CUST-000246,Passport,travel,PAS-811790817,SER-430454,1,GA,US Department of State,2018-03-17,2027-12-21,True,api_validation,system_kyc,2025-06-28,active,False,False,No fraud indicators.,2025-06-27,2025-12-27
CID-00000493,CUST-000247,National ID,government,NAT-750920299,SER-931513,1,SC,State DMV,2026-02-08,2033-05-20,True,api_validation,system_kyc,2025-02-09,active,True,False,No fraud indicators.,2025-02-09,2025-02-23
CID-00000494,CUST-000247,Passport,travel,PAS-348253945,SER-819058,1,SC,US Department of State,2017-12-03,2023-01-25,True,in_branch_review,system_kyc,2025-02-04,expired,False,False,No fraud indicators.,2025-02-04,2025-03-27
CID-00000495,CUST-000248,National ID,government,NAT-170271779,SER-478721,1,SC,State DMV,2018-08-31,2025-10-20,True,in_branch_review,system_kyc,2026-01-30,expired,True,False,No fraud indicators.,2026-01-30,2026-05-01
CID-00000496,CUST-000248,Passport,travel,PAS-308191198,SER-607946,1,SC,US Department of State,2023-01-23,2030-12-03,True,api_validation,system_kyc,2026-01-27,active,False,False,No fraud indicators.,2026-01-25,2026-05-01
CID-00000497,CUST-000249,National ID,government,NAT-658544493,SER-950380,1,GA,State DMV,2012-03-05,2020-01-14,True,in_branch_review,system_kyc,2026-01-27,expired,True,False,No fraud indicators.,2026-01-25,2026-05-01
CID-00000498,CUST-000249,Passport,travel,PAS-456014064,SER-965312,1,GA,US Department of State,2012-01-11,2016-07-31,True,in_branch_review,system_kyc,2026-01-31,expired,False,False,No fraud indicators.,2026-01-27,2026-03-04
CID-00000499,CUST-000250,National ID,government,NAT-935760171,SER-292896,1,SC,State DMV,2015-12-26,2022-05-28,True,in_branch_review,system_kyc,2024-08-21,expired,True,False,No fraud indicators.,2024-08-17,2024-09-24
CID-00000500,CUST-000250,Passport,travel,PAS-275746869,SER-232384,1,SC,US Department of State,2020-04-12,2028-10-30,True,api_validation,system_kyc,2024-08-18,active,False,False,No fraud indicators.,2024-08-15,2024-10-11
CID-00000501,CUST-000251,National ID,government,NAT-526008677,SER-275905,1,FL,State DMV,2013-02-06,2022-05-01,True,document_scan,system_kyc,2024-05-03,expired,True,False,No fraud indicators.,2024-05-01,2024-07-20
CID-00000502,CUST-000251,Passport,travel,PAS-769368821,SER-704143,1,FL,US Department of State,2014-03-27,2017-08-14,True,api_validation,system_kyc,2024-05-07,expired,False,False,No fraud indicators.,2024-05-05,2024-07-10
CID-00000503,CUST-000252,National ID,government,NAT-551178265,SER-138287,1,NC,State DMV,2017-01-11,2023-05-31,True,document_scan,system_kyc,2024-07-04,expired,True,False,No fraud indicators.,2024-07-03,2025-01-26
CID-00000504,CUST-000252,Passport,travel,PAS-933464158,SER-640346,1,NC,US Department of State,2019-09-22,2024-02-29,True,in_branch_review,system_kyc,2024-06-30,expired,False,False,No fraud indicators.,2024-06-27,2024-11-22
CID-00000505,CUST-000253,National ID,government,NAT-935389934,SER-258614,1,GA,State DMV,2025-12-02,2032-11-15,True,document_scan,system_kyc,2026-09-26,active,True,False,No fraud indicators.,2026-09-25,2026-05-01
CID-00000506,CUST-000253,Passport,travel,PAS-846197904,SER-776387,1,GA,US Department of State,2012-05-20,2017-05-25,True,api_validation,system_kyc,2026-09-26,expired,False,False,No fraud indicators.,2026-09-24,2026-05-01
CID-00000507,CUST-000254,National ID,government,NAT-968113177,SER-433687,1,NC,State DMV,2025-04-28,2029-02-21,True,api_validation,system_kyc,2025-03-26,active,True,False,No fraud indicators.,2025-03-26,2025-05-29
CID-00000508,CUST-000254,Passport,travel,PAS-454300778,SER-873653,1,NC,US Department of State,2020-08-26,2028-04-12,True,in_branch_review,system_kyc,2025-04-05,active,False,False,No fraud indicators.,2025-04-02,2025-06-08
CID-00000509,CUST-000255,National ID,government,NAT-131624803,SER-707645,1,FL,State DMV,2016-01-07,2023-11-04,True,document_scan,system_kyc,2026-09-16,expired,True,False,No fraud indicators.,2026-09-13,2026-05-01
CID-00000510,CUST-000255,Passport,travel,PAS-668976977,SER-550923,1,FL,US Department of State,2015-06-07,2021-05-24,True,in_branch_review,system_kyc,2026-09-10,expired,False,False,No fraud indicators.,2026-09-10,2026-05-01
CID-00000511,CUST-000256,National ID,government,NAT-396041364,SER-383552,1,GA,State DMV,2014-02-01,2020-06-06,True,api_validation,system_kyc,2024-08-17,expired,True,False,No fraud indicators.,2024-08-15,2024-11-20
CID-00000512,CUST-000256,Passport,travel,PAS-761749749,SER-896026,1,GA,US Department of State,2016-01-05,2024-03-31,True,document_scan,system_kyc,2024-08-19,expired,False,False,No fraud indicators.,2024-08-16,2024-11-21
CID-00000513,CUST-000257,National ID,government,NAT-324726985,SER-660587,1,SC,State DMV,2015-03-21,2021-07-05,True,in_branch_review,system_kyc,2026-01-15,expired,True,False,No fraud indicators.,2026-01-12,2026-05-01
CID-00000514,CUST-000257,Passport,travel,PAS-418859154,SER-962934,1,SC,US Department of State,2022-04-07,2025-11-23,True,in_branch_review,system_kyc,2026-01-09,expired,False,False,No fraud indicators.,2026-01-09,2026-01-17
CID-00000515,CUST-000258,National ID,government,NAT-208146179,SER-313226,1,GA,State DMV,2024-08-21,2028-01-19,True,api_validation,system_kyc,2025-07-18,active,True,False,No fraud indicators.,2025-07-16,2025-09-23
CID-00000516,CUST-000258,Passport,travel,PAS-163813927,SER-543778,1,GA,US Department of State,2023-05-19,2027-06-14,True,api_validation,system_kyc,2025-07-13,active,False,False,No fraud indicators.,2025-07-13,2025-08-21
CID-00000517,CUST-000259,National ID,government,NAT-947090289,SER-288647,1,SC,State DMV,2014-04-21,2018-08-08,True,in_branch_review,system_kyc,2024-01-30,expired,True,False,No fraud indicators.,2024-01-29,2024-04-08
CID-00000518,CUST-000259,Passport,travel,PAS-199055326,SER-998871,1,SC,US Department of State,2019-10-13,2024-08-08,True,document_scan,system_kyc,2024-02-01,expired,False,False,No fraud indicators.,2024-01-31,2024-04-23
CID-00000519,CUST-000260,National ID,government,NAT-710806530,SER-980641,1,SC,State DMV,2013-07-08,2017-03-27,True,in_branch_review,system_kyc,2025-05-03,expired,True,False,No fraud indicators.,2025-05-03,2025-05-22
CID-00000520,CUST-000260,Passport,travel,PAS-978835717,SER-904671,1,SC,US Department of State,2024-05-05,2033-07-05,True,api_validation,system_kyc,2025-05-11,active,False,False,No fraud indicators.,2025-05-09,2025-11-15
CID-00000521,CUST-000261,National ID,government,NAT-248677660,SER-533136,1,SC,State DMV,2023-04-25,2027-03-06,True,api_validation,system_kyc,2026-02-05,active,True,False,No fraud indicators.,2026-02-02,2026-03-24
CID-00000522,CUST-000261,Passport,travel,PAS-182666241,SER-577434,1,SC,US Department of State,2013-09-05,2017-10-06,True,api_validation,system_kyc,2026-02-12,expired,False,False,No fraud indicators.,2026-02-08,2026-05-01
CID-00000523,CUST-000262,National ID,government,NAT-276598268,SER-646548,1,NC,State DMV,2011-11-15,2018-06-13,True,document_scan,system_kyc,2025-01-30,expired,True,False,No fraud indicators.,2025-01-26,2025-02-23
CID-00000524,CUST-000262,Passport,travel,PAS-322078955,SER-313265,1,NC,US Department of State,2013-09-10,2023-07-19,True,document_scan,system_kyc,2025-01-29,expired,False,False,No fraud indicators.,2025-01-26,2025-07-24
CID-00000525,CUST-000263,National ID,government,NAT-373411421,SER-638130,1,NC,State DMV,2020-10-05,2028-06-17,True,api_validation,system_kyc,2024-11-18,active,True,False,No fraud indicators.,2024-11-18,2025-04-09
CID-00000526,CUST-000263,Passport,travel,PAS-520946311,SER-760329,1,NC,US Department of State,2024-04-04,2030-11-27,True,document_scan,system_kyc,2024-11-17,active,False,False,No fraud indicators.,2024-11-15,2025-05-08
CID-00000527,CUST-000264,National ID,government,NAT-517903890,SER-394236,1,GA,State DMV,2012-03-29,2020-10-02,True,document_scan,system_kyc,2025-11-17,expired,True,False,No fraud indicators.,2025-11-14,2026-01-16
CID-00000528,CUST-000264,Passport,travel,PAS-379416461,SER-619617,1,GA,US Department of State,2012-06-23,2022-04-17,True,api_validation,system_kyc,2025-11-19,expired,False,False,No fraud indicators.,2025-11-19,2026-05-01
CID-00000529,CUST-000265,National ID,government,NAT-308651208,SER-957795,1,NC,State DMV,2015-04-20,2021-04-27,True,document_scan,system_kyc,2024-08-11,expired,True,True,Pattern match on historical compromised-document list.,2024-08-09,2024-10-13
CID-00000530,CUST-000265,Passport,travel,PAS-288266598,SER-165623,1,NC,US Department of State,2015-01-11,2022-05-11,True,api_validation,system_kyc,2024-08-06,expired,False,False,No fraud indicators.,2024-08-06,2024-12-12
CID-00000531,CUST-000266,National ID,government,NAT-481789207,SER-179451,1,FL,State DMV,2022-10-26,2029-08-21,True,in_branch_review,system_kyc,2024-06-26,active,True,False,No fraud indicators.,2024-06-26,2025-01-23
CID-00000532,CUST-000266,Passport,travel,PAS-904780175,SER-245005,1,FL,US Department of State,2015-04-29,2021-07-19,True,api_validation,system_kyc,2024-07-02,expired,False,False,No fraud indicators.,2024-06-28,2024-11-04
CID-00000533,CUST-000267,National ID,government,NAT-702438932,SER-794693,1,FL,State DMV,2012-09-07,2016-05-09,True,document_scan,system_kyc,2025-05-01,expired,True,True,Pattern match on historical compromised-document list.,2025-04-27,2025-07-07
CID-00000534,CUST-000267,Passport,travel,PAS-324928493,SER-907592,1,FL,US Department of State,2024-09-04,2033-07-21,True,api_validation,system_kyc,2025-04-22,active,False,False,No fraud indicators.,2025-04-22,2025-11-03
CID-00000535,CUST-000268,National ID,government,NAT-547314783,SER-148495,1,SC,State DMV,2023-05-22,2031-04-13,True,api_validation,system_kyc,2024-08-13,active,True,False,No fraud indicators.,2024-08-09,2024-09-07
CID-00000536,CUST-000268,Passport,travel,PAS-708809651,SER-132826,1,SC,US Department of State,2025-05-18,2033-01-01,True,document_scan,system_kyc,2024-08-11,active,False,False,No fraud indicators.,2024-08-07,2025-03-12
CID-00000537,CUST-000269,National ID,government,NAT-112822895,SER-847523,1,SC,State DMV,2016-08-10,2023-05-10,True,in_branch_review,system_kyc,2024-07-27,expired,True,False,No fraud indicators.,2024-07-23,2024-09-16
CID-00000538,CUST-000269,Passport,travel,PAS-252726794,SER-211479,1,SC,US Department of State,2012-12-01,2020-09-15,True,in_branch_review,system_kyc,2024-07-23,expired,False,False,No fraud indicators.,2024-07-20,2024-11-26
CID-00000539,CUST-000270,National ID,government,NAT-376702798,SER-933818,1,FL,State DMV,2018-05-06,2023-03-13,True,document_scan,system_kyc,2024-04-12,expired,True,False,No fraud indicators.,2024-04-11,2024-06-30
CID-00000540,CUST-000270,Passport,travel,PAS-274133359,SER-447366,1,FL,US Department of State,2023-08-11,2028-09-25,False,document_scan,manual_queue,2024-04-12,active,False,False,No fraud indicators.,2024-04-11,2024-08-21
CID-00000541,CUST-000271,National ID,government,NAT-741381502,SER-253207,1,GA,State DMV,2013-10-18,2020-12-16,True,document_scan,system_kyc,2024-07-02,expired,True,False,No fraud indicators.,2024-07-01,2024-11-05
CID-00000542,CUST-000271,Passport,travel,PAS-428014365,SER-773238,1,GA,US Department of State,2016-09-08,2021-12-26,True,in_branch_review,system_kyc,2024-06-29,expired,False,False,No fraud indicators.,2024-06-26,2024-07-15
CID-00000543,CUST-000272,National ID,government,NAT-211732674,SER-108606,1,NC,State DMV,2014-12-17,2019-10-16,True,api_validation,system_kyc,2024-11-19,expired,True,False,No fraud indicators.,2024-11-18,2024-12-28
CID-00000544,CUST-000272,Passport,travel,PAS-818422235,SER-454247,1,NC,US Department of State,2021-03-07,2027-05-04,True,document_scan,system_kyc,2024-11-21,active,False,False,No fraud indicators.,2024-11-19,2025-03-04
CID-00000545,CUST-000273,National ID,government,NAT-950373918,SER-697067,1,GA,State DMV,2024-06-19,2030-05-10,True,api_validation,system_kyc,2025-01-03,active,True,False,No fraud indicators.,2024-12-31,2025-02-25
CID-00000546,CUST-000273,Passport,travel,PAS-191809165,SER-554416,1,GA,US Department of State,2025-03-12,2033-03-31,True,in_branch_review,system_kyc,2025-01-02,active,False,False,No fraud indicators.,2025-01-01,2025-04-18
CID-00000547,CUST-000274,National ID,government,NAT-511988472,SER-339472,1,SC,State DMV,2025-07-23,2035-03-26,True,in_branch_review,system_kyc,2024-08-03,active,True,False,No fraud indicators.,2024-07-31,2024-08-31
CID-00000548,CUST-000274,Passport,travel,PAS-435449948,SER-339096,1,SC,US Department of State,2024-11-08,2034-04-26,True,document_scan,system_kyc,2024-08-01,active,False,False,No fraud indicators.,2024-07-28,2024-10-26
CID-00000549,CUST-000275,National ID,government,NAT-723274238,SER-799566,1,GA,State DMV,2016-04-23,2023-03-11,True,in_branch_review,system_kyc,2024-04-17,expired,True,False,No fraud indicators.,2024-04-16,2024-09-11
CID-00000550,CUST-000275,Passport,travel,PAS-778542053,SER-798507,1,GA,US Department of State,2016-07-01,2023-10-14,True,document_scan,system_kyc,2024-04-15,expired,False,False,No fraud indicators.,2024-04-13,2024-05-28
CID-00000551,CUST-000276,National ID,government,NAT-226109411,SER-215049,1,SC,State DMV,2012-02-23,2016-07-02,True,document_scan,system_kyc,2025-09-22,expired,True,False,No fraud indicators.,2025-09-22,2025-11-14
CID-00000552,CUST-000276,Passport,travel,PAS-276632331,SER-572052,1,SC,US Department of State,2014-01-10,2021-06-24,True,in_branch_review,system_kyc,2025-09-20,expired,False,False,No fraud indicators.,2025-09-16,2026-01-26
CID-00000553,CUST-000277,National ID,government,NAT-396518676,SER-187283,1,FL,State DMV,2019-04-12,2023-04-03,True,document_scan,system_kyc,2026-01-31,expired,True,False,No fraud indicators.,2026-01-30,2026-05-01
CID-00000554,CUST-000277,Passport,travel,PAS-378671557,SER-206469,1,FL,US Department of State,2014-07-14,2017-10-07,True,document_scan,system_kyc,2026-02-05,expired,False,False,No fraud indicators.,2026-02-01,2026-05-01
CID-00000555,CUST-000278,National ID,government,NAT-323578011,SER-905920,1,NC,State DMV,2020-05-28,2025-11-24,True,api_validation,system_kyc,2026-09-30,expired,True,False,No fraud indicators.,2026-09-30,2026-05-01
CID-00000556,CUST-000278,Passport,travel,PAS-533466956,SER-416490,1,NC,US Department of State,2017-07-06,2021-08-08,True,api_validation,system_kyc,2026-09-30,expired,False,False,No fraud indicators.,2026-09-29,2026-05-01
CID-00000557,CUST-000279,National ID,government,NAT-861764056,SER-258772,1,NC,State DMV,2013-09-02,2022-10-20,True,api_validation,system_kyc,2024-11-30,expired,True,False,No fraud indicators.,2024-11-26,2024-12-05
CID-00000558,CUST-000279,Passport,travel,PAS-983542047,SER-177099,1,NC,US Department of State,2023-03-18,2029-02-24,True,api_validation,system_kyc,2024-12-01,active,False,False,No fraud indicators.,2024-11-30,2025-03-28
CID-00000559,CUST-000280,National ID,government,NAT-613721771,SER-214220,1,FL,State DMV,2020-04-24,2029-06-16,True,in_branch_review,system_kyc,2026-03-30,active,True,False,No fraud indicators.,2026-03-29,2026-05-01
CID-00000560,CUST-000280,Passport,travel,PAS-483129053,SER-185406,1,FL,US Department of State,2017-04-26,2021-12-03,True,document_scan,system_kyc,2026-03-28,expired,False,False,No fraud indicators.,2026-03-25,2026-05-01
CID-00000561,CUST-000281,National ID,government,NAT-558384925,SER-504673,1,SC,State DMV,2016-04-15,2023-09-21,True,document_scan,system_kyc,2025-05-16,expired,True,False,No fraud indicators.,2025-05-15,2025-11-07
CID-00000562,CUST-000281,Passport,travel,PAS-797934141,SER-543367,1,SC,US Department of State,2013-11-05,2023-07-07,True,document_scan,system_kyc,2025-05-28,expired,False,False,No fraud indicators.,2025-05-24,2025-12-18
CID-00000563,CUST-000282,National ID,government,NAT-431388763,SER-524828,1,SC,State DMV,2020-02-28,2026-10-15,True,in_branch_review,system_kyc,2026-09-11,active,True,False,No fraud indicators.,2026-09-09,2026-05-01
CID-00000564,CUST-000282,Passport,travel,PAS-970936701,SER-419178,1,SC,US Department of State,2020-07-27,2025-02-27,True,api_validation,system_kyc,2026-09-10,expired,False,False,No fraud indicators.,2026-09-08,2026-05-01
CID-00000565,CUST-000283,National ID,government,NAT-859196526,SER-685976,1,FL,State DMV,2022-06-28,2029-12-02,True,api_validation,system_kyc,2025-08-19,active,True,False,No fraud indicators.,2025-08-17,2025-11-21
CID-00000566,CUST-000283,Passport,travel,PAS-707513721,SER-966252,1,FL,US Department of State,2021-06-28,2027-05-04,True,in_branch_review,system_kyc,2025-08-15,active,False,False,No fraud indicators.,2025-08-15,2025-10-02
CID-00000567,CUST-000284,National ID,government,NAT-750023320,SER-838907,1,NC,State DMV,2012-03-30,2017-10-16,True,in_branch_review,system_kyc,2024-07-23,expired,True,False,No fraud indicators.,2024-07-21,2024-11-13
CID-00000568,CUST-000284,Passport,travel,PAS-956590126,SER-888277,1,NC,US Department of State,2022-02-04,2030-09-22,True,document_scan,system_kyc,2024-07-18,active,False,True,Pattern match on historical compromised-document list.,2024-07-17,2024-12-12
CID-00000569,CUST-000285,National ID,government,NAT-142276939,SER-150617,1,NC,State DMV,2021-01-22,2029-04-25,True,in_branch_review,system_kyc,2025-08-20,active,True,False,No fraud indicators.,2025-08-19,2026-03-25
CID-00000570,CUST-000285,Passport,travel,PAS-197495766,SER-177219,1,NC,US Department of State,2015-05-14,2021-08-04,True,api_validation,system_kyc,2025-08-18,expired,False,False,No fraud indicators.,2025-08-18,2026-01-19
CID-00000571,CUST-000286,National ID,government,NAT-102843670,SER-579663,1,SC,State DMV,2011-10-13,2019-02-25,True,in_branch_review,system_kyc,2025-03-17,expired,True,False,No fraud indicators.,2025-03-14,2025-04-17
CID-00000572,CUST-000286,Passport,travel,PAS-808605165,SER-131883,1,SC,US Department of State,2011-05-20,2019-06-11,True,in_branch_review,system_kyc,2025-03-14,expired,False,False,No fraud indicators.,2025-03-14,2025-09-01
CID-00000573,CUST-000287,National ID,government,NAT-830915024,SER-714812,1,FL,State DMV,2016-07-19,2019-12-28,True,api_validation,system_kyc,2026-08-01,expired,True,False,No fraud indicators.,2026-07-31,2026-05-01
CID-00000574,CUST-000287,Passport,travel,PAS-295450890,SER-334187,1,FL,US Department of State,2011-09-29,2018-11-02,True,in_branch_review,system_kyc,2026-08-01,expired,False,False,No fraud indicators.,2026-07-30,2026-05-01
CID-00000575,CUST-000288,National ID,government,NAT-649645515,SER-334376,1,SC,State DMV,2019-07-27,2023-08-10,True,api_validation,system_kyc,2025-04-07,expired,True,False,No fraud indicators.,2025-04-03,2025-04-14
CID-00000576,CUST-000288,Passport,travel,PAS-901687632,SER-283784,1,SC,US Department of State,2023-12-02,2033-08-08,True,in_branch_review,system_kyc,2025-04-06,active,False,False,No fraud indicators.,2025-04-05,2025-06-14
CID-00000577,CUST-000289,National ID,government,NAT-505170991,SER-799103,1,SC,State DMV,2015-10-04,2020-11-12,True,in_branch_review,system_kyc,2025-04-17,expired,True,False,No fraud indicators.,2025-04-14,2025-08-14
CID-00000578,CUST-000289,Passport,travel,PAS-484827298,SER-893552,1,SC,US Department of State,2022-08-20,2030-09-29,True,api_validation,system_kyc,2025-04-14,active,False,False,No fraud indicators.,2025-04-13,2025-08-08
CID-00000579,CUST-000290,National ID,government,NAT-226653998,SER-448181,1,SC,State DMV,2022-08-04,2030-09-28,True,document_scan,system_kyc,2024-11-28,active,True,False,No fraud indicators.,2024-11-26,2024-12-07
CID-00000580,CUST-000290,Passport,travel,PAS-225580769,SER-229486,1,SC,US Department of State,2011-11-16,2018-03-19,True,api_validation,system_kyc,2024-11-25,expired,False,True,Pattern match on historical compromised-document list.,2024-11-21,2025-03-08
CID-00000581,CUST-000291,National ID,government,NAT-287637336,SER-781836,1,GA,State DMV,2018-10-23,2023-08-10,True,in_branch_review,system_kyc,2024-04-15,expired,True,False,No fraud indicators.,2024-04-12,2024-09-26
CID-00000582,CUST-000291,Passport,travel,PAS-279569954,SER-802804,1,GA,US Department of State,2024-02-01,2032-10-26,True,api_validation,system_kyc,2024-04-09,active,False,False,No fraud indicators.,2024-04-08,2024-08-05
CID-00000583,CUST-000292,National ID,government,NAT-320356550,SER-677703,1,FL,State DMV,2021-06-23,2028-03-07,False,document_scan,manual_queue,2025-02-05,active,True,False,No fraud indicators.,2025-02-01,2025-04-20
CID-00000584,CUST-000292,Passport,travel,PAS-912345336,SER-399812,1,FL,US Department of State,2014-01-18,2019-12-16,True,document_scan,system_kyc,2025-02-02,expired,False,False,No fraud indicators.,2025-02-01,2025-04-11
CID-00000585,CUST-000293,National ID,government,NAT-219128302,SER-248609,1,FL,State DMV,2023-08-03,2032-04-08,True,in_branch_review,system_kyc,2026-01-28,active,True,False,No fraud indicators.,2026-01-28,2026-03-25
CID-00000586,CUST-000293,Passport,travel,PAS-161546444,SER-468565,1,FL,US Department of State,2023-06-03,2029-10-26,True,in_branch_review,system_kyc,2026-01-31,active,False,False,No fraud indicators.,2026-01-28,2026-04-22
CID-00000587,CUST-000294,National ID,government,NAT-841549893,SER-371674,1,FL,State DMV,2011-10-06,2014-11-10,True,api_validation,system_kyc,2026-08-01,expired,True,False,No fraud indicators.,2026-07-28,2026-05-01
CID-00000588,CUST-000294,Passport,travel,PAS-115739049,SER-808905,1,FL,US Department of State,2015-02-22,2019-10-26,True,api_validation,system_kyc,2026-07-31,expired,False,False,No fraud indicators.,2026-07-29,2026-05-01
CID-00000589,CUST-000295,National ID,government,NAT-198644129,SER-204711,1,NC,State DMV,2024-07-11,2031-10-21,False,in_branch_review,manual_queue,2025-11-12,active,True,False,No fraud indicators.,2025-11-09,2026-01-27
CID-00000590,CUST-000295,Passport,travel,PAS-980305642,SER-190439,1,NC,US Department of State,2024-11-29,2030-02-27,True,in_branch_review,system_kyc,2025-11-14,active,False,False,No fraud indicators.,2025-11-11,2026-04-27
CID-00000591,CUST-000296,National ID,government,NAT-132604082,SER-472584,1,FL,State DMV,2020-04-29,2023-10-29,True,in_branch_review,system_kyc,2025-02-11,expired,True,True,Pattern match on historical compromised-document list.,2025-02-07,2025-06-19
CID-00000592,CUST-000296,Passport,travel,PAS-136561617,SER-535038,1,FL,US Department of State,2017-10-06,2025-04-25,True,in_branch_review,system_kyc,2025-02-05,expired,False,False,No fraud indicators.,2025-02-05,2025-03-14
CID-00000593,CUST-000297,National ID,government,NAT-952139573,SER-348157,1,FL,State DMV,2021-05-14,2024-10-28,True,document_scan,system_kyc,2024-01-16,expired,True,False,No fraud indicators.,2024-01-13,2024-08-07
CID-00000594,CUST-000297,Passport,travel,PAS-327952201,SER-585306,1,FL,US Department of State,2022-09-29,2027-12-30,True,document_scan,system_kyc,2024-01-07,active,False,False,No fraud indicators.,2024-01-06,2024-08-11
CID-00000595,CUST-000298,National ID,government,NAT-914500891,SER-966936,1,FL,State DMV,2013-11-18,2020-07-05,True,in_branch_review,system_kyc,2025-07-25,expired,True,False,No fraud indicators.,2025-07-24,2026-01-11
CID-00000596,CUST-000298,Passport,travel,PAS-905378766,SER-648645,1,FL,US Department of State,2013-02-18,2016-06-05,True,in_branch_review,system_kyc,2025-07-25,expired,False,False,No fraud indicators.,2025-07-22,2025-12-16
CID-00000597,CUST-000299,National ID,government,NAT-415221947,SER-419956,1,NC,State DMV,2012-06-28,2019-12-25,True,in_branch_review,system_kyc,2026-05-08,expired,True,False,No fraud indicators.,2026-05-06,2026-05-01
CID-00000598,CUST-000299,Passport,travel,PAS-794355108,SER-338810,1,NC,US Department of State,2012-02-07,2016-06-19,True,in_branch_review,system_kyc,2026-05-14,expired,False,False,No fraud indicators.,2026-05-12,2026-05-01
CID-00000599,CUST-000300,National ID,government,NAT-351317203,SER-994149,1,NC,State DMV,2015-06-18,2022-01-07,True,in_branch_review,system_kyc,2025-04-13,expired,True,False,No fraud indicators.,2025-04-12,2025-06-11
CID-00000600,CUST-000300,Passport,travel,PAS-542442201,SER-869396,1,NC,US Department of State,2017-02-03,2023-04-28,True,api_validation,system_kyc,2025-04-17,expired,False,False,No fraud indicators.,2025-04-17,2025-07-22
CID-00000601,CUST-000301,National ID,government,NAT-820163905,SER-206776,1,FL,State DMV,2018-05-24,2022-05-14,True,in_branch_review,system_kyc,2024-12-08,expired,True,True,Pattern match on historical compromised-document list.,2024-12-05,2025-06-21
CID-00000602,CUST-000301,Passport,travel,PAS-264791230,SER-455493,1,FL,US Department of State,2018-03-03,2023-01-14,True,in_branch_review,system_kyc,2024-12-08,expired,False,False,No fraud indicators.,2024-12-06,2025-01-04
CID-00000603,CUST-000302,National ID,government,NAT-111510337,SER-404002,1,FL,State DMV,2011-08-19,2016-04-25,True,api_validation,system_kyc,2025-07-28,expired,True,False,No fraud indicators.,2025-07-26,2025-09-03
CID-00000604,CUST-000302,Passport,travel,PAS-899703135,SER-752444,1,FL,US Department of State,2016-05-06,2021-08-31,True,api_validation,system_kyc,2025-07-22,expired,False,False,No fraud indicators.,2025-07-21,2025-12-26
CID-00000605,CUST-000303,National ID,government,NAT-745250414,SER-187603,1,SC,State DMV,2013-04-05,2017-07-31,True,document_scan,system_kyc,2026-02-21,expired,True,False,No fraud indicators.,2026-02-21,2026-03-07
CID-00000606,CUST-000303,Passport,travel,PAS-989222290,SER-909283,1,SC,US Department of State,2014-08-12,2024-01-02,True,api_validation,system_kyc,2026-02-21,expired,False,False,No fraud indicators.,2026-02-19,2026-05-01
CID-00000607,CUST-000304,National ID,government,NAT-278528486,SER-961912,1,NC,State DMV,2023-06-20,2032-02-10,True,in_branch_review,system_kyc,2025-06-27,active,True,False,No fraud indicators.,2025-06-26,2025-07-12
CID-00000608,CUST-000304,Passport,travel,PAS-799048109,SER-498518,1,NC,US Department of State,2011-12-19,2019-04-30,True,in_branch_review,system_kyc,2025-07-03,expired,False,False,No fraud indicators.,2025-07-01,2025-07-26
CID-00000609,CUST-000305,National ID,government,NAT-387061746,SER-509893,1,FL,State DMV,2016-03-27,2022-03-01,True,in_branch_review,system_kyc,2026-05-12,expired,True,False,No fraud indicators.,2026-05-10,2026-05-01
CID-00000610,CUST-000305,Passport,travel,PAS-890262868,SER-441660,1,FL,US Department of State,2014-06-24,2021-09-19,True,api_validation,system_kyc,2026-05-18,expired,False,False,No fraud indicators.,2026-05-14,2026-05-01
CID-00000611,CUST-000306,National ID,government,NAT-643034150,SER-138336,1,FL,State DMV,2023-06-03,2027-03-11,True,document_scan,system_kyc,2026-06-11,active,True,False,No fraud indicators.,2026-06-07,2026-05-01
CID-00000612,CUST-000306,Passport,travel,PAS-931320564,SER-579584,1,FL,US Department of State,2023-06-08,2031-07-27,True,api_validation,system_kyc,2026-06-07,active,False,False,No fraud indicators.,2026-06-07,2026-05-01
CID-00000613,CUST-000307,National ID,government,NAT-702675891,SER-381562,1,SC,State DMV,2020-04-25,2023-05-12,True,document_scan,system_kyc,2026-03-30,expired,True,False,No fraud indicators.,2026-03-29,2026-04-14
CID-00000614,CUST-000307,Passport,travel,PAS-262574479,SER-824831,1,SC,US Department of State,2014-03-11,2017-05-11,True,in_branch_review,system_kyc,2026-04-04,expired,False,False,No fraud indicators.,2026-04-03,2026-05-01
CID-00000615,CUST-000308,National ID,government,NAT-208340211,SER-731914,1,NC,State DMV,2017-08-22,2024-10-01,True,in_branch_review,system_kyc,2025-07-29,expired,True,False,No fraud indicators.,2025-07-29,2025-09-05
CID-00000616,CUST-000308,Passport,travel,PAS-924705996,SER-688231,1,NC,US Department of State,2026-01-22,2029-02-06,True,document_scan,system_kyc,2025-07-27,active,False,False,No fraud indicators.,2025-07-23,2026-01-30
CID-00000617,CUST-000309,National ID,government,NAT-421195415,SER-308981,1,FL,State DMV,2012-10-11,2018-08-26,True,in_branch_review,system_kyc,2025-03-10,expired,True,False,No fraud indicators.,2025-03-06,2025-04-03
CID-00000618,CUST-000309,Passport,travel,PAS-909103557,SER-948751,1,FL,US Department of State,2025-07-06,2034-04-12,True,api_validation,system_kyc,2025-03-05,active,False,False,No fraud indicators.,2025-03-02,2025-08-14
CID-00000619,CUST-000310,National ID,government,NAT-359438817,SER-424562,1,NC,State DMV,2025-07-29,2033-01-22,True,api_validation,system_kyc,2024-05-11,active,True,False,No fraud indicators.,2024-05-07,2024-08-11
CID-00000620,CUST-000310,Passport,travel,PAS-958457143,SER-894538,1,NC,US Department of State,2019-03-05,2026-11-29,True,document_scan,system_kyc,2024-05-05,active,False,False,No fraud indicators.,2024-05-02,2024-05-26
CID-00000621,CUST-000311,National ID,government,NAT-797876756,SER-229050,1,NC,State DMV,2026-03-25,2031-08-27,True,api_validation,system_kyc,2024-10-18,active,True,False,No fraud indicators.,2024-10-18,2025-03-18
CID-00000622,CUST-000311,Passport,travel,PAS-223780256,SER-650472,1,NC,US Department of State,2013-03-22,2017-06-22,True,document_scan,system_kyc,2024-10-14,expired,False,False,No fraud indicators.,2024-10-14,2025-02-01
CID-00000623,CUST-000312,National ID,government,NAT-611221816,SER-133409,1,NC,State DMV,2022-08-21,2031-07-07,True,document_scan,system_kyc,2024-02-02,active,True,False,No fraud indicators.,2024-01-29,2024-02-03
CID-00000624,CUST-000312,Passport,travel,PAS-340889546,SER-602338,1,NC,US Department of State,2014-05-31,2020-01-15,True,in_branch_review,system_kyc,2024-02-04,expired,False,False,No fraud indicators.,2024-01-31,2024-06-20
CID-00000625,CUST-000313,National ID,government,NAT-237797156,SER-242884,1,GA,State DMV,2015-08-06,2025-04-02,True,api_validation,system_kyc,2025-04-17,expired,True,False,No fraud indicators.,2025-04-13,2025-06-03
CID-00000626,CUST-000313,Passport,travel,PAS-658807210,SER-404114,1,GA,US Department of State,2016-02-17,2019-02-20,True,api_validation,system_kyc,2025-04-15,expired,False,False,No fraud indicators.,2025-04-12,2025-08-27
CID-00000627,CUST-000314,National ID,government,NAT-672114632,SER-595168,1,GA,State DMV,2012-07-02,2021-04-02,True,in_branch_review,system_kyc,2025-11-07,expired,True,False,No fraud indicators.,2025-11-06,2025-12-16
CID-00000628,CUST-000314,Passport,travel,PAS-911521272,SER-255283,1,GA,US Department of State,2018-06-02,2021-12-17,True,in_branch_review,system_kyc,2025-11-08,expired,False,False,No fraud indicators.,2025-11-08,2025-11-13
CID-00000629,CUST-000315,National ID,government,NAT-770009040,SER-731348,1,NC,State DMV,2024-06-30,2032-08-14,True,api_validation,system_kyc,2024-02-19,active,True,False,No fraud indicators.,2024-02-19,2024-07-11
CID-00000630,CUST-000315,Passport,travel,PAS-482739427,SER-787920,1,NC,US Department of State,2014-10-28,2019-07-25,True,document_scan,system_kyc,2024-02-13,expired,False,False,No fraud indicators.,2024-02-12,2024-05-31
CID-00000631,CUST-000316,National ID,government,NAT-216101430,SER-899386,1,FL,State DMV,2019-11-01,2023-03-26,True,document_scan,system_kyc,2024-08-06,expired,True,False,No fraud indicators.,2024-08-04,2024-09-22
CID-00000632,CUST-000316,Passport,travel,PAS-411059158,SER-611100,1,FL,US Department of State,2022-01-24,2026-02-27,True,in_branch_review,system_kyc,2024-08-12,expired,False,False,No fraud indicators.,2024-08-09,2024-09-09
CID-00000633,CUST-000317,National ID,government,NAT-833451800,SER-311733,1,SC,State DMV,2020-08-16,2028-01-05,True,document_scan,system_kyc,2024-12-22,active,True,False,No fraud indicators.,2024-12-20,2025-03-25
CID-00000634,CUST-000317,Passport,travel,PAS-509914420,SER-545287,1,SC,US Department of State,2012-02-17,2015-08-19,True,in_branch_review,system_kyc,2024-12-20,expired,False,False,No fraud indicators.,2024-12-17,2025-01-09
CID-00000635,CUST-000318,National ID,government,NAT-981836342,SER-567964,1,NC,State DMV,2012-10-04,2020-02-20,True,document_scan,system_kyc,2025-02-16,expired,True,False,No fraud indicators.,2025-02-13,2025-03-06
CID-00000636,CUST-000318,Passport,travel,PAS-238579010,SER-915589,1,NC,US Department of State,2026-02-16,2030-07-31,True,api_validation,system_kyc,2025-02-20,active,False,False,No fraud indicators.,2025-02-16,2025-04-18
CID-00000637,CUST-000319,National ID,government,NAT-409446617,SER-197126,1,NC,State DMV,2014-11-29,2021-12-16,True,in_branch_review,system_kyc,2024-04-03,expired,True,False,No fraud indicators.,2024-03-31,2024-05-19
CID-00000638,CUST-000319,Passport,travel,PAS-572645531,SER-502719,1,NC,US Department of State,2020-04-04,2027-08-30,True,api_validation,system_kyc,2024-03-27,active,False,False,No fraud indicators.,2024-03-26,2024-10-18
CID-00000639,CUST-000320,National ID,government,NAT-892143084,SER-963486,1,FL,State DMV,2021-03-11,2030-07-31,True,api_validation,system_kyc,2025-10-01,active,True,False,No fraud indicators.,2025-10-01,2026-03-16
CID-00000640,CUST-000320,Passport,travel,PAS-495989251,SER-642228,1,FL,US Department of State,2023-02-04,2029-06-08,True,api_validation,system_kyc,2025-10-01,active,False,False,No fraud indicators.,2025-09-30,2026-03-04
CID-00000641,CUST-000321,National ID,government,NAT-714940746,SER-736537,1,SC,State DMV,2014-04-21,2018-11-22,True,in_branch_review,system_kyc,2024-02-17,expired,True,False,No fraud indicators.,2024-02-13,2024-02-18
CID-00000642,CUST-000321,Passport,travel,PAS-703114215,SER-966825,1,SC,US Department of State,2026-03-09,2034-05-28,True,in_branch_review,system_kyc,2024-02-10,active,False,False,No fraud indicators.,2024-02-07,2024-04-05
CID-00000643,CUST-000322,National ID,government,NAT-229625339,SER-925871,1,SC,State DMV,2026-03-02,2031-02-25,False,in_branch_review,manual_queue,2026-10-04,active,True,False,No fraud indicators.,2026-10-02,2026-05-01
CID-00000644,CUST-000322,Passport,travel,PAS-722489432,SER-309920,1,SC,US Department of State,2023-09-24,2033-01-24,True,document_scan,system_kyc,2026-09-29,active,False,False,No fraud indicators.,2026-09-25,2026-05-01
CID-00000645,CUST-000323,National ID,government,NAT-784972699,SER-271390,1,NC,State DMV,2015-11-15,2024-01-07,True,document_scan,system_kyc,2025-12-16,expired,True,False,No fraud indicators.,2025-12-14,2026-04-06
CID-00000646,CUST-000323,Passport,travel,PAS-227484453,SER-910615,1,NC,US Department of State,2015-05-18,2019-10-31,True,in_branch_review,system_kyc,2025-12-17,expired,False,False,No fraud indicators.,2025-12-16,2026-02-10
CID-00000647,CUST-000324,National ID,government,NAT-635224727,SER-481261,1,SC,State DMV,2022-11-10,2027-10-29,True,api_validation,system_kyc,2024-02-25,active,True,False,No fraud indicators.,2024-02-22,2024-06-26
CID-00000648,CUST-000324,Passport,travel,PAS-556615452,SER-819157,1,SC,US Department of State,2025-08-30,2030-10-31,True,document_scan,system_kyc,2024-02-25,active,False,False,No fraud indicators.,2024-02-23,2024-09-02
CID-00000649,CUST-000325,National ID,government,NAT-248305089,SER-303120,1,FL,State DMV,2022-03-18,2029-05-16,True,api_validation,system_kyc,2024-04-29,active,True,False,No fraud indicators.,2024-04-27,2024-11-21
CID-00000650,CUST-000325,Passport,travel,PAS-388226015,SER-217658,1,FL,US Department of State,2016-04-13,2021-04-01,True,api_validation,system_kyc,2024-05-06,expired,False,False,No fraud indicators.,2024-05-05,2024-08-10
CID-00000651,CUST-000326,National ID,government,NAT-156624124,SER-913734,1,FL,State DMV,2025-11-23,2032-04-15,True,document_scan,system_kyc,2024-06-10,active,True,False,No fraud indicators.,2024-06-07,2024-07-03
CID-00000652,CUST-000326,Passport,travel,PAS-581946117,SER-400644,1,FL,US Department of State,2012-05-15,2020-04-07,True,document_scan,system_kyc,2024-06-12,expired,False,False,No fraud indicators.,2024-06-08,2024-11-22
CID-00000653,CUST-000327,National ID,government,NAT-977342985,SER-130236,1,NC,State DMV,2021-07-28,2024-08-10,True,document_scan,system_kyc,2026-07-18,expired,True,False,No fraud indicators.,2026-07-14,2026-05-01
CID-00000654,CUST-000327,Passport,travel,PAS-172841413,SER-575415,1,NC,US Department of State,2024-11-13,2028-02-03,True,in_branch_review,system_kyc,2026-07-10,active,False,False,No fraud indicators.,2026-07-08,2026-05-01
CID-00000655,CUST-000328,National ID,government,NAT-429439562,SER-526272,1,GA,State DMV,2016-03-13,2025-12-30,True,in_branch_review,system_kyc,2025-02-02,expired,True,False,No fraud indicators.,2025-02-02,2025-04-14
CID-00000656,CUST-000328,Passport,travel,PAS-911385016,SER-697947,1,GA,US Department of State,2016-08-19,2021-05-30,True,api_validation,system_kyc,2025-02-10,expired,False,False,No fraud indicators.,2025-02-07,2025-08-17
CID-00000657,CUST-000329,National ID,government,NAT-470888395,SER-130872,1,NC,State DMV,2013-11-11,2020-07-27,True,document_scan,system_kyc,2026-09-05,expired,True,False,No fraud indicators.,2026-09-02,2026-05-01
CID-00000658,CUST-000329,Passport,travel,PAS-956892036,SER-514465,1,NC,US Department of State,2012-05-30,2022-05-19,True,document_scan,system_kyc,2026-09-07,expired,False,False,No fraud indicators.,2026-09-04,2026-05-01
CID-00000659,CUST-000330,National ID,government,NAT-370457749,SER-748113,1,GA,State DMV,2023-11-25,2028-03-18,True,in_branch_review,system_kyc,2024-10-22,active,True,False,No fraud indicators.,2024-10-22,2025-05-04
CID-00000660,CUST-000330,Passport,travel,PAS-670192063,SER-468276,1,GA,US Department of State,2022-01-06,2028-03-12,True,api_validation,system_kyc,2024-10-25,active,False,False,No fraud indicators.,2024-10-22,2025-01-07
CID-00000661,CUST-000331,National ID,government,NAT-595803716,SER-425981,1,GA,State DMV,2021-12-07,2025-06-11,True,in_branch_review,system_kyc,2026-06-01,expired,True,False,No fraud indicators.,2026-05-28,2026-05-01
CID-00000662,CUST-000331,Passport,travel,PAS-112455184,SER-279353,1,GA,US Department of State,2025-08-10,2029-12-31,False,in_branch_review,manual_queue,2026-06-01,active,False,False,No fraud indicators.,2026-05-28,2026-05-01
CID-00000663,CUST-000332,National ID,government,NAT-644243860,SER-537575,1,NC,State DMV,2015-01-13,2022-06-18,True,in_branch_review,system_kyc,2026-09-08,expired,True,False,No fraud indicators.,2026-09-07,2026-05-01
CID-00000664,CUST-000332,Passport,travel,PAS-789283292,SER-963818,1,NC,US Department of State,2018-02-16,2021-08-20,True,in_branch_review,system_kyc,2026-09-18,expired,False,False,No fraud indicators.,2026-09-14,2026-05-01
CID-00000665,CUST-000333,National ID,government,NAT-533301395,SER-166327,1,GA,State DMV,2014-01-14,2017-04-13,True,in_branch_review,system_kyc,2024-05-09,expired,True,False,No fraud indicators.,2024-05-09,2024-09-27
CID-00000666,CUST-000333,Passport,travel,PAS-800095971,SER-169714,1,GA,US Department of State,2020-05-18,2028-07-17,True,in_branch_review,system_kyc,2024-05-18,active,False,False,No fraud indicators.,2024-05-15,2024-12-14
CID-00000667,CUST-000334,National ID,government,NAT-214111835,SER-714430,1,SC,State DMV,2017-05-31,2022-03-22,True,document_scan,system_kyc,2025-07-02,expired,True,False,No fraud indicators.,2025-06-29,2025-07-25
CID-00000668,CUST-000334,Passport,travel,PAS-142404157,SER-949755,1,SC,US Department of State,2015-08-05,2019-06-13,True,document_scan,system_kyc,2025-07-10,expired,False,False,No fraud indicators.,2025-07-08,2025-10-24
CID-00000669,CUST-000335,National ID,government,NAT-240118008,SER-347974,1,SC,State DMV,2016-09-30,2020-09-16,True,in_branch_review,system_kyc,2025-12-17,expired,True,False,No fraud indicators.,2025-12-15,2026-05-01
CID-00000670,CUST-000335,Passport,travel,PAS-391313259,SER-605956,1,SC,US Department of State,2012-02-23,2021-10-27,True,document_scan,system_kyc,2025-12-19,expired,False,False,No fraud indicators.,2025-12-17,2026-05-01
CID-00000671,CUST-000336,National ID,government,NAT-655861218,SER-377382,1,SC,State DMV,2015-02-18,2024-12-07,True,in_branch_review,system_kyc,2025-04-06,expired,True,False,No fraud indicators.,2025-04-04,2025-08-09
CID-00000672,CUST-000336,Passport,travel,PAS-774894657,SER-671742,1,SC,US Department of State,2022-03-17,2030-03-29,True,in_branch_review,system_kyc,2025-04-09,active,False,False,No fraud indicators.,2025-04-08,2025-07-03
CID-00000673,CUST-000337,National ID,government,NAT-550651063,SER-736248,1,NC,State DMV,2011-05-05,2019-04-09,True,api_validation,system_kyc,2025-02-04,expired,True,False,No fraud indicators.,2025-02-04,2025-05-18
CID-00000674,CUST-000337,Passport,travel,PAS-803674210,SER-315005,1,NC,US Department of State,2021-03-22,2029-11-07,True,document_scan,system_kyc,2025-02-05,active,False,False,No fraud indicators.,2025-02-03,2025-06-11
CID-00000675,CUST-000338,National ID,government,NAT-245357177,SER-985963,1,GA,State DMV,2019-01-28,2026-08-02,True,in_branch_review,system_kyc,2026-02-28,active,True,False,No fraud indicators.,2026-02-26,2026-05-01
CID-00000676,CUST-000338,Passport,travel,PAS-264991038,SER-627895,1,GA,US Department of State,2024-09-04,2031-04-16,True,in_branch_review,system_kyc,2026-02-27,active,False,False,No fraud indicators.,2026-02-23,2026-05-01
CID-00000677,CUST-000339,National ID,government,NAT-980132687,SER-957241,1,FL,State DMV,2013-03-12,2023-01-27,True,document_scan,system_kyc,2025-09-10,expired,True,False,No fraud indicators.,2025-09-10,2025-12-30
CID-00000678,CUST-000339,Passport,travel,PAS-779635299,SER-403229,1,FL,US Department of State,2019-07-13,2027-04-17,True,in_branch_review,system_kyc,2025-09-15,active,False,False,No fraud indicators.,2025-09-14,2025-12-27
CID-00000679,CUST-000340,National ID,government,NAT-783765550,SER-731148,1,FL,State DMV,2019-04-25,2029-01-13,True,api_validation,system_kyc,2024-07-25,active,True,False,No fraud indicators.,2024-07-25,2025-02-11
CID-00000680,CUST-000340,Passport,travel,PAS-410120860,SER-178591,1,FL,US Department of State,2018-03-15,2023-06-10,True,in_branch_review,system_kyc,2024-07-28,expired,False,False,No fraud indicators.,2024-07-25,2024-12-24
CID-00000681,CUST-000341,National ID,government,NAT-196988647,SER-139121,1,SC,State DMV,2023-08-12,2029-05-13,True,in_branch_review,system_kyc,2025-06-13,active,True,False,No fraud indicators.,2025-06-09,2025-12-20
CID-00000682,CUST-000341,Passport,travel,PAS-857722006,SER-677468,1,SC,US Department of State,2025-07-05,2035-06-27,True,api_validation,system_kyc,2025-06-07,active,False,False,No fraud indicators.,2025-06-03,2026-01-03
CID-00000683,CUST-000342,National ID,government,NAT-213020006,SER-258375,1,NC,State DMV,2014-06-18,2024-05-26,True,document_scan,system_kyc,2024-08-27,expired,True,False,No fraud indicators.,2024-08-26,2024-10-28
CID-00000684,CUST-000342,Passport,travel,PAS-827031011,SER-432866,1,NC,US Department of State,2025-07-25,2035-02-10,True,document_scan,system_kyc,2024-08-30,active,False,False,No fraud indicators.,2024-08-28,2025-04-01
CID-00000685,CUST-000343,National ID,government,NAT-392138042,SER-138886,1,FL,State DMV,2023-06-13,2029-09-27,True,in_branch_review,system_kyc,2024-03-13,active,True,False,No fraud indicators.,2024-03-12,2024-06-24
CID-00000686,CUST-000343,Passport,travel,PAS-601151739,SER-486331,1,FL,US Department of State,2018-10-21,2025-06-10,True,api_validation,system_kyc,2024-03-10,expired,False,False,No fraud indicators.,2024-03-07,2024-10-10
CID-00000687,CUST-000344,National ID,government,NAT-725834076,SER-271184,1,SC,State DMV,2017-09-08,2026-04-21,False,in_branch_review,manual_queue,2026-07-08,expired,True,False,No fraud indicators.,2026-07-06,2026-05-01
CID-00000688,CUST-000344,Passport,travel,PAS-248772129,SER-567887,1,SC,US Department of State,2021-10-28,2031-01-30,True,in_branch_review,system_kyc,2026-07-12,active,False,False,No fraud indicators.,2026-07-09,2026-05-01
CID-00000689,CUST-000345,National ID,government,NAT-627553658,SER-909182,1,GA,State DMV,2018-04-29,2027-10-12,True,api_validation,system_kyc,2025-10-02,active,True,False,No fraud indicators.,2025-09-29,2025-12-25
CID-00000690,CUST-000345,Passport,travel,PAS-155223245,SER-471849,1,GA,US Department of State,2025-09-19,2031-08-25,False,document_scan,manual_queue,2025-09-22,active,False,False,No fraud indicators.,2025-09-20,2026-02-06
CID-00000691,CUST-000346,National ID,government,NAT-277753156,SER-227049,1,FL,State DMV,2016-05-09,2024-05-21,True,document_scan,system_kyc,2025-09-23,expired,True,False,No fraud indicators.,2025-09-20,2026-04-19
CID-00000692,CUST-000346,Passport,travel,PAS-165071960,SER-332837,1,FL,US Department of State,2018-09-30,2022-06-14,True,api_validation,system_kyc,2025-09-17,expired,False,False,No fraud indicators.,2025-09-17,2025-10-13
CID-00000693,CUST-000347,National ID,government,NAT-870542025,SER-200536,1,NC,State DMV,2020-05-22,2025-02-19,True,document_scan,system_kyc,2024-12-25,expired,True,False,No fraud indicators.,2024-12-24,2025-07-22
CID-00000694,CUST-000347,Passport,travel,PAS-218327932,SER-387909,1,NC,US Department of State,2024-08-21,2028-07-26,True,document_scan,system_kyc,2024-12-23,active,False,False,No fraud indicators.,2024-12-20,2025-05-09
CID-00000695,CUST-000348,National ID,government,NAT-638186057,SER-998961,1,SC,State DMV,2011-06-24,2017-03-16,True,document_scan,system_kyc,2025-03-25,expired,True,False,No fraud indicators.,2025-03-21,2025-06-10
CID-00000696,CUST-000348,Passport,travel,PAS-692575715,SER-740352,1,SC,US Department of State,2016-11-10,2020-06-20,True,in_branch_review,system_kyc,2025-03-19,expired,False,False,No fraud indicators.,2025-03-15,2025-03-31
CID-00000697,CUST-000349,National ID,government,NAT-590325990,SER-280141,1,SC,State DMV,2017-05-14,2023-04-26,True,api_validation,system_kyc,2026-02-23,expired,True,False,No fraud indicators.,2026-02-19,2026-05-01
CID-00000698,CUST-000349,Passport,travel,PAS-996039183,SER-477057,1,SC,US Department of State,2016-01-03,2021-06-30,True,api_validation,system_kyc,2026-02-20,expired,False,False,No fraud indicators.,2026-02-20,2026-05-01
CID-00000699,CUST-000350,National ID,government,NAT-846220861,SER-902150,1,SC,State DMV,2018-10-21,2024-11-01,True,api_validation,system_kyc,2024-07-09,expired,True,False,No fraud indicators.,2024-07-06,2024-09-07
CID-00000700,CUST-000350,Passport,travel,PAS-414607620,SER-145531,1,SC,US Department of State,2021-01-10,2026-11-25,True,document_scan,system_kyc,2024-07-09,active,False,False,No fraud indicators.,2024-07-08,2024-10-12
CID-00000701,CUST-000351,National ID,government,NAT-185488364,SER-513740,1,NC,State DMV,2016-07-21,2021-08-29,True,in_branch_review,system_kyc,2025-11-15,expired,True,False,No fraud indicators.,2025-11-15,2025-12-02
CID-00000702,CUST-000351,Passport,travel,PAS-946168073,SER-859899,1,NC,US Department of State,2016-07-31,2019-09-02,True,document_scan,system_kyc,2025-11-10,expired,False,False,No fraud indicators.,2025-11-08,2026-03-24
CID-00000703,CUST-000352,National ID,government,NAT-351501780,SER-475039,1,FL,State DMV,2024-10-31,2028-03-05,False,document_scan,manual_queue,2025-12-30,active,True,False,No fraud indicators.,2025-12-29,2026-02-23
CID-00000704,CUST-000352,Passport,travel,PAS-926437951,SER-835167,1,FL,US Department of State,2020-01-11,2028-12-30,True,document_scan,system_kyc,2025-12-31,active,False,False,No fraud indicators.,2025-12-30,2026-05-01
CID-00000705,CUST-000353,National ID,government,NAT-587054931,SER-787158,1,FL,State DMV,2019-08-29,2023-09-20,True,document_scan,system_kyc,2024-07-12,expired,True,False,No fraud indicators.,2024-07-11,2024-07-18
CID-00000706,CUST-000353,Passport,travel,PAS-547443228,SER-576472,1,FL,US Department of State,2018-06-13,2022-11-01,True,in_branch_review,system_kyc,2024-07-12,expired,False,False,No fraud indicators.,2024-07-08,2024-10-02
CID-00000707,CUST-000354,National ID,government,NAT-474586631,SER-988013,1,GA,State DMV,2021-02-04,2027-07-15,True,api_validation,system_kyc,2025-06-09,active,True,False,No fraud indicators.,2025-06-09,2025-11-14
CID-00000708,CUST-000354,Passport,travel,PAS-825403430,SER-393501,1,GA,US Department of State,2022-01-30,2031-02-12,True,in_branch_review,system_kyc,2025-06-11,active,False,False,No fraud indicators.,2025-06-11,2025-10-06
CID-00000709,CUST-000355,National ID,government,NAT-481475481,SER-848806,1,FL,State DMV,2013-03-14,2017-09-18,True,api_validation,system_kyc,2025-03-16,expired,True,False,No fraud indicators.,2025-03-15,2025-09-21
CID-00000710,CUST-000355,Passport,travel,PAS-998372334,SER-535974,1,FL,US Department of State,2024-10-28,2030-10-06,True,in_branch_review,system_kyc,2025-03-19,active,False,False,No fraud indicators.,2025-03-15,2025-06-03
CID-00000711,CUST-000356,National ID,government,NAT-676861173,SER-274768,1,GA,State DMV,2016-12-27,2025-06-02,True,in_branch_review,system_kyc,2025-04-30,expired,True,False,No fraud indicators.,2025-04-26,2025-07-21
CID-00000712,CUST-000356,Passport,travel,PAS-370924286,SER-789985,1,GA,US Department of State,2020-12-06,2030-09-04,True,in_branch_review,system_kyc,2025-04-29,active,False,False,No fraud indicators.,2025-04-28,2025-07-30
CID-00000713,CUST-000357,National ID,government,NAT-324985349,SER-813971,1,GA,State DMV,2022-03-17,2028-12-29,True,api_validation,system_kyc,2025-08-23,active,True,False,No fraud indicators.,2025-08-20,2026-02-23
CID-00000714,CUST-000357,Passport,travel,PAS-853921506,SER-231406,1,GA,US Department of State,2024-08-30,2029-02-15,True,document_scan,system_kyc,2025-08-30,active,False,False,No fraud indicators.,2025-08-26,2025-12-11
CID-00000715,CUST-000358,National ID,government,NAT-750406743,SER-423579,1,GA,State DMV,2012-03-23,2019-07-08,True,api_validation,system_kyc,2024-02-28,expired,True,False,No fraud indicators.,2024-02-24,2024-08-11
CID-00000716,CUST-000358,Passport,travel,PAS-821502614,SER-561293,1,GA,US Department of State,2015-06-15,2024-01-31,True,api_validation,system_kyc,2024-02-28,expired,False,False,No fraud indicators.,2024-02-24,2024-04-09
CID-00000717,CUST-000359,National ID,government,NAT-742270568,SER-829834,1,SC,State DMV,2023-01-07,2028-09-22,True,document_scan,system_kyc,2026-06-28,active,True,False,No fraud indicators.,2026-06-27,2026-05-01
CID-00000718,CUST-000359,Passport,travel,PAS-657838489,SER-559212,1,SC,US Department of State,2023-08-16,2028-09-01,True,api_validation,system_kyc,2026-06-28,active,False,False,No fraud indicators.,2026-06-24,2026-05-01
CID-00000719,CUST-000360,National ID,government,NAT-594209662,SER-777876,1,GA,State DMV,2019-07-18,2026-01-21,True,in_branch_review,system_kyc,2024-03-10,expired,True,False,No fraud indicators.,2024-03-08,2024-03-22
CID-00000720,CUST-000360,Passport,travel,PAS-987280343,SER-526016,1,GA,US Department of State,2017-10-12,2021-07-17,True,document_scan,system_kyc,2024-03-05,expired,False,False,No fraud indicators.,2024-03-05,2024-08-27
