account_id,customer_id,branch_id,period_id,ending_balance_usd,average_balance_usd
ACCT-000002,CUST-000002,BR-006,2025-M05,49104.95,46579.26
ACCT-000002,CUST-000002,BR-006,2025-M06,49758.83,47640.6
ACCT-000002,CUST-000002,BR-006,2025-M07,48735.54,45907.73
ACCT-000002,CUST-000002,BR-006,2025-M08,46344.97,42338.84
ACCT-000002,CUST-000002,BR-006,2025-M09,49939.81,47350.1
ACCT-000002,CUST-000002,BR-006,2025-M10,49238.17,46967.59
ACCT-000002,CUST-000002,BR-006,2025-M11,53726.06,51251.49
ACCT-000002,CUST-000002,BR-006,2025-M12,52393.22,49781.01
ACCT-000002,CUST-000002,BR-006,2026-M01,52792.85,50921.05
ACCT-000002,CUST-000002,BR-006,2026-M02,54582.89,51302.3
ACCT-000002,CUST-000002,BR-006,2026-M03,55590.65,51206.9
ACCT-000002,CUST-000002,BR-006,2026-M04,57369.76,55462.3
ACCT-000002,CUST-000002,BR-006,2026-M05,51771.46,49216.52
ACCT-000002,CUST-000002,BR-006,2026-M06,54391.19,50433.15
ACCT-000002,CUST-000002,BR-006,2026-M07,53814.97,48974.03
ACCT-000002,CUST-000002,BR-006,2026-M08,53216.92,50303.41
ACCT-000002,CUST-000002,BR-006,2026-M09,54896.05,52485.83
ACCT-000002,CUST-000002,BR-006,2026-M10,54527.62,50247.1
ACCT-000002,CUST-000002,BR-006,2026-M11,54629.38,50708.37
ACCT-000002,CUST-000002,BR-006,2026-M12,55868.0,51245.59
ACCT-000003,CUST-000003,BR-002,2025-M01,5291.99,5043.79
ACCT-000003,CUST-000003,BR-002,2025-M02,5162.67,4994.8
ACCT-000003,CUST-000003,BR-002,2025-M03,5181.47,4840.38
ACCT-000003,CUST-000003,BR-002,2025-M04,5307.06,4989.9
ACCT-000003,CUST-000003,BR-002,2025-M05,5453.86,5025.52
ACCT-000003,CUST-000003,BR-002,2025-M06,5153.44,4843.16
ACCT-000003,CUST-000003,BR-002,2025-M07,5068.79,4686.39
ACCT-000003,CUST-000003,BR-002,2025-M08,4961.78,4669.47
ACCT-000003,CUST-000003,BR-002,2025-M09,5124.45,4954.38
ACCT-000003,CUST-000003,BR-002,2025-M10,5127.33,4759.2
ACCT-000003,CUST-000003,BR-002,2025-M11,5414.28,5221.92
ACCT-000003,CUST-000003,BR-002,2025-M12,5526.3,5127.6
ACCT-000003,CUST-000003,BR-002,2026-M01,5278.23,4925.59
ACCT-000003,CUST-000003,BR-002,2026-M02,5558.03,5192.16
ACCT-000003,CUST-000003,BR-002,2026-M03,5407.42,5147.6
ACCT-000003,CUST-000003,BR-002,2026-M04,5670.5,5410.7
ACCT-000003,CUST-000003,BR-002,2026-M05,5254.35,4783.22
ACCT-000003,CUST-000003,BR-002,2026-M06,5552.4,5178.81
ACCT-000003,CUST-000003,BR-002,2026-M07,5369.35,5082.46
ACCT-000003,CUST-000003,BR-002,2026-M08,5360.85,5078.27
ACCT-000003,CUST-000003,BR-002,2026-M09,5295.29,4995.46
ACCT-000003,CUST-000003,BR-002,2026-M10,5422.68,4970.44
ACCT-000003,CUST-000003,BR-002,2026-M11,5308.11,5056.81
ACCT-000003,CUST-000003,BR-002,2026-M12,5452.58,5019.66
ACCT-000004,CUST-000004,BR-002,2025-M01,38653.45,35862.76
ACCT-000004,CUST-000004,BR-002,2025-M02,42050.3,40730.83
ACCT-000004,CUST-000004,BR-002,2025-M03,43476.42,41106.71
ACCT-000004,CUST-000004,BR-002,2025-M04,41195.74,38367.52
ACCT-000004,CUST-000004,BR-002,2025-M05,41504.73,40026.26
ACCT-000004,CUST-000004,BR-002,2025-M06,40659.38,38951.13
ACCT-000004,CUST-000004,BR-002,2025-M07,40187.13,38483.83
ACCT-000004,CUST-000004,BR-002,2025-M08,40159.97,36587.93
ACCT-000004,CUST-000004,BR-002,2025-M09,40278.37,38179.33
ACCT-000004,CUST-000004,BR-002,2025-M10,39788.66,37270.0
ACCT-000004,CUST-000004,BR-002,2025-M11,44002.02,42246.33
ACCT-000004,CUST-000004,BR-002,2025-M12,43163.76,40296.35
ACCT-000004,CUST-000004,BR-002,2026-M01,44125.55,42455.89
ACCT-000004,CUST-000004,BR-002,2026-M02,45719.66,43538.21
ACCT-000004,CUST-000004,BR-002,2026-M03,47418.17,45927.17
ACCT-000004,CUST-000004,BR-002,2026-M04,46509.49,42343.25
ACCT-000004,CUST-000004,BR-002,2026-M05,42381.93,39940.92
ACCT-000004,CUST-000004,BR-002,2026-M06,45778.98,42079.14
ACCT-000004,CUST-000004,BR-002,2026-M07,45612.68,41559.06
ACCT-000004,CUST-000004,BR-002,2026-M08,44531.15,40748.46
ACCT-000004,CUST-000004,BR-002,2026-M09,45455.24,43795.23
ACCT-000004,CUST-000004,BR-002,2026-M10,44552.09,41205.95
ACCT-000004,CUST-000004,BR-002,2026-M11,46390.68,42649.44
ACCT-000004,CUST-000004,BR-002,2026-M12,46023.64,42908.06
ACCT-000005,CUST-000005,BR-005,2025-M10,22505.17,21086.59
ACCT-000005,CUST-000005,BR-005,2025-M11,23584.52,21519.03
ACCT-000005,CUST-000005,BR-005,2025-M12,23450.87,22248.25
ACCT-000005,CUST-000005,BR-005,2026-M01,21671.98,20494.92
ACCT-000005,CUST-000005,BR-005,2026-M02,25866.16,24928.26
ACCT-000005,CUST-000005,BR-005,2026-M03,25256.0,24050.43
ACCT-000005,CUST-000005,BR-005,2026-M04,25134.14,23505.49
ACCT-000005,CUST-000005,BR-005,2026-M05,25063.97,23446.01
ACCT-000005,CUST-000005,BR-005,2026-M06,24095.19,22725.18
ACCT-000005,CUST-000005,BR-005,2026-M07,25320.49,23989.71
ACCT-000005,CUST-000005,BR-005,2026-M08,24035.77,21913.89
ACCT-000005,CUST-000005,BR-005,2026-M09,24370.23,22199.74
ACCT-000005,CUST-000005,BR-005,2026-M10,25964.46,23651.68
ACCT-000005,CUST-000005,BR-005,2026-M11,26353.27,24461.05
ACCT-000005,CUST-000005,BR-005,2026-M12,27044.65,26040.48
ACCT-000006,CUST-000006,BR-011,2025-M01,72407.45,66589.62
ACCT-000006,CUST-000006,BR-011,2025-M02,72670.87,68538.98
ACCT-000006,CUST-000006,BR-011,2025-M03,75651.49,72725.2
ACCT-000006,CUST-000006,BR-011,2025-M04,76415.59,71034.49
ACCT-000006,CUST-000006,BR-011,2025-M05,76143.93,69337.75
ACCT-000006,CUST-000006,BR-011,2025-M06,73875.73,68811.66
ACCT-000006,CUST-000006,BR-011,2025-M07,77819.25,73011.15
ACCT-000006,CUST-000006,BR-011,2025-M08,80329.29,73828.34
ACCT-000006,CUST-000006,BR-011,2025-M09,74312.64,69635.59
ACCT-000006,CUST-000006,BR-011,2025-M10,77473.72,72593.88
ACCT-000006,CUST-000006,BR-011,2025-M11,79761.68,73852.48
ACCT-000006,CUST-000006,BR-011,2025-M12,83846.66,80466.75
ACCT-000006,CUST-000006,BR-011,2026-M01,85711.32,81120.82
ACCT-000006,CUST-000006,BR-011,2026-M02,83090.24,76787.38
ACCT-000006,CUST-000006,BR-011,2026-M03,81225.1,75272.1
ACCT-000006,CUST-000006,BR-011,2026-M04,87255.93,82148.22
ACCT-000006,CUST-000006,BR-011,2026-M05,82485.36,77651.71
ACCT-000006,CUST-000006,BR-011,2026-M06,84003.41,78508.84
ACCT-000006,CUST-000006,BR-011,2026-M07,80378.74,73349.82
ACCT-000006,CUST-000006,BR-011,2026-M08,78747.51,72862.57
ACCT-000006,CUST-000006,BR-011,2026-M09,78381.37,72289.22
ACCT-000006,CUST-000006,BR-011,2026-M10,79362.01,73992.61
ACCT-000006,CUST-000006,BR-011,2026-M11,81222.41,77581.18
ACCT-000006,CUST-000006,BR-011,2026-M12,80251.22,73388.62
ACCT-000007,CUST-000007,BR-008,2025-M01,9433.26,8663.19
ACCT-000007,CUST-000007,BR-008,2025-M02,9899.56,9141.12
ACCT-000007,CUST-000007,BR-008,2025-M03,9922.84,9419.51
ACCT-000007,CUST-000007,BR-008,2025-M04,9692.98,9211.36
ACCT-000007,CUST-000007,BR-008,2025-M05,9995.54,9246.69
ACCT-000007,CUST-000007,BR-008,2025-M06,10001.62,9223.42
ACCT-000007,CUST-000007,BR-008,2025-M07,10154.08,9805.1
ACCT-000007,CUST-000007,BR-008,2025-M08,9811.42,9495.94
ACCT-000007,CUST-000007,BR-008,2025-M09,9696.56,9278.81
ACCT-000007,CUST-000007,BR-008,2025-M10,10336.04,9469.67
ACCT-000007,CUST-000007,BR-008,2025-M11,10474.91,10154.79
ACCT-000007,CUST-000007,BR-008,2025-M12,11133.99,10491.6
ACCT-000007,CUST-000007,BR-008,2026-M01,10973.52,10134.56
ACCT-000007,CUST-000007,BR-008,2026-M02,10921.01,10384.04
ACCT-000007,CUST-000007,BR-008,2026-M03,11117.95,10403.34
ACCT-000007,CUST-000007,BR-008,2026-M04,10823.47,9937.84
ACCT-000007,CUST-000007,BR-008,2026-M05,10978.75,10280.49
ACCT-000007,CUST-000007,BR-008,2026-M06,11432.2,11084.7
ACCT-000007,CUST-000007,BR-008,2026-M07,11123.56,10782.41
ACCT-000007,CUST-000007,BR-008,2026-M08,10421.55,9535.14
ACCT-000007,CUST-000007,BR-008,2026-M09,10696.91,9737.69
ACCT-000007,CUST-000007,BR-008,2026-M10,10381.71,9716.24
ACCT-000007,CUST-000007,BR-008,2026-M11,11028.92,10567.53
ACCT-000007,CUST-000007,BR-008,2026-M12,11811.37,11293.17
ACCT-000008,CUST-000008,BR-006,2025-M04,3023.9,2776.03
ACCT-000008,CUST-000008,BR-006,2025-M05,3073.15,2868.35
ACCT-000008,CUST-000008,BR-006,2025-M06,2946.81,2776.97
ACCT-000008,CUST-000008,BR-006,2025-M07,3001.05,2872.19
ACCT-000008,CUST-000008,BR-006,2025-M08,2970.09,2807.68
ACCT-000008,CUST-000008,BR-006,2025-M09,3038.32,2818.68
ACCT-000008,CUST-000008,BR-006,2025-M10,3060.41,2927.82
ACCT-000008,CUST-000008,BR-006,2025-M11,3153.21,3020.12
ACCT-000008,CUST-000008,BR-006,2025-M12,3269.31,3122.07
ACCT-000008,CUST-000008,BR-006,2026-M01,3084.27,2863.73
ACCT-000008,CUST-000008,BR-006,2026-M02,3256.86,3007.31
ACCT-000008,CUST-000008,BR-006,2026-M03,3474.03,3232.17
ACCT-000008,CUST-000008,BR-006,2026-M04,3319.18,3070.93
ACCT-000008,CUST-000008,BR-006,2026-M05,3364.46,3165.93
ACCT-000008,CUST-000008,BR-006,2026-M06,3409.14,3120.18
ACCT-000008,CUST-000008,BR-006,2026-M07,3257.15,3154.72
ACCT-000008,CUST-000008,BR-006,2026-M08,3233.79,3092.53
ACCT-000008,CUST-000008,BR-006,2026-M09,3431.75,3224.92
ACCT-000008,CUST-000008,BR-006,2026-M10,3326.55,3111.32
ACCT-000008,CUST-000008,BR-006,2026-M11,3512.59,3213.79
ACCT-000008,CUST-000008,BR-006,2026-M12,3627.18,3348.75
ACCT-000010,CUST-000010,BR-008,2025-M10,34712.19,31620.85
ACCT-000010,CUST-000010,BR-008,2025-M11,36384.75,34254.37
ACCT-000010,CUST-000010,BR-008,2025-M12,38961.13,37593.39
ACCT-000010,CUST-000010,BR-008,2026-M01,39487.48,37658.04
ACCT-000010,CUST-000010,BR-008,2026-M02,37614.4,36118.45
ACCT-000010,CUST-000010,BR-008,2026-M03,38094.62,36212.81
ACCT-000010,CUST-000010,BR-008,2026-M04,38503.95,35310.77
ACCT-000010,CUST-000010,BR-008,2026-M05,40119.24,36986.36
ACCT-000010,CUST-000010,BR-008,2026-M06,39028.46,36102.88
ACCT-000010,CUST-000010,BR-008,2026-M07,38862.33,35386.8
ACCT-000010,CUST-000010,BR-008,2026-M08,38224.46,36209.68
ACCT-000010,CUST-000010,BR-008,2026-M09,40212.93,37755.13
ACCT-000010,CUST-000010,BR-008,2026-M10,38120.07,36188.42
ACCT-000010,CUST-000010,BR-008,2026-M11,40035.73,37402.36
ACCT-000010,CUST-000010,BR-008,2026-M12,40807.38,39404.19
ACCT-000011,CUST-000011,BR-005,2025-M07,49684.68,47982.89
ACCT-000011,CUST-000011,BR-005,2025-M08,48954.13,44813.55
ACCT-000011,CUST-000011,BR-005,2025-M09,49724.98,46777.02
ACCT-000011,CUST-000011,BR-005,2025-M10,50515.29,46679.9
ACCT-000011,CUST-000011,BR-005,2025-M11,50616.36,47376.97
ACCT-000011,CUST-000011,BR-005,2025-M12,52482.98,50560.67
ACCT-000011,CUST-000011,BR-005,2026-M01,51719.38,48266.71
ACCT-000011,CUST-000011,BR-005,2026-M02,54347.04,52537.72
ACCT-000011,CUST-000011,BR-005,2026-M03,54494.43,50129.86
ACCT-000011,CUST-000011,BR-005,2026-M04,56847.79,54948.23
ACCT-000011,CUST-000011,BR-005,2026-M05,55386.43,53330.41
ACCT-000011,CUST-000011,BR-005,2026-M06,56395.14,53964.09
ACCT-000011,CUST-000011,BR-005,2026-M07,55350.58,52344.42
ACCT-000011,CUST-000011,BR-005,2026-M08,54952.4,50349.53
ACCT-000011,CUST-000011,BR-005,2026-M09,55192.91,51155.32
ACCT-000011,CUST-000011,BR-005,2026-M10,56868.95,52918.43
ACCT-000011,CUST-000011,BR-005,2026-M11,57476.6,54683.05
ACCT-000011,CUST-000011,BR-005,2026-M12,58303.28,54864.26
ACCT-000012,CUST-000012,BR-007,2025-M01,12212.69,11388.06
ACCT-000012,CUST-000012,BR-007,2025-M02,12367.59,11452.32
ACCT-000012,CUST-000012,BR-007,2025-M03,12756.76,12195.82
ACCT-000012,CUST-000012,BR-007,2025-M04,13340.39,12576.99
ACCT-000012,CUST-000012,BR-007,2025-M05,12992.73,11952.72
ACCT-000012,CUST-000012,BR-007,2025-M06,12565.94,11680.23
ACCT-000012,CUST-000012,BR-007,2025-M07,12098.81,11066.82
ACCT-000012,CUST-000012,BR-007,2025-M08,12150.02,11421.66
ACCT-000012,CUST-000012,BR-007,2025-M09,12713.81,11925.15
ACCT-000012,CUST-000012,BR-007,2025-M10,12753.17,11966.48
ACCT-000012,CUST-000012,BR-007,2025-M11,13000.94,12296.14
ACCT-000012,CUST-000012,BR-007,2025-M12,13679.42,12552.21
ACCT-000012,CUST-000012,BR-007,2026-M01,13528.97,13118.85
ACCT-000012,CUST-000012,BR-007,2026-M02,13413.49,12983.98
ACCT-000012,CUST-000012,BR-007,2026-M03,14044.38,13009.0
ACCT-000012,CUST-000012,BR-007,2026-M04,14442.86,13853.39
ACCT-000012,CUST-000012,BR-007,2026-M05,14029.15,13148.44
ACCT-000012,CUST-000012,BR-007,2026-M06,14113.99,12923.32
ACCT-000012,CUST-000012,BR-007,2026-M07,13592.62,13135.06
ACCT-000012,CUST-000012,BR-007,2026-M08,13463.61,12432.36
ACCT-000012,CUST-000012,BR-007,2026-M09,13593.87,13118.93
ACCT-000012,CUST-000012,BR-007,2026-M10,12998.52,12497.08
ACCT-000012,CUST-000012,BR-007,2026-M11,13586.27,12690.94
ACCT-000012,CUST-000012,BR-007,2026-M12,13962.58,12876.59
ACCT-000014,CUST-000014,BR-011,2025-M05,26845.03,25874.7
ACCT-000014,CUST-000014,BR-011,2025-M06,27486.61,26648.35
ACCT-000014,CUST-000014,BR-011,2025-M07,25798.55,24091.37
ACCT-000014,CUST-000014,BR-011,2025-M08,26173.97,24361.26
ACCT-000014,CUST-000014,BR-011,2025-M09,26065.4,23831.73
ACCT-000014,CUST-000014,BR-011,2025-M10,27456.77,25044.91
ACCT-000014,CUST-000014,BR-011,2025-M11,28423.96,26499.65
ACCT-000014,CUST-000014,BR-011,2025-M12,28518.28,26173.68
ACCT-000014,CUST-000014,BR-011,2026-M01,28730.96,27066.91
ACCT-000014,CUST-000014,BR-011,2026-M02,29945.61,27328.86
ACCT-000014,CUST-000014,BR-011,2026-M03,29074.14,27254.7
ACCT-000014,CUST-000014,BR-011,2026-M04,30771.62,29028.53
ACCT-000014,CUST-000014,BR-011,2026-M05,30308.82,28052.72
ACCT-000014,CUST-000014,BR-011,2026-M06,30603.66,27924.47
ACCT-000014,CUST-000014,BR-011,2026-M07,30340.85,27948.12
ACCT-000014,CUST-000014,BR-011,2026-M08,30120.03,28006.59
ACCT-000014,CUST-000014,BR-011,2026-M09,30319.43,28445.97
ACCT-000014,CUST-000014,BR-011,2026-M10,30360.73,28048.83
ACCT-000014,CUST-000014,BR-011,2026-M11,31465.05,28728.06
ACCT-000014,CUST-000014,BR-011,2026-M12,29091.21,26720.13
ACCT-000015,CUST-000015,BR-004,2026-M03,50967.85,48611.04
ACCT-000015,CUST-000015,BR-004,2026-M04,50307.89,46660.53
ACCT-000015,CUST-000015,BR-004,2026-M05,50901.37,49214.49
ACCT-000015,CUST-000015,BR-004,2026-M06,51046.42,48566.25
ACCT-000015,CUST-000015,BR-004,2026-M07,47448.91,45467.22
ACCT-000015,CUST-000015,BR-004,2026-M08,51373.36,47486.09
ACCT-000015,CUST-000015,BR-004,2026-M09,48816.31,46338.7
ACCT-000015,CUST-000015,BR-004,2026-M10,50150.42,47218.79
ACCT-000015,CUST-000015,BR-004,2026-M11,53264.68,48823.23
ACCT-000015,CUST-000015,BR-004,2026-M12,54474.83,52690.73
ACCT-000016,CUST-000016,BR-005,2025-M05,9319.57,8921.92
ACCT-000016,CUST-000016,BR-005,2025-M06,9016.68,8592.46
ACCT-000016,CUST-000016,BR-005,2025-M07,8983.03,8614.55
ACCT-000016,CUST-000016,BR-005,2025-M08,9109.86,8371.07
ACCT-000016,CUST-000016,BR-005,2025-M09,9148.36,8619.21
ACCT-000016,CUST-000016,BR-005,2025-M10,8967.22,8520.91
ACCT-000016,CUST-000016,BR-005,2025-M11,9293.73,8613.86
ACCT-000016,CUST-000016,BR-005,2025-M12,9410.5,8794.71
ACCT-000016,CUST-000016,BR-005,2026-M01,9741.58,9308.7
ACCT-000016,CUST-000016,BR-005,2026-M02,9781.55,9075.47
ACCT-000016,CUST-000016,BR-005,2026-M03,10191.87,9371.09
ACCT-000016,CUST-000016,BR-005,2026-M04,10219.41,9504.12
ACCT-000016,CUST-000016,BR-005,2026-M05,9771.04,9430.88
ACCT-000016,CUST-000016,BR-005,2026-M06,10378.52,10032.02
ACCT-000016,CUST-000016,BR-005,2026-M07,10539.32,10197.0
ACCT-000016,CUST-000016,BR-005,2026-M08,10316.33,9652.05
ACCT-000016,CUST-000016,BR-005,2026-M09,10026.47,9426.81
ACCT-000016,CUST-000016,BR-005,2026-M10,10365.81,9692.48
ACCT-000016,CUST-000016,BR-005,2026-M11,11165.44,10225.79
ACCT-000016,CUST-000016,BR-005,2026-M12,10559.45,10079.36
ACCT-000017,CUST-000017,BR-011,2026-M05,4771.63,4454.86
ACCT-000017,CUST-000017,BR-011,2026-M06,4749.08,4389.01
ACCT-000017,CUST-000017,BR-011,2026-M07,4711.14,4557.41
ACCT-000017,CUST-000017,BR-011,2026-M08,4511.83,4297.84
ACCT-000017,CUST-000017,BR-011,2026-M09,4665.39,4478.7
ACCT-000017,CUST-000017,BR-011,2026-M10,4583.95,4171.55
ACCT-000017,CUST-000017,BR-011,2026-M11,4745.63,4403.9
ACCT-000017,CUST-000017,BR-011,2026-M12,4979.66,4703.6
ACCT-000018,CUST-000018,BR-007,2025-M01,2137.14,2038.41
ACCT-000018,CUST-000018,BR-007,2025-M02,2242.36,2077.54
ACCT-000018,CUST-000018,BR-007,2025-M03,2218.52,2072.58
ACCT-000018,CUST-000018,BR-007,2025-M04,2297.15,2106.9
ACCT-000018,CUST-000018,BR-007,2025-M05,2168.64,2019.9
ACCT-000018,CUST-000018,BR-007,2025-M06,2164.55,2003.34
ACCT-000018,CUST-000018,BR-007,2025-M07,2186.27,2024.02
ACCT-000018,CUST-000018,BR-007,2025-M08,2163.03,2013.83
ACCT-000018,CUST-000018,BR-007,2025-M09,2293.3,2184.55
ACCT-000018,CUST-000018,BR-007,2025-M10,2341.33,2228.71
ACCT-000018,CUST-000018,BR-007,2025-M11,2323.84,2199.11
ACCT-000018,CUST-000018,BR-007,2025-M12,2334.82,2170.64
ACCT-000018,CUST-000018,BR-007,2026-M01,2292.75,2192.59
ACCT-000018,CUST-000018,BR-007,2026-M02,2445.45,2232.64
ACCT-000018,CUST-000018,BR-007,2026-M03,2482.36,2396.84
ACCT-000018,CUST-000018,BR-007,2026-M04,2579.53,2413.72
ACCT-000018,CUST-000018,BR-007,2026-M05,2515.43,2372.46
ACCT-000018,CUST-000018,BR-007,2026-M06,2576.74,2367.95
ACCT-000018,CUST-000018,BR-007,2026-M07,2431.35,2218.9
ACCT-000018,CUST-000018,BR-007,2026-M08,2321.19,2168.84
ACCT-000018,CUST-000018,BR-007,2026-M09,2314.23,2219.85
ACCT-000018,CUST-000018,BR-007,2026-M10,2365.26,2196.36
ACCT-000018,CUST-000018,BR-007,2026-M11,2299.95,2208.53
ACCT-000018,CUST-000018,BR-007,2026-M12,2582.69,2357.49
ACCT-000019,CUST-000019,BR-001,2026-M01,3991.5,3811.46
ACCT-000019,CUST-000019,BR-001,2026-M02,4283.03,4094.8
ACCT-000019,CUST-000019,BR-001,2026-M03,4253.69,4003.82
ACCT-000019,CUST-000019,BR-001,2026-M04,4248.19,3866.05
ACCT-000019,CUST-000019,BR-001,2026-M05,4341.53,4040.67
ACCT-000019,CUST-000019,BR-001,2026-M06,4184.13,3862.42
ACCT-000019,CUST-000019,BR-001,2026-M07,4208.31,3893.41
ACCT-000019,CUST-000019,BR-001,2026-M08,4081.41,3874.49
ACCT-000019,CUST-000019,BR-001,2026-M09,4354.35,4178.88
ACCT-000019,CUST-000019,BR-001,2026-M10,4252.86,3941.31
ACCT-000019,CUST-000019,BR-001,2026-M11,4616.57,4312.99
ACCT-000019,CUST-000019,BR-001,2026-M12,4520.4,4209.28
ACCT-000020,CUST-000020,BR-009,2026-M05,32470.17,31253.0
ACCT-000020,CUST-000020,BR-009,2026-M06,30349.96,28476.15
ACCT-000020,CUST-000020,BR-009,2026-M07,32464.4,31234.87
ACCT-000020,CUST-000020,BR-009,2026-M08,33186.38,31708.34
ACCT-000020,CUST-000020,BR-009,2026-M09,32965.7,30568.27
ACCT-000020,CUST-000020,BR-009,2026-M10,32093.02,30376.79
ACCT-000020,CUST-000020,BR-009,2026-M11,34011.32,32191.99
ACCT-000020,CUST-000020,BR-009,2026-M12,35491.98,33901.8
ACCT-000021,CUST-000021,BR-003,2025-M09,1133.9,1081.21
ACCT-000021,CUST-000021,BR-003,2025-M10,1139.07,1099.44
ACCT-000021,CUST-000021,BR-003,2025-M11,1186.5,1097.69
ACCT-000021,CUST-000021,BR-003,2025-M12,1218.84,1118.34
ACCT-000021,CUST-000021,BR-003,2026-M01,1256.1,1215.48
ACCT-000021,CUST-000021,BR-003,2026-M02,1290.23,1188.81
ACCT-000021,CUST-000021,BR-003,2026-M03,1321.23,1270.49
ACCT-000021,CUST-000021,BR-003,2026-M04,1252.32,1166.49
ACCT-000021,CUST-000021,BR-003,2026-M05,1298.58,1242.09
ACCT-000021,CUST-000021,BR-003,2026-M06,1282.53,1184.39
ACCT-000021,CUST-000021,BR-003,2026-M07,1278.48,1228.86
ACCT-000021,CUST-000021,BR-003,2026-M08,1182.37,1107.93
ACCT-000021,CUST-000021,BR-003,2026-M09,1260.73,1206.59
ACCT-000021,CUST-000021,BR-003,2026-M10,1304.99,1262.06
ACCT-000021,CUST-000021,BR-003,2026-M11,1326.07,1218.29
ACCT-000021,CUST-000021,BR-003,2026-M12,1332.98,1282.15
ACCT-000025,CUST-000025,BR-009,2025-M01,34842.15,33339.94
ACCT-000025,CUST-000025,BR-009,2025-M02,35332.72,32649.64
ACCT-000025,CUST-000025,BR-009,2025-M03,35330.34,33636.44
ACCT-000025,CUST-000025,BR-009,2025-M04,35298.76,33752.05
ACCT-000025,CUST-000025,BR-009,2025-M05,36169.01,35027.59
ACCT-000025,CUST-000025,BR-009,2025-M06,36104.24,33081.02
ACCT-000025,CUST-000025,BR-009,2025-M07,35546.94,32980.57
ACCT-000025,CUST-000025,BR-009,2025-M08,36533.04,35423.48
ACCT-000025,CUST-000025,BR-009,2025-M09,35840.51,34505.79
ACCT-000025,CUST-000025,BR-009,2025-M10,36261.91,33005.45
ACCT-000025,CUST-000025,BR-009,2025-M11,36698.11,33615.97
ACCT-000025,CUST-000025,BR-009,2025-M12,38270.98,34977.57
ACCT-000025,CUST-000025,BR-009,2026-M01,39593.56,37529.02
ACCT-000025,CUST-000025,BR-009,2026-M02,39005.12,37402.06
ACCT-000025,CUST-000025,BR-009,2026-M03,39209.98,35855.17
ACCT-000025,CUST-000025,BR-009,2026-M04,41272.66,39159.27
ACCT-000025,CUST-000025,BR-009,2026-M05,39846.89,36734.36
ACCT-000025,CUST-000025,BR-009,2026-M06,35851.13,34422.63
ACCT-000025,CUST-000025,BR-009,2026-M07,40037.4,36936.73
ACCT-000025,CUST-000025,BR-009,2026-M08,36758.18,33664.1
ACCT-000025,CUST-000025,BR-009,2026-M09,37410.56,35433.55
ACCT-000025,CUST-000025,BR-009,2026-M10,37142.57,35089.17
ACCT-000025,CUST-000025,BR-009,2026-M11,36249.76,33966.34
ACCT-000025,CUST-000025,BR-009,2026-M12,39654.94,38276.45
ACCT-000026,CUST-000026,BR-006,2025-M01,6723.69,6141.0
ACCT-000026,CUST-000026,BR-006,2025-M02,6811.61,6514.19
ACCT-000026,CUST-000026,BR-006,2025-M03,6840.52,6445.47
ACCT-000026,CUST-000026,BR-006,2025-M04,7036.5,6491.18
ACCT-000026,CUST-000026,BR-006,2025-M05,6922.16,6627.61
ACCT-000026,CUST-000026,BR-006,2025-M06,6902.23,6625.73
ACCT-000026,CUST-000026,BR-006,2025-M07,6763.31,6341.82
ACCT-000026,CUST-000026,BR-006,2025-M08,6772.34,6330.55
ACCT-000026,CUST-000026,BR-006,2025-M09,6540.94,6158.92
ACCT-000026,CUST-000026,BR-006,2025-M10,6696.81,6476.29
ACCT-000026,CUST-000026,BR-006,2025-M11,7120.72,6732.93
ACCT-000026,CUST-000026,BR-006,2025-M12,7052.52,6786.05
ACCT-000026,CUST-000026,BR-006,2026-M01,7271.98,7051.7
ACCT-000026,CUST-000026,BR-006,2026-M02,7436.98,6805.22
ACCT-000026,CUST-000026,BR-006,2026-M03,7553.5,6913.07
ACCT-000026,CUST-000026,BR-006,2026-M04,7228.74,6724.2
ACCT-000026,CUST-000026,BR-006,2026-M05,7072.48,6787.34
ACCT-000026,CUST-000026,BR-006,2026-M06,7297.48,6687.22
ACCT-000026,CUST-000026,BR-006,2026-M07,7026.08,6617.98
ACCT-000026,CUST-000026,BR-006,2026-M08,6992.1,6509.53
ACCT-000026,CUST-000026,BR-006,2026-M09,7011.68,6659.06
ACCT-000026,CUST-000026,BR-006,2026-M10,6792.97,6224.06
ACCT-000026,CUST-000026,BR-006,2026-M11,7052.56,6467.53
ACCT-000026,CUST-000026,BR-006,2026-M12,6968.78,6476.42
ACCT-000027,CUST-000027,BR-012,2026-M09,20989.27,19511.35
ACCT-000027,CUST-000027,BR-012,2026-M10,21734.37,20708.64
ACCT-000027,CUST-000027,BR-012,2026-M11,23228.11,21969.84
ACCT-000027,CUST-000027,BR-012,2026-M12,22815.79,21116.91
ACCT-000029,CUST-000029,BR-007,2025-M03,10616.23,10211.36
ACCT-000029,CUST-000029,BR-007,2025-M04,10594.61,10220.12
ACCT-000029,CUST-000029,BR-007,2025-M05,10267.16,9837.12
ACCT-000029,CUST-000029,BR-007,2025-M06,10792.3,10275.08
ACCT-000029,CUST-000029,BR-007,2025-M07,10890.83,10474.12
ACCT-000029,CUST-000029,BR-007,2025-M08,10888.16,10206.41
ACCT-000029,CUST-000029,BR-007,2025-M09,11202.45,10619.87
ACCT-000029,CUST-000029,BR-007,2025-M10,11003.17,10606.55
ACCT-000029,CUST-000029,BR-007,2025-M11,11508.86,11014.23
ACCT-000029,CUST-000029,BR-007,2025-M12,11185.95,10404.66
ACCT-000029,CUST-000029,BR-007,2026-M01,12176.87,11318.0
ACCT-000029,CUST-000029,BR-007,2026-M02,12241.97,11638.57
ACCT-000029,CUST-000029,BR-007,2026-M03,11970.55,11019.21
ACCT-000029,CUST-000029,BR-007,2026-M04,12306.74,11386.49
ACCT-000029,CUST-000029,BR-007,2026-M05,12118.76,11423.88
ACCT-000029,CUST-000029,BR-007,2026-M06,12148.09,11601.38
ACCT-000029,CUST-000029,BR-007,2026-M07,11608.42,10687.1
ACCT-000029,CUST-000029,BR-007,2026-M08,11966.62,11047.68
ACCT-000029,CUST-000029,BR-007,2026-M09,11507.68,10707.85
ACCT-000029,CUST-000029,BR-007,2026-M10,12109.78,11203.06
ACCT-000029,CUST-000029,BR-007,2026-M11,11307.84,10540.33
ACCT-000029,CUST-000029,BR-007,2026-M12,12273.86,11171.83
ACCT-000030,CUST-000030,BR-011,2026-M01,19356.06,17738.84
ACCT-000030,CUST-000030,BR-011,2026-M02,20576.69,19312.44
ACCT-000030,CUST-000030,BR-011,2026-M03,19419.91,18127.95
ACCT-000030,CUST-000030,BR-011,2026-M04,20022.37,19233.64
ACCT-000030,CUST-000030,BR-011,2026-M05,20144.8,18363.61
ACCT-000030,CUST-000030,BR-011,2026-M06,21263.84,19409.97
ACCT-000030,CUST-000030,BR-011,2026-M07,19850.86,18559.64
ACCT-000030,CUST-000030,BR-011,2026-M08,20851.03,20036.53
ACCT-000030,CUST-000030,BR-011,2026-M09,20736.5,19547.7
ACCT-000030,CUST-000030,BR-011,2026-M10,20446.47,18873.66
ACCT-000030,CUST-000030,BR-011,2026-M11,21116.69,19918.3
ACCT-000030,CUST-000030,BR-011,2026-M12,20573.17,19219.63
ACCT-000031,CUST-000031,BR-012,2025-M01,3668.0,3355.85
ACCT-000031,CUST-000031,BR-012,2025-M02,3457.51,3267.73
ACCT-000031,CUST-000031,BR-012,2025-M03,3864.41,3608.19
ACCT-000031,CUST-000031,BR-012,2025-M04,3703.15,3535.4
ACCT-000031,CUST-000031,BR-012,2025-M05,3677.42,3513.07
ACCT-000031,CUST-000031,BR-012,2025-M06,3633.75,3477.07
ACCT-000031,CUST-000031,BR-012,2025-M07,3559.37,3330.46
ACCT-000031,CUST-000031,BR-012,2025-M08,3516.16,3339.69
ACCT-000031,CUST-000031,BR-012,2025-M09,3587.22,3279.22
ACCT-000031,CUST-000031,BR-012,2025-M10,3674.33,3541.09
ACCT-000031,CUST-000031,BR-012,2025-M11,3886.6,3703.3
ACCT-000031,CUST-000031,BR-012,2025-M12,3892.69,3711.78
ACCT-000031,CUST-000031,BR-012,2026-M01,3978.53,3735.54
ACCT-000031,CUST-000031,BR-012,2026-M02,3734.66,3472.42
ACCT-000031,CUST-000031,BR-012,2026-M03,3855.57,3590.22
ACCT-000031,CUST-000031,BR-012,2026-M04,4036.75,3693.24
ACCT-000031,CUST-000031,BR-012,2026-M05,3724.63,3482.67
ACCT-000031,CUST-000031,BR-012,2026-M06,3771.24,3437.13
ACCT-000031,CUST-000031,BR-012,2026-M07,3698.43,3587.04
ACCT-000031,CUST-000031,BR-012,2026-M08,3717.38,3533.26
ACCT-000031,CUST-000031,BR-012,2026-M09,3618.12,3366.36
ACCT-000031,CUST-000031,BR-012,2026-M10,3739.5,3468.01
ACCT-000031,CUST-000031,BR-012,2026-M11,3738.99,3605.69
ACCT-000031,CUST-000031,BR-012,2026-M12,3851.47,3538.33
ACCT-000032,CUST-000032,BR-012,2025-M01,13976.92,13072.11
ACCT-000032,CUST-000032,BR-012,2025-M02,13291.86,12730.73
ACCT-000032,CUST-000032,BR-012,2025-M03,13612.72,12388.15
ACCT-000032,CUST-000032,BR-012,2025-M04,12866.39,12245.59
ACCT-000032,CUST-000032,BR-012,2025-M05,13890.37,12927.47
ACCT-000032,CUST-000032,BR-012,2025-M06,13776.3,12687.26
ACCT-000032,CUST-000032,BR-012,2025-M07,14067.19,13433.67
ACCT-000032,CUST-000032,BR-012,2025-M08,13533.29,12849.76
ACCT-000032,CUST-000032,BR-012,2025-M09,13934.51,13363.99
ACCT-000032,CUST-000032,BR-012,2025-M10,14555.28,13871.12
ACCT-000032,CUST-000032,BR-012,2025-M11,13802.35,13001.61
ACCT-000032,CUST-000032,BR-012,2025-M12,13847.81,13089.74
ACCT-000032,CUST-000032,BR-012,2026-M01,13799.31,13190.48
ACCT-000032,CUST-000032,BR-012,2026-M02,14245.92,13790.71
ACCT-000032,CUST-000032,BR-012,2026-M03,14404.45,13480.72
ACCT-000032,CUST-000032,BR-012,2026-M04,13911.7,13178.55
ACCT-000032,CUST-000032,BR-012,2026-M05,13967.23,12953.34
ACCT-000032,CUST-000032,BR-012,2026-M06,14162.04,13473.4
ACCT-000032,CUST-000032,BR-012,2026-M07,13592.0,12401.85
ACCT-000032,CUST-000032,BR-012,2026-M08,13915.38,12740.11
ACCT-000032,CUST-000032,BR-012,2026-M09,12892.56,12454.63
ACCT-000032,CUST-000032,BR-012,2026-M10,13460.52,12731.36
ACCT-000032,CUST-000032,BR-012,2026-M11,14475.8,13457.03
ACCT-000032,CUST-000032,BR-012,2026-M12,13987.02,13034.82
ACCT-000033,CUST-000033,BR-003,2025-M05,57860.9,53567.73
ACCT-000033,CUST-000033,BR-003,2025-M06,56680.27,51677.46
ACCT-000033,CUST-000033,BR-003,2025-M07,55779.37,50770.03
ACCT-000033,CUST-000033,BR-003,2025-M08,55882.84,51304.78
ACCT-000033,CUST-000033,BR-003,2025-M09,54516.54,49886.96
ACCT-000033,CUST-000033,BR-003,2025-M10,57530.53,55579.77
ACCT-000033,CUST-000033,BR-003,2025-M11,56341.36,51763.63
ACCT-000033,CUST-000033,BR-003,2025-M12,60911.07,58388.85
ACCT-000033,CUST-000033,BR-003,2026-M01,62224.08,58938.12
ACCT-000033,CUST-000033,BR-003,2026-M02,61765.31,56490.22
ACCT-000033,CUST-000033,BR-003,2026-M03,61874.44,58969.31
ACCT-000033,CUST-000033,BR-003,2026-M04,62330.71,57908.91
ACCT-000033,CUST-000033,BR-003,2026-M05,61775.89,58251.13
ACCT-000033,CUST-000033,BR-003,2026-M06,62858.73,57651.31
ACCT-000033,CUST-000033,BR-003,2026-M07,62508.02,58963.24
ACCT-000033,CUST-000033,BR-003,2026-M08,60385.67,55795.05
ACCT-000033,CUST-000033,BR-003,2026-M09,63628.17,58500.27
ACCT-000033,CUST-000033,BR-003,2026-M10,64734.77,61000.15
ACCT-000033,CUST-000033,BR-003,2026-M11,62784.69,58833.54
ACCT-000033,CUST-000033,BR-003,2026-M12,63799.59,61395.66
ACCT-000034,CUST-000034,BR-009,2025-M05,12487.87,12098.53
ACCT-000034,CUST-000034,BR-009,2025-M06,12531.06,11644.01
ACCT-000034,CUST-000034,BR-009,2025-M07,12695.36,12217.18
ACCT-000034,CUST-000034,BR-009,2025-M08,12920.24,12181.89
ACCT-000034,CUST-000034,BR-009,2025-M09,12979.19,12267.98
ACCT-000034,CUST-000034,BR-009,2025-M10,12776.17,12151.4
ACCT-000034,CUST-000034,BR-009,2025-M11,12820.97,12250.17
ACCT-000034,CUST-000034,BR-009,2025-M12,13013.22,12484.79
ACCT-000034,CUST-000034,BR-009,2026-M01,13739.93,12982.93
ACCT-000034,CUST-000034,BR-009,2026-M02,13919.76,12887.26
ACCT-000034,CUST-000034,BR-009,2026-M03,13782.7,12825.85
ACCT-000034,CUST-000034,BR-009,2026-M04,14547.66,13734.18
ACCT-000034,CUST-000034,BR-009,2026-M05,14848.58,13871.88
ACCT-000034,CUST-000034,BR-009,2026-M06,13283.47,12115.71
ACCT-000034,CUST-000034,BR-009,2026-M07,13882.67,13041.48
ACCT-000034,CUST-000034,BR-009,2026-M08,14814.63,13925.15
ACCT-000034,CUST-000034,BR-009,2026-M09,14012.46,13307.61
ACCT-000034,CUST-000034,BR-009,2026-M10,13864.44,12820.33
ACCT-000034,CUST-000034,BR-009,2026-M11,15303.13,14511.44
ACCT-000034,CUST-000034,BR-009,2026-M12,15520.53,14693.8
ACCT-000037,CUST-000037,BR-009,2025-M01,9566.98,8812.27
ACCT-000037,CUST-000037,BR-009,2025-M02,9740.9,9266.31
ACCT-000037,CUST-000037,BR-009,2025-M03,10137.64,9613.38
ACCT-000037,CUST-000037,BR-009,2025-M04,9690.89,9327.68
ACCT-000037,CUST-000037,BR-009,2025-M05,10009.48,9510.83
ACCT-000037,CUST-000037,BR-009,2025-M06,10141.63,9396.45
ACCT-000037,CUST-000037,BR-009,2025-M07,10303.52,9560.42
ACCT-000037,CUST-000037,BR-009,2025-M08,9875.03,9454.43
ACCT-000037,CUST-000037,BR-009,2025-M09,10265.12,9570.0
ACCT-000037,CUST-000037,BR-009,2025-M10,10173.47,9822.31
ACCT-000037,CUST-000037,BR-009,2025-M11,10007.9,9147.53
ACCT-000037,CUST-000037,BR-009,2025-M12,10444.81,10058.86
ACCT-000037,CUST-000037,BR-009,2026-M01,10967.55,10270.32
ACCT-000037,CUST-000037,BR-009,2026-M02,11257.97,10604.62
ACCT-000037,CUST-000037,BR-009,2026-M03,11573.17,10712.6
ACCT-000037,CUST-000037,BR-009,2026-M04,11230.99,10792.98
ACCT-000037,CUST-000037,BR-009,2026-M05,11673.02,11088.02
ACCT-000037,CUST-000037,BR-009,2026-M06,10639.15,9714.09
ACCT-000037,CUST-000037,BR-009,2026-M07,11184.82,10524.98
ACCT-000037,CUST-000037,BR-009,2026-M08,10837.94,10237.02
ACCT-000037,CUST-000037,BR-009,2026-M09,11026.41,10687.8
ACCT-000037,CUST-000037,BR-009,2026-M10,11077.52,10248.61
ACCT-000037,CUST-000037,BR-009,2026-M11,11029.28,10154.37
ACCT-000037,CUST-000037,BR-009,2026-M12,11589.01,11017.44
ACCT-000040,CUST-000040,BR-006,2026-M07,45298.72,42537.9
ACCT-000040,CUST-000040,BR-006,2026-M08,50245.35,46042.99
ACCT-000040,CUST-000040,BR-006,2026-M09,46900.17,43385.55
ACCT-000040,CUST-000040,BR-006,2026-M10,46707.2,45255.31
ACCT-000040,CUST-000040,BR-006,2026-M11,51214.19,47737.41
ACCT-000040,CUST-000040,BR-006,2026-M12,50506.99,46020.5
ACCT-000041,CUST-000041,BR-002,2026-M05,8499.55,7882.58
ACCT-000041,CUST-000041,BR-002,2026-M06,9594.47,8944.02
ACCT-000041,CUST-000041,BR-002,2026-M07,9303.79,8674.77
ACCT-000041,CUST-000041,BR-002,2026-M08,9328.24,9029.51
ACCT-000041,CUST-000041,BR-002,2026-M09,9495.78,9011.33
ACCT-000041,CUST-000041,BR-002,2026-M10,9794.2,8988.14
ACCT-000041,CUST-000041,BR-002,2026-M11,10120.9,9382.04
ACCT-000041,CUST-000041,BR-002,2026-M12,10071.08,9260.51
ACCT-000042,CUST-000042,BR-011,2025-M06,10234.11,9366.05
ACCT-000042,CUST-000042,BR-011,2025-M07,10011.66,9397.07
ACCT-000042,CUST-000042,BR-011,2025-M08,9846.58,9230.9
ACCT-000042,CUST-000042,BR-011,2025-M09,9912.2,9120.45
ACCT-000042,CUST-000042,BR-011,2025-M10,10456.77,10045.9
ACCT-000042,CUST-000042,BR-011,2025-M11,10078.06,9717.88
ACCT-000042,CUST-000042,BR-011,2025-M12,10555.18,9933.26
ACCT-000042,CUST-000042,BR-011,2026-M01,10292.22,9474.23
ACCT-000042,CUST-000042,BR-011,2026-M02,10851.85,10140.09
ACCT-000042,CUST-000042,BR-011,2026-M03,10952.13,10392.89
ACCT-000042,CUST-000042,BR-011,2026-M04,11109.23,10748.17
ACCT-000042,CUST-000042,BR-011,2026-M05,10842.74,10410.42
ACCT-000042,CUST-000042,BR-011,2026-M06,11166.51,10412.15
ACCT-000042,CUST-000042,BR-011,2026-M07,11267.34,10416.23
ACCT-000042,CUST-000042,BR-011,2026-M08,11705.27,11018.8
ACCT-000042,CUST-000042,BR-011,2026-M09,11706.46,11260.35
ACCT-000042,CUST-000042,BR-011,2026-M10,11156.87,10658.69
ACCT-000042,CUST-000042,BR-011,2026-M11,11708.19,10707.84
ACCT-000042,CUST-000042,BR-011,2026-M12,11799.98,10853.46
ACCT-000044,CUST-000044,BR-001,2025-M01,11282.81,10372.52
ACCT-000044,CUST-000044,BR-001,2025-M02,11463.18,10463.83
ACCT-000044,CUST-000044,BR-001,2025-M03,12054.68,11613.36
ACCT-000044,CUST-000044,BR-001,2025-M04,12128.46,11665.78
ACCT-000044,CUST-000044,BR-001,2025-M05,12120.97,11611.11
ACCT-000044,CUST-000044,BR-001,2025-M06,11773.17,10744.23
ACCT-000044,CUST-000044,BR-001,2025-M07,11647.27,11207.46
ACCT-000044,CUST-000044,BR-001,2025-M08,11359.71,10726.49
ACCT-000044,CUST-000044,BR-001,2025-M09,11600.8,11057.88
ACCT-000044,CUST-000044,BR-001,2025-M10,11914.4,11356.76
ACCT-000044,CUST-000044,BR-001,2025-M11,12341.45,11777.11
ACCT-000044,CUST-000044,BR-001,2025-M12,12787.11,12089.9
ACCT-000044,CUST-000044,BR-001,2026-M01,13353.18,12493.76
ACCT-000044,CUST-000044,BR-001,2026-M02,13239.56,12583.66
ACCT-000044,CUST-000044,BR-001,2026-M03,13160.24,12032.41
ACCT-000044,CUST-000044,BR-001,2026-M04,13737.17,12589.24
ACCT-000044,CUST-000044,BR-001,2026-M05,12510.87,11684.51
ACCT-000044,CUST-000044,BR-001,2026-M06,13390.48,12195.04
ACCT-000044,CUST-000044,BR-001,2026-M07,12909.6,11845.32
ACCT-000044,CUST-000044,BR-001,2026-M08,12678.33,12210.42
ACCT-000044,CUST-000044,BR-001,2026-M09,13232.66,12298.72
ACCT-000044,CUST-000044,BR-001,2026-M10,12754.18,12152.73
ACCT-000044,CUST-000044,BR-001,2026-M11,13155.14,12093.03
ACCT-000044,CUST-000044,BR-001,2026-M12,13344.68,12424.87
ACCT-000045,CUST-000045,BR-008,2026-M07,23439.99,22602.37
ACCT-000045,CUST-000045,BR-008,2026-M08,23058.48,21073.34
ACCT-000045,CUST-000045,BR-008,2026-M09,24494.09,22861.29
ACCT-000045,CUST-000045,BR-008,2026-M10,23491.31,21774.64
ACCT-000045,CUST-000045,BR-008,2026-M11,26208.15,24651.59
ACCT-000045,CUST-000045,BR-008,2026-M12,25966.82,23774.51
ACCT-000046,CUST-000046,BR-002,2025-M09,7430.03,6922.12
ACCT-000046,CUST-000046,BR-002,2025-M10,7710.38,7436.63
ACCT-000046,CUST-000046,BR-002,2025-M11,7736.49,7192.9
ACCT-000046,CUST-000046,BR-002,2025-M12,7830.54,7467.75
ACCT-000046,CUST-000046,BR-002,2026-M01,7844.53,7173.36
ACCT-000046,CUST-000046,BR-002,2026-M02,8471.72,7812.67
ACCT-000046,CUST-000046,BR-002,2026-M03,8673.71,7916.18
ACCT-000046,CUST-000046,BR-002,2026-M04,8235.42,7963.53
ACCT-000046,CUST-000046,BR-002,2026-M05,8331.5,7666.55
ACCT-000046,CUST-000046,BR-002,2026-M06,8266.92,8013.75
ACCT-000046,CUST-000046,BR-002,2026-M07,8457.12,7960.81
ACCT-000046,CUST-000046,BR-002,2026-M08,8397.49,7975.54
ACCT-000046,CUST-000046,BR-002,2026-M09,8545.16,7900.48
ACCT-000046,CUST-000046,BR-002,2026-M10,8486.24,7733.46
ACCT-000046,CUST-000046,BR-002,2026-M11,8783.15,8259.5
ACCT-000046,CUST-000046,BR-002,2026-M12,9070.34,8471.13
ACCT-000048,CUST-000048,BR-010,2025-M09,28317.99,26406.97
ACCT-000048,CUST-000048,BR-010,2025-M10,26767.08,24951.34
ACCT-000048,CUST-000048,BR-010,2025-M11,26325.75,25069.15
ACCT-000048,CUST-000048,BR-010,2025-M12,28113.74,26259.98
ACCT-000048,CUST-000048,BR-010,2026-M01,29425.14,27185.74
ACCT-000048,CUST-000048,BR-010,2026-M02,30665.69,28223.46
ACCT-000048,CUST-000048,BR-010,2026-M03,30044.71,28806.64
ACCT-000048,CUST-000048,BR-010,2026-M04,30243.84,27865.95
ACCT-000048,CUST-000048,BR-010,2026-M05,29550.78,26903.4
ACCT-000048,CUST-000048,BR-010,2026-M06,30728.41,29194.43
ACCT-000048,CUST-000048,BR-010,2026-M07,30276.61,28114.76
ACCT-000048,CUST-000048,BR-010,2026-M08,29339.51,28178.36
ACCT-000048,CUST-000048,BR-010,2026-M09,28989.37,27229.57
ACCT-000048,CUST-000048,BR-010,2026-M10,29002.65,27949.28
ACCT-000048,CUST-000048,BR-010,2026-M11,30461.48,29189.08
ACCT-000048,CUST-000048,BR-010,2026-M12,31806.63,30688.49
ACCT-000053,CUST-000053,BR-002,2026-M09,9754.25,8949.31
ACCT-000053,CUST-000053,BR-002,2026-M10,10108.24,9375.1
ACCT-000053,CUST-000053,BR-002,2026-M11,10108.51,9206.66
ACCT-000053,CUST-000053,BR-002,2026-M12,10726.62,9763.64
ACCT-000054,CUST-000054,BR-012,2026-M02,53702.4,49511.76
ACCT-000054,CUST-000054,BR-012,2026-M03,51860.17,48683.54
ACCT-000054,CUST-000054,BR-012,2026-M04,52813.65,49526.37
ACCT-000054,CUST-000054,BR-012,2026-M05,52396.79,50773.42
ACCT-000054,CUST-000054,BR-012,2026-M06,54578.67,51658.25
ACCT-000054,CUST-000054,BR-012,2026-M07,50385.47,47653.08
ACCT-000054,CUST-000054,BR-012,2026-M08,52728.53,51086.77
ACCT-000054,CUST-000054,BR-012,2026-M09,52564.97,49755.52
ACCT-000054,CUST-000054,BR-012,2026-M10,53279.23,50010.33
ACCT-000054,CUST-000054,BR-012,2026-M11,58474.5,56628.17
ACCT-000054,CUST-000054,BR-012,2026-M12,57049.78,52868.13
ACCT-000056,CUST-000056,BR-011,2026-M09,15934.31,15074.16
ACCT-000056,CUST-000056,BR-011,2026-M10,15455.48,14348.47
ACCT-000056,CUST-000056,BR-011,2026-M11,15932.02,14548.64
ACCT-000056,CUST-000056,BR-011,2026-M12,15920.61,15355.28
ACCT-000059,CUST-000059,BR-006,2026-M04,3394.07,3117.3
ACCT-000059,CUST-000059,BR-006,2026-M05,3286.76,3071.17
ACCT-000059,CUST-000059,BR-006,2026-M06,3392.31,3133.12
ACCT-000059,CUST-000059,BR-006,2026-M07,3284.59,3132.73
ACCT-000059,CUST-000059,BR-006,2026-M08,3622.12,3377.55
ACCT-000059,CUST-000059,BR-006,2026-M09,3418.0,3290.54
ACCT-000059,CUST-000059,BR-006,2026-M10,3471.84,3165.28
ACCT-000059,CUST-000059,BR-006,2026-M11,3500.13,3322.11
ACCT-000059,CUST-000059,BR-006,2026-M12,3686.59,3534.27
ACCT-000060,CUST-000060,BR-012,2025-M01,11270.25,10439.68
ACCT-000060,CUST-000060,BR-012,2025-M02,11094.83,10388.13
ACCT-000060,CUST-000060,BR-012,2025-M03,11107.36,10181.21
ACCT-000060,CUST-000060,BR-012,2025-M04,11499.51,11013.59
ACCT-000060,CUST-000060,BR-012,2025-M05,11780.73,11304.45
ACCT-000060,CUST-000060,BR-012,2025-M06,11438.57,10887.6
ACCT-000060,CUST-000060,BR-012,2025-M07,11614.4,10993.58
ACCT-000060,CUST-000060,BR-012,2025-M08,11550.16,10754.16
ACCT-000060,CUST-000060,BR-012,2025-M09,11247.5,10414.74
ACCT-000060,CUST-000060,BR-012,2025-M10,11420.14,10537.11
ACCT-000060,CUST-000060,BR-012,2025-M11,11532.56,10899.0
ACCT-000060,CUST-000060,BR-012,2025-M12,11593.41,10650.94
ACCT-000060,CUST-000060,BR-012,2026-M01,11681.43,11092.28
ACCT-000060,CUST-000060,BR-012,2026-M02,12079.5,11182.77
ACCT-000060,CUST-000060,BR-012,2026-M03,11752.67,11269.82
ACCT-000060,CUST-000060,BR-012,2026-M04,12032.84,11083.26
ACCT-000060,CUST-000060,BR-012,2026-M05,11493.28,10924.94
ACCT-000060,CUST-000060,BR-012,2026-M06,11596.18,11082.08
ACCT-000060,CUST-000060,BR-012,2026-M07,10811.98,10485.15
ACCT-000060,CUST-000060,BR-012,2026-M08,11616.22,11261.49
ACCT-000060,CUST-000060,BR-012,2026-M09,11046.61,10570.73
ACCT-000060,CUST-000060,BR-012,2026-M10,10954.81,10575.6
ACCT-000060,CUST-000060,BR-012,2026-M11,11589.76,10887.52
ACCT-000060,CUST-000060,BR-012,2026-M12,11449.06,11060.01
ACCT-000064,CUST-000064,BR-006,2025-M01,23501.9,22500.58
ACCT-000064,CUST-000064,BR-006,2025-M02,23513.78,22672.56
ACCT-000064,CUST-000064,BR-006,2025-M03,24606.98,23444.51
ACCT-000064,CUST-000064,BR-006,2025-M04,23021.37,21736.76
ACCT-000064,CUST-000064,BR-006,2025-M05,22950.75,22006.62
ACCT-000064,CUST-000064,BR-006,2025-M06,23782.98,22322.03
ACCT-000064,CUST-000064,BR-006,2025-M07,23718.66,22799.51
ACCT-000064,CUST-000064,BR-006,2025-M08,23187.73,21764.84
ACCT-000064,CUST-000064,BR-006,2025-M09,24539.58,22832.21
ACCT-000064,CUST-000064,BR-006,2025-M10,23584.63,21998.74
ACCT-000064,CUST-000064,BR-006,2025-M11,23553.37,22270.81
ACCT-000064,CUST-000064,BR-006,2025-M12,24444.35,23434.86
ACCT-000064,CUST-000064,BR-006,2026-M01,24255.99,22607.5
ACCT-000064,CUST-000064,BR-006,2026-M02,23562.04,22598.67
ACCT-000064,CUST-000064,BR-006,2026-M03,25008.83,23231.02
ACCT-000064,CUST-000064,BR-006,2026-M04,24246.48,22594.41
ACCT-000064,CUST-000064,BR-006,2026-M05,23204.78,21153.51
ACCT-000064,CUST-000064,BR-006,2026-M06,22893.07,21927.81
ACCT-000064,CUST-000064,BR-006,2026-M07,23410.45,22005.88
ACCT-000064,CUST-000064,BR-006,2026-M08,23740.09,22548.26
ACCT-000064,CUST-000064,BR-006,2026-M09,22725.64,21575.96
ACCT-000064,CUST-000064,BR-006,2026-M10,22405.1,21728.87
ACCT-000064,CUST-000064,BR-006,2026-M11,22723.87,21290.08
ACCT-000064,CUST-000064,BR-006,2026-M12,23129.36,21243.96
ACCT-000065,CUST-000065,BR-004,2025-M11,10070.97,9696.49
ACCT-000065,CUST-000065,BR-004,2025-M12,10174.6,9400.9
ACCT-000065,CUST-000065,BR-004,2026-M01,10199.34,9795.47
ACCT-000065,CUST-000065,BR-004,2026-M02,10489.55,9973.43
ACCT-000065,CUST-000065,BR-004,2026-M03,10769.52,9916.13
ACCT-000065,CUST-000065,BR-004,2026-M04,10702.03,9789.83
ACCT-000065,CUST-000065,BR-004,2026-M05,10683.12,10103.11
ACCT-000065,CUST-000065,BR-004,2026-M06,10236.96,9344.3
ACCT-000065,CUST-000065,BR-004,2026-M07,10439.8,10047.61
ACCT-000065,CUST-000065,BR-004,2026-M08,11033.34,10203.19
ACCT-000065,CUST-000065,BR-004,2026-M09,11216.66,10675.97
ACCT-000065,CUST-000065,BR-004,2026-M10,11546.79,11132.51
ACCT-000065,CUST-000065,BR-004,2026-M11,11343.45,10700.66
ACCT-000065,CUST-000065,BR-004,2026-M12,12365.3,11504.27
ACCT-000067,CUST-000067,BR-005,2026-M05,23585.03,21530.78
ACCT-000067,CUST-000067,BR-005,2026-M06,23669.79,22692.48
ACCT-000067,CUST-000067,BR-005,2026-M07,22972.18,21309.39
ACCT-000067,CUST-000067,BR-005,2026-M08,22033.18,20501.76
ACCT-000067,CUST-000067,BR-005,2026-M09,23384.49,21675.92
ACCT-000067,CUST-000067,BR-005,2026-M10,22577.56,21079.53
ACCT-000067,CUST-000067,BR-005,2026-M11,25114.81,23430.26
ACCT-000067,CUST-000067,BR-005,2026-M12,24624.08,23371.82
ACCT-000068,CUST-000068,BR-011,2025-M01,20799.07,19327.6
ACCT-000068,CUST-000068,BR-011,2025-M02,20400.46,19085.33
ACCT-000068,CUST-000068,BR-011,2025-M03,20238.82,18665.08
ACCT-000068,CUST-000068,BR-011,2025-M04,20711.83,19736.28
ACCT-000068,CUST-000068,BR-011,2025-M05,20787.36,19388.59
ACCT-000068,CUST-000068,BR-011,2025-M06,21055.79,19511.34
ACCT-000068,CUST-000068,BR-011,2025-M07,20491.76,19200.32
ACCT-000068,CUST-000068,BR-011,2025-M08,21221.74,20306.28
ACCT-000068,CUST-000068,BR-011,2025-M09,20548.32,18897.54
ACCT-000068,CUST-000068,BR-011,2025-M10,19358.91,17856.77
ACCT-000068,CUST-000068,BR-011,2025-M11,21415.26,19591.43
ACCT-000068,CUST-000068,BR-011,2025-M12,21531.75,19942.26
ACCT-000068,CUST-000068,BR-011,2026-M01,22134.26,20151.38
ACCT-000068,CUST-000068,BR-011,2026-M02,23034.25,21048.78
ACCT-000068,CUST-000068,BR-011,2026-M03,22463.73,21266.66
ACCT-000068,CUST-000068,BR-011,2026-M04,23629.62,21983.83
ACCT-000068,CUST-000068,BR-011,2026-M05,23583.37,22468.99
ACCT-000068,CUST-000068,BR-011,2026-M06,22450.23,21265.16
ACCT-000068,CUST-000068,BR-011,2026-M07,21447.64,20533.3
ACCT-000068,CUST-000068,BR-011,2026-M08,22508.74,20684.96
ACCT-000068,CUST-000068,BR-011,2026-M09,22332.55,21652.29
ACCT-000068,CUST-000068,BR-011,2026-M10,21702.41,20912.41
ACCT-000068,CUST-000068,BR-011,2026-M11,21338.7,20026.84
ACCT-000068,CUST-000068,BR-011,2026-M12,21038.32,19515.06
ACCT-000069,CUST-000069,BR-006,2025-M02,6281.69,5752.99
ACCT-000069,CUST-000069,BR-006,2025-M03,6562.06,6020.09
ACCT-000069,CUST-000069,BR-006,2025-M04,6347.14,6073.53
ACCT-000069,CUST-000069,BR-006,2025-M05,6631.8,6143.27
ACCT-000069,CUST-000069,BR-006,2025-M06,6244.8,5845.64
ACCT-000069,CUST-000069,BR-006,2025-M07,6472.44,6157.24
ACCT-000069,CUST-000069,BR-006,2025-M08,6571.72,6128.64
ACCT-000069,CUST-000069,BR-006,2025-M09,6270.48,5891.89
ACCT-000069,CUST-000069,BR-006,2025-M10,6542.46,6088.76
ACCT-000069,CUST-000069,BR-006,2025-M11,6529.84,6158.43
ACCT-000069,CUST-000069,BR-006,2025-M12,6844.53,6566.18
ACCT-000069,CUST-000069,BR-006,2026-M01,6664.6,6253.03
ACCT-000069,CUST-000069,BR-006,2026-M02,7045.23,6651.72
ACCT-000069,CUST-000069,BR-006,2026-M03,7160.37,6831.02
ACCT-000069,CUST-000069,BR-006,2026-M04,7522.52,6850.51
ACCT-000069,CUST-000069,BR-006,2026-M05,7480.32,6961.49
ACCT-000069,CUST-000069,BR-006,2026-M06,7424.53,6813.93
ACCT-000069,CUST-000069,BR-006,2026-M07,7016.87,6732.13
ACCT-000069,CUST-000069,BR-006,2026-M08,7218.99,6867.08
ACCT-000069,CUST-000069,BR-006,2026-M09,6920.64,6494.29
ACCT-000069,CUST-000069,BR-006,2026-M10,7052.29,6768.64
ACCT-000069,CUST-000069,BR-006,2026-M11,7291.7,6967.23
ACCT-000069,CUST-000069,BR-006,2026-M12,7728.09,7344.38
ACCT-000070,CUST-000070,BR-011,2025-M01,8722.03,8357.36
ACCT-000070,CUST-000070,BR-011,2025-M02,8883.64,8226.24
ACCT-000070,CUST-000070,BR-011,2025-M03,9061.38,8525.74
ACCT-000070,CUST-000070,BR-011,2025-M04,9305.88,8873.67
ACCT-000070,CUST-000070,BR-011,2025-M05,9086.54,8391.5
ACCT-000070,CUST-000070,BR-011,2025-M06,8951.36,8544.94
ACCT-000070,CUST-000070,BR-011,2025-M07,9264.04,8709.98
ACCT-000070,CUST-000070,BR-011,2025-M08,8778.94,8128.89
ACCT-000070,CUST-000070,BR-011,2025-M09,9347.48,8682.71
ACCT-000070,CUST-000070,BR-011,2025-M10,9586.34,9209.24
ACCT-000070,CUST-000070,BR-011,2025-M11,9139.24,8682.7
ACCT-000070,CUST-000070,BR-011,2025-M12,9932.05,9230.28
ACCT-000070,CUST-000070,BR-011,2026-M01,9762.42,9162.87
ACCT-000070,CUST-000070,BR-011,2026-M02,10035.58,9176.97
ACCT-000070,CUST-000070,BR-011,2026-M03,9715.38,9054.13
ACCT-000070,CUST-000070,BR-011,2026-M04,10020.02,9410.7
ACCT-000070,CUST-000070,BR-011,2026-M05,10285.9,9391.09
ACCT-000070,CUST-000070,BR-011,2026-M06,9939.95,9582.68
ACCT-000070,CUST-000070,BR-011,2026-M07,9335.14,8808.44
ACCT-000070,CUST-000070,BR-011,2026-M08,9450.68,8665.58
ACCT-000070,CUST-000070,BR-011,2026-M09,9355.03,9063.89
ACCT-000070,CUST-000070,BR-011,2026-M10,9718.72,9230.7
ACCT-000070,CUST-000070,BR-011,2026-M11,9009.96,8447.68
ACCT-000070,CUST-000070,BR-011,2026-M12,9288.73,8545.09
ACCT-000072,CUST-000072,BR-008,2025-M01,26012.75,24749.34
ACCT-000072,CUST-000072,BR-008,2025-M02,26947.56,25393.11
ACCT-000072,CUST-000072,BR-008,2025-M03,26578.82,25249.36
ACCT-000072,CUST-000072,BR-008,2025-M04,25941.94,23697.47
ACCT-000072,CUST-000072,BR-008,2025-M05,27367.43,25969.95
ACCT-000072,CUST-000072,BR-008,2025-M06,25430.14,23514.26
ACCT-000072,CUST-000072,BR-008,2025-M07,27105.27,25164.37
ACCT-000072,CUST-000072,BR-008,2025-M08,27359.3,25724.73
ACCT-000072,CUST-000072,BR-008,2025-M09,27209.92,26078.92
ACCT-000072,CUST-000072,BR-008,2025-M10,27110.52,25791.16
ACCT-000072,CUST-000072,BR-008,2025-M11,27053.68,24851.08
ACCT-000072,CUST-000072,BR-008,2025-M12,28498.16,27405.01
ACCT-000072,CUST-000072,BR-008,2026-M01,29435.87,27470.55
ACCT-000072,CUST-000072,BR-008,2026-M02,29582.12,27888.24
ACCT-000072,CUST-000072,BR-008,2026-M03,28279.17,27034.3
ACCT-000072,CUST-000072,BR-008,2026-M04,30236.3,27676.25
ACCT-000072,CUST-000072,BR-008,2026-M05,28896.72,27690.33
ACCT-000072,CUST-000072,BR-008,2026-M06,29582.33,27061.17
ACCT-000072,CUST-000072,BR-008,2026-M07,27436.44,25457.5
ACCT-000072,CUST-000072,BR-008,2026-M08,26903.57,24920.56
ACCT-000072,CUST-000072,BR-008,2026-M09,29100.37,26964.74
ACCT-000072,CUST-000072,BR-008,2026-M10,28308.06,25947.9
ACCT-000072,CUST-000072,BR-008,2026-M11,30210.34,27768.09
ACCT-000072,CUST-000072,BR-008,2026-M12,29023.38,26447.55
ACCT-000074,CUST-000074,BR-009,2025-M09,41204.5,39724.1
ACCT-000074,CUST-000074,BR-009,2025-M10,41080.78,38266.77
ACCT-000074,CUST-000074,BR-009,2025-M11,42152.57,39048.23
ACCT-000074,CUST-000074,BR-009,2025-M12,45253.01,43537.98
ACCT-000074,CUST-000074,BR-009,2026-M01,48074.87,44892.41
ACCT-000074,CUST-000074,BR-009,2026-M02,46063.85,44602.42
ACCT-000074,CUST-000074,BR-009,2026-M03,44615.12,42272.97
ACCT-000074,CUST-000074,BR-009,2026-M04,47868.82,45477.22
ACCT-000074,CUST-000074,BR-009,2026-M05,46430.56,44271.58
ACCT-000074,CUST-000074,BR-009,2026-M06,42858.37,40645.33
ACCT-000074,CUST-000074,BR-009,2026-M07,47741.93,44458.56
ACCT-000074,CUST-000074,BR-009,2026-M08,47848.34,43883.29
ACCT-000074,CUST-000074,BR-009,2026-M09,47103.43,43206.26
ACCT-000074,CUST-000074,BR-009,2026-M10,48055.4,45725.94
ACCT-000074,CUST-000074,BR-009,2026-M11,48051.9,44391.04
ACCT-000074,CUST-000074,BR-009,2026-M12,50109.87,47751.24
ACCT-000075,CUST-000075,BR-003,2025-M05,6146.66,5948.37
ACCT-000075,CUST-000075,BR-003,2025-M06,6044.13,5667.53
ACCT-000075,CUST-000075,BR-003,2025-M07,5956.61,5720.49
ACCT-000075,CUST-000075,BR-003,2025-M08,6094.06,5741.93
ACCT-000075,CUST-000075,BR-003,2025-M09,5984.46,5678.52
ACCT-000075,CUST-000075,BR-003,2025-M10,6155.96,5923.26
ACCT-000075,CUST-000075,BR-003,2025-M11,6377.92,6178.25
ACCT-000075,CUST-000075,BR-003,2025-M12,6373.25,6122.67
ACCT-000075,CUST-000075,BR-003,2026-M01,6919.53,6352.47
ACCT-000075,CUST-000075,BR-003,2026-M02,6669.39,6085.16
ACCT-000075,CUST-000075,BR-003,2026-M03,7091.2,6463.98
ACCT-000075,CUST-000075,BR-003,2026-M04,7038.75,6508.44
ACCT-000075,CUST-000075,BR-003,2026-M05,6686.79,6436.95
ACCT-000075,CUST-000075,BR-003,2026-M06,6684.53,6463.39
ACCT-000075,CUST-000075,BR-003,2026-M07,6731.36,6134.48
ACCT-000075,CUST-000075,BR-003,2026-M08,6595.91,6292.76
ACCT-000075,CUST-000075,BR-003,2026-M09,6739.72,6454.83
ACCT-000075,CUST-000075,BR-003,2026-M10,6955.61,6722.04
ACCT-000075,CUST-000075,BR-003,2026-M11,6973.19,6579.03
ACCT-000075,CUST-000075,BR-003,2026-M12,7244.51,6715.38
ACCT-000076,CUST-000076,BR-001,2025-M01,2805.97,2706.48
ACCT-000076,CUST-000076,BR-001,2025-M02,2903.2,2792.11
ACCT-000076,CUST-000076,BR-001,2025-M03,2959.71,2866.61
ACCT-000076,CUST-000076,BR-001,2025-M04,3069.14,2908.36
ACCT-000076,CUST-000076,BR-001,2025-M05,2985.85,2785.01
ACCT-000076,CUST-000076,BR-001,2025-M06,3075.27,2970.97
ACCT-000076,CUST-000076,BR-001,2025-M07,2890.1,2663.04
ACCT-000076,CUST-000076,BR-001,2025-M08,2881.66,2636.44
ACCT-000076,CUST-000076,BR-001,2025-M09,3028.53,2935.65
ACCT-000076,CUST-000076,BR-001,2025-M10,2999.07,2874.11
ACCT-000076,CUST-000076,BR-001,2025-M11,3079.16,2875.38
ACCT-000076,CUST-000076,BR-001,2025-M12,3115.06,2868.92
ACCT-000076,CUST-000076,BR-001,2026-M01,3184.05,3036.04
ACCT-000076,CUST-000076,BR-001,2026-M02,3212.6,3081.09
ACCT-000076,CUST-000076,BR-001,2026-M03,3030.74,2765.37
ACCT-000076,CUST-000076,BR-001,2026-M04,3286.74,3044.18
ACCT-000076,CUST-000076,BR-001,2026-M05,3208.85,3098.23
ACCT-000076,CUST-000076,BR-001,2026-M06,3022.33,2910.03
ACCT-000076,CUST-000076,BR-001,2026-M07,3038.42,2838.39
ACCT-000076,CUST-000076,BR-001,2026-M08,2813.78,2616.81
ACCT-000076,CUST-000076,BR-001,2026-M09,3085.33,2848.07
ACCT-000076,CUST-000076,BR-001,2026-M10,2927.86,2786.49
ACCT-000076,CUST-000076,BR-001,2026-M11,2943.03,2719.67
ACCT-000076,CUST-000076,BR-001,2026-M12,2915.7,2770.64
ACCT-000079,CUST-000079,BR-007,2025-M07,3479.52,3323.67
ACCT-000079,CUST-000079,BR-007,2025-M08,3261.34,3162.59
ACCT-000079,CUST-000079,BR-007,2025-M09,3622.33,3471.46
ACCT-000079,CUST-000079,BR-007,2025-M10,3745.0,3542.09
ACCT-000079,CUST-000079,BR-007,2025-M11,3773.55,3618.2
ACCT-000079,CUST-000079,BR-007,2025-M12,3739.24,3480.38
ACCT-000079,CUST-000079,BR-007,2026-M01,3731.68,3406.42
ACCT-000079,CUST-000079,BR-007,2026-M02,4015.81,3765.54
ACCT-000079,CUST-000079,BR-007,2026-M03,3763.9,3515.55
ACCT-000079,CUST-000079,BR-007,2026-M04,4036.32,3840.37
ACCT-000079,CUST-000079,BR-007,2026-M05,4021.5,3848.58
ACCT-000079,CUST-000079,BR-007,2026-M06,4104.66,3768.32
ACCT-000079,CUST-000079,BR-007,2026-M07,4071.12,3816.22
ACCT-000079,CUST-000079,BR-007,2026-M08,3877.99,3549.69
ACCT-000079,CUST-000079,BR-007,2026-M09,3897.88,3739.45
ACCT-000079,CUST-000079,BR-007,2026-M10,3781.19,3446.36
ACCT-000079,CUST-000079,BR-007,2026-M11,4060.62,3837.7
ACCT-000079,CUST-000079,BR-007,2026-M12,4062.81,3865.16
ACCT-000080,CUST-000080,BR-005,2025-M01,18043.74,17323.11
ACCT-000080,CUST-000080,BR-005,2025-M02,17918.02,16334.7
ACCT-000080,CUST-000080,BR-005,2025-M03,19010.12,18226.48
ACCT-000080,CUST-000080,BR-005,2025-M04,18611.14,17653.65
ACCT-000080,CUST-000080,BR-005,2025-M05,18707.36,17778.94
ACCT-000080,CUST-000080,BR-005,2025-M06,18187.12,16652.51
ACCT-000080,CUST-000080,BR-005,2025-M07,18070.95,17050.51
ACCT-000080,CUST-000080,BR-005,2025-M08,18648.96,17154.2
ACCT-000080,CUST-000080,BR-005,2025-M09,19269.81,18450.39
ACCT-000080,CUST-000080,BR-005,2025-M10,19473.96,18198.2
ACCT-000080,CUST-000080,BR-005,2025-M11,19066.3,18118.1
ACCT-000080,CUST-000080,BR-005,2025-M12,19807.49,19072.01
ACCT-000080,CUST-000080,BR-005,2026-M01,19626.27,18423.4
ACCT-000080,CUST-000080,BR-005,2026-M02,20160.45,18777.34
ACCT-000080,CUST-000080,BR-005,2026-M03,20500.91,19808.52
ACCT-000080,CUST-000080,BR-005,2026-M04,20183.36,18524.82
ACCT-000080,CUST-000080,BR-005,2026-M05,20263.21,18688.79
ACCT-000080,CUST-000080,BR-005,2026-M06,19386.82,18629.43
ACCT-000080,CUST-000080,BR-005,2026-M07,19854.98,18890.04
ACCT-000080,CUST-000080,BR-005,2026-M08,19634.41,18504.5
ACCT-000080,CUST-000080,BR-005,2026-M09,20244.71,18591.59
ACCT-000080,CUST-000080,BR-005,2026-M10,19195.48,17850.13
ACCT-000080,CUST-000080,BR-005,2026-M11,19168.27,18067.44
ACCT-000080,CUST-000080,BR-005,2026-M12,20296.9,19388.65
ACCT-000082,CUST-000082,BR-008,2025-M10,15066.3,13954.16
ACCT-000082,CUST-000082,BR-008,2025-M11,14968.03,13620.91
ACCT-000082,CUST-000082,BR-008,2025-M12,15930.98,15319.89
ACCT-000082,CUST-000082,BR-008,2026-M01,15493.94,14756.15
ACCT-000082,CUST-000082,BR-008,2026-M02,16234.78,14945.78
ACCT-000082,CUST-000082,BR-008,2026-M03,15966.83,14637.78
ACCT-000082,CUST-000082,BR-008,2026-M04,16416.45,15797.36
ACCT-000082,CUST-000082,BR-008,2026-M05,16395.55,15882.57
ACCT-000082,CUST-000082,BR-008,2026-M06,16941.66,16360.78
ACCT-000082,CUST-000082,BR-008,2026-M07,16716.23,15588.78
ACCT-000082,CUST-000082,BR-008,2026-M08,16488.24,15035.97
ACCT-000082,CUST-000082,BR-008,2026-M09,16215.74,15647.19
ACCT-000082,CUST-000082,BR-008,2026-M10,17027.71,15755.99
ACCT-000082,CUST-000082,BR-008,2026-M11,16996.65,15489.75
ACCT-000082,CUST-000082,BR-008,2026-M12,17639.55,16498.95
ACCT-000083,CUST-000083,BR-004,2025-M01,5228.57,4815.75
ACCT-000083,CUST-000083,BR-004,2025-M02,5511.77,5079.54
ACCT-000083,CUST-000083,BR-004,2025-M03,5565.74,5324.79
ACCT-000083,CUST-000083,BR-004,2025-M04,5799.63,5522.51
ACCT-000083,CUST-000083,BR-004,2025-M05,5551.07,5142.06
ACCT-000083,CUST-000083,BR-004,2025-M06,5632.95,5349.18
ACCT-000083,CUST-000083,BR-004,2025-M07,5575.57,5142.25
ACCT-000083,CUST-000083,BR-004,2025-M08,5492.07,5046.05
ACCT-000083,CUST-000083,BR-004,2025-M09,5452.18,5231.17
ACCT-000083,CUST-000083,BR-004,2025-M10,5653.23,5369.24
ACCT-000083,CUST-000083,BR-004,2025-M11,5805.83,5574.79
ACCT-000083,CUST-000083,BR-004,2025-M12,6297.19,6045.18
ACCT-000083,CUST-000083,BR-004,2026-M01,5852.03,5560.81
ACCT-000083,CUST-000083,BR-004,2026-M02,5966.07,5599.07
ACCT-000083,CUST-000083,BR-004,2026-M03,6281.84,5740.06
ACCT-000083,CUST-000083,BR-004,2026-M04,6411.43,6047.8
ACCT-000083,CUST-000083,BR-004,2026-M05,6569.46,6256.6
ACCT-000083,CUST-000083,BR-004,2026-M06,6133.24,5836.15
ACCT-000083,CUST-000083,BR-004,2026-M07,5769.13,5590.26
ACCT-000083,CUST-000083,BR-004,2026-M08,6097.2,5792.36
ACCT-000083,CUST-000083,BR-004,2026-M09,6087.67,5819.64
ACCT-000083,CUST-000083,BR-004,2026-M10,6146.87,5890.12
ACCT-000083,CUST-000083,BR-004,2026-M11,6148.79,5815.74
ACCT-000083,CUST-000083,BR-004,2026-M12,6374.92,6002.07
ACCT-000084,CUST-000084,BR-001,2025-M01,17213.62,15954.68
ACCT-000084,CUST-000084,BR-001,2025-M02,17362.65,15969.09
ACCT-000084,CUST-000084,BR-001,2025-M03,17035.67,16239.74
ACCT-000084,CUST-000084,BR-001,2025-M04,16545.06,15369.56
ACCT-000084,CUST-000084,BR-001,2025-M05,18337.01,17299.56
ACCT-000084,CUST-000084,BR-001,2025-M06,16967.53,15980.78
ACCT-000084,CUST-000084,BR-001,2025-M07,17131.8,15839.23
ACCT-000084,CUST-000084,BR-001,2025-M08,17577.71,16325.72
ACCT-000084,CUST-000084,BR-001,2025-M09,18042.87,16973.35
ACCT-000084,CUST-000084,BR-001,2025-M10,17177.46,15817.86
ACCT-000084,CUST-000084,BR-001,2025-M11,18277.96,17261.02
ACCT-000084,CUST-000084,BR-001,2025-M12,18170.48,17443.15
ACCT-000084,CUST-000084,BR-001,2026-M01,20015.27,19224.1
ACCT-000084,CUST-000084,BR-001,2026-M02,20299.36,19203.13
ACCT-000084,CUST-000084,BR-001,2026-M03,20129.4,18844.17
ACCT-000084,CUST-000084,BR-001,2026-M04,19650.37,18565.74
ACCT-000084,CUST-000084,BR-001,2026-M05,19658.53,18550.41
ACCT-000084,CUST-000084,BR-001,2026-M06,19786.33,18647.91
ACCT-000084,CUST-000084,BR-001,2026-M07,19898.01,18193.23
ACCT-000084,CUST-000084,BR-001,2026-M08,18869.6,17580.42
ACCT-000084,CUST-000084,BR-001,2026-M09,18695.21,17401.34
ACCT-000084,CUST-000084,BR-001,2026-M10,19172.87,18455.49
ACCT-000084,CUST-000084,BR-001,2026-M11,18764.36,17134.06
ACCT-000084,CUST-000084,BR-001,2026-M12,19331.23,18007.4
ACCT-000088,CUST-000088,BR-006,2025-M01,7692.87,7020.39
ACCT-000088,CUST-000088,BR-006,2025-M02,7676.72,6999.96
ACCT-000088,CUST-000088,BR-006,2025-M03,7664.12,6999.82
ACCT-000088,CUST-000088,BR-006,2025-M04,7643.74,7310.83
ACCT-000088,CUST-000088,BR-006,2025-M05,8256.18,7601.18
ACCT-000088,CUST-000088,BR-006,2025-M06,7821.71,7200.72
ACCT-000088,CUST-000088,BR-006,2025-M07,7735.92,7501.34
ACCT-000088,CUST-000088,BR-006,2025-M08,7824.61,7130.7
ACCT-000088,CUST-000088,BR-006,2025-M09,7761.69,7202.41
ACCT-000088,CUST-000088,BR-006,2025-M10,8284.89,8005.35
ACCT-000088,CUST-000088,BR-006,2025-M11,7861.18,7399.15
ACCT-000088,CUST-000088,BR-006,2025-M12,8535.28,7981.96
ACCT-000088,CUST-000088,BR-006,2026-M01,8212.82,7671.47
ACCT-000088,CUST-000088,BR-006,2026-M02,8735.04,8022.82
ACCT-000088,CUST-000088,BR-006,2026-M03,8626.66,8128.76
ACCT-000088,CUST-000088,BR-006,2026-M04,8557.92,8069.01
ACCT-000088,CUST-000088,BR-006,2026-M05,8304.43,7702.14
ACCT-000088,CUST-000088,BR-006,2026-M06,8357.26,7632.02
ACCT-000088,CUST-000088,BR-006,2026-M07,7770.3,7285.33
ACCT-000088,CUST-000088,BR-006,2026-M08,7835.95,7414.07
ACCT-000088,CUST-000088,BR-006,2026-M09,8208.88,7876.69
ACCT-000088,CUST-000088,BR-006,2026-M10,7522.25,7287.7
ACCT-000088,CUST-000088,BR-006,2026-M11,8364.02,7745.57
ACCT-000088,CUST-000088,BR-006,2026-M12,8672.72,8184.03
ACCT-000090,CUST-000090,BR-010,2025-M05,45054.13,41784.13
ACCT-000090,CUST-000090,BR-010,2025-M06,42983.75,41431.74
ACCT-000090,CUST-000090,BR-010,2025-M07,44694.08,41148.63
ACCT-000090,CUST-000090,BR-010,2025-M08,42868.93,39441.06
ACCT-000090,CUST-000090,BR-010,2025-M09,44201.42,41899.81
ACCT-000090,CUST-000090,BR-010,2025-M10,43907.33,42229.35
ACCT-000090,CUST-000090,BR-010,2025-M11,46137.63,44479.7
ACCT-000090,CUST-000090,BR-010,2025-M12,46441.29,43338.15
ACCT-000090,CUST-000090,BR-010,2026-M01,48731.16,46979.33
ACCT-000090,CUST-000090,BR-010,2026-M02,50182.69,47185.66
ACCT-000090,CUST-000090,BR-010,2026-M03,49894.12,47950.03
ACCT-000090,CUST-000090,BR-010,2026-M04,48992.36,47214.25
ACCT-000090,CUST-000090,BR-010,2026-M05,49654.65,47213.81
ACCT-000090,CUST-000090,BR-010,2026-M06,50173.47,46063.87
ACCT-000090,CUST-000090,BR-010,2026-M07,52565.08,48398.37
ACCT-000090,CUST-000090,BR-010,2026-M08,46453.1,43822.47
ACCT-000090,CUST-000090,BR-010,2026-M09,48329.2,44766.71
ACCT-000090,CUST-000090,BR-010,2026-M10,46664.76,43759.54
ACCT-000090,CUST-000090,BR-010,2026-M11,50408.9,47876.19
ACCT-000090,CUST-000090,BR-010,2026-M12,52214.73,48480.35
ACCT-000091,CUST-000091,BR-012,2026-M08,9101.5,8477.51
ACCT-000091,CUST-000091,BR-012,2026-M09,9494.72,9098.0
ACCT-000091,CUST-000091,BR-012,2026-M10,9293.35,8927.42
ACCT-000091,CUST-000091,BR-012,2026-M11,9696.66,9190.49
ACCT-000091,CUST-000091,BR-012,2026-M12,9846.6,9027.94
ACCT-000092,CUST-000092,BR-001,2025-M01,9608.06,8800.33
ACCT-000092,CUST-000092,BR-001,2025-M02,10245.1,9825.65
ACCT-000092,CUST-000092,BR-001,2025-M03,9971.15,9469.33
ACCT-000092,CUST-000092,BR-001,2025-M04,10116.85,9511.16
ACCT-000092,CUST-000092,BR-001,2025-M05,9953.41,9492.67
ACCT-000092,CUST-000092,BR-001,2025-M06,10003.18,9213.87
ACCT-000092,CUST-000092,BR-001,2025-M07,9782.5,9064.47
ACCT-000092,CUST-000092,BR-001,2025-M08,10020.44,9308.67
ACCT-000092,CUST-000092,BR-001,2025-M09,10053.02,9565.01
ACCT-000092,CUST-000092,BR-001,2025-M10,10102.87,9301.42
ACCT-000092,CUST-000092,BR-001,2025-M11,9874.37,9445.87
ACCT-000092,CUST-000092,BR-001,2025-M12,11475.1,10460.94
ACCT-000092,CUST-000092,BR-001,2026-M01,10773.09,9961.67
ACCT-000092,CUST-000092,BR-001,2026-M02,11191.95,10679.24
ACCT-000092,CUST-000092,BR-001,2026-M03,11223.56,10349.59
ACCT-000092,CUST-000092,BR-001,2026-M04,11608.77,11228.24
ACCT-000092,CUST-000092,BR-001,2026-M05,10715.81,10138.98
ACCT-000092,CUST-000092,BR-001,2026-M06,10831.25,10392.62
ACCT-000092,CUST-000092,BR-001,2026-M07,10910.22,10435.87
ACCT-000092,CUST-000092,BR-001,2026-M08,10749.41,10079.61
ACCT-000092,CUST-000092,BR-001,2026-M09,10750.93,9824.07
ACCT-000092,CUST-000092,BR-001,2026-M10,10711.66,9885.0
ACCT-000092,CUST-000092,BR-001,2026-M11,10542.48,10223.16
ACCT-000092,CUST-000092,BR-001,2026-M12,10652.39,9986.06
ACCT-000093,CUST-000093,BR-004,2025-M06,50537.93,46821.3
ACCT-000093,CUST-000093,BR-004,2025-M07,48518.63,45691.13
ACCT-000093,CUST-000093,BR-004,2025-M08,49335.96,47200.71
ACCT-000093,CUST-000093,BR-004,2025-M09,49701.14,46097.16
ACCT-000093,CUST-000093,BR-004,2025-M10,49939.18,48145.51
ACCT-000093,CUST-000093,BR-004,2025-M11,50908.39,48595.59
ACCT-000093,CUST-000093,BR-004,2025-M12,50725.82,47663.88
ACCT-000093,CUST-000093,BR-004,2026-M01,53263.9,48915.6
ACCT-000093,CUST-000093,BR-004,2026-M02,55799.36,51202.8
ACCT-000093,CUST-000093,BR-004,2026-M03,56597.66,53653.37
ACCT-000093,CUST-000093,BR-004,2026-M04,51391.05,49538.97
ACCT-000093,CUST-000093,BR-004,2026-M05,53614.11,49866.37
ACCT-000093,CUST-000093,BR-004,2026-M06,54093.2,51830.17
ACCT-000093,CUST-000093,BR-004,2026-M07,50561.81,46454.2
ACCT-000093,CUST-000093,BR-004,2026-M08,56453.67,52789.87
ACCT-000093,CUST-000093,BR-004,2026-M09,53791.53,49314.43
ACCT-000093,CUST-000093,BR-004,2026-M10,55639.21,53649.06
ACCT-000093,CUST-000093,BR-004,2026-M11,57280.65,55045.92
ACCT-000093,CUST-000093,BR-004,2026-M12,62569.64,59220.78
ACCT-000094,CUST-000094,BR-011,2025-M01,46807.83,43574.67
ACCT-000094,CUST-000094,BR-011,2025-M02,49238.98,47191.58
ACCT-000094,CUST-000094,BR-011,2025-M03,48705.72,46093.01
ACCT-000094,CUST-000094,BR-011,2025-M04,49846.63,46196.87
ACCT-000094,CUST-000094,BR-011,2025-M05,50448.76,48649.22
ACCT-000094,CUST-000094,BR-011,2025-M06,48394.38,45685.95
ACCT-000094,CUST-000094,BR-011,2025-M07,50518.91,48482.16
ACCT-000094,CUST-000094,BR-011,2025-M08,48355.3,46382.44
ACCT-000094,CUST-000094,BR-011,2025-M09,50597.23,46678.06
ACCT-000094,CUST-000094,BR-011,2025-M10,51702.66,48896.31
ACCT-000094,CUST-000094,BR-011,2025-M11,48874.48,45821.07
ACCT-000094,CUST-000094,BR-011,2025-M12,49517.1,47857.82
ACCT-000094,CUST-000094,BR-011,2026-M01,51054.57,47302.54
ACCT-000094,CUST-000094,BR-011,2026-M02,52048.66,50344.34
ACCT-000094,CUST-000094,BR-011,2026-M03,52380.62,48682.34
ACCT-000094,CUST-000094,BR-011,2026-M04,52357.86,47954.09
ACCT-000094,CUST-000094,BR-011,2026-M05,52348.81,50136.86
ACCT-000094,CUST-000094,BR-011,2026-M06,49260.86,45827.36
ACCT-000094,CUST-000094,BR-011,2026-M07,49689.34,47579.42
ACCT-000094,CUST-000094,BR-011,2026-M08,49031.44,45488.96
ACCT-000094,CUST-000094,BR-011,2026-M09,46409.82,43215.2
ACCT-000094,CUST-000094,BR-011,2026-M10,45979.32,43656.69
ACCT-000094,CUST-000094,BR-011,2026-M11,48566.15,44675.63
ACCT-000094,CUST-000094,BR-011,2026-M12,49514.87,46778.18
ACCT-000095,CUST-000095,BR-011,2025-M12,9328.78,8652.44
ACCT-000095,CUST-000095,BR-011,2026-M01,9544.77,9053.14
ACCT-000095,CUST-000095,BR-011,2026-M02,9672.78,9283.78
ACCT-000095,CUST-000095,BR-011,2026-M03,9880.04,9566.94
ACCT-000095,CUST-000095,BR-011,2026-M04,9906.49,9424.95
ACCT-000095,CUST-000095,BR-011,2026-M05,9984.4,9576.93
ACCT-000095,CUST-000095,BR-011,2026-M06,10273.21,9710.09
ACCT-000095,CUST-000095,BR-011,2026-M07,9496.8,9180.29
ACCT-000095,CUST-000095,BR-011,2026-M08,9952.04,9594.01
ACCT-000095,CUST-000095,BR-011,2026-M09,10043.43,9354.45
ACCT-000095,CUST-000095,BR-011,2026-M10,9856.15,9066.6
ACCT-000095,CUST-000095,BR-011,2026-M11,10173.95,9508.82
ACCT-000095,CUST-000095,BR-011,2026-M12,9991.42,9380.76
ACCT-000096,CUST-000096,BR-006,2025-M02,9781.36,9443.68
ACCT-000096,CUST-000096,BR-006,2025-M03,9961.53,9325.72
ACCT-000096,CUST-000096,BR-006,2025-M04,9751.94,8936.44
ACCT-000096,CUST-000096,BR-006,2025-M05,9910.62,9421.65
ACCT-000096,CUST-000096,BR-006,2025-M06,10378.15,9683.64
ACCT-000096,CUST-000096,BR-006,2025-M07,10365.57,9762.04
ACCT-000096,CUST-000096,BR-006,2025-M08,10033.78,9180.8
ACCT-000096,CUST-000096,BR-006,2025-M09,10555.02,10201.73
ACCT-000096,CUST-000096,BR-006,2025-M10,9810.27,9260.96
ACCT-000096,CUST-000096,BR-006,2025-M11,10743.4,9915.3
ACCT-000096,CUST-000096,BR-006,2025-M12,10957.34,10620.44
ACCT-000096,CUST-000096,BR-006,2026-M01,11171.4,10212.25
ACCT-000096,CUST-000096,BR-006,2026-M02,10885.06,9984.95
ACCT-000096,CUST-000096,BR-006,2026-M03,11604.34,11226.87
ACCT-000096,CUST-000096,BR-006,2026-M04,11734.11,11274.26
ACCT-000096,CUST-000096,BR-006,2026-M05,10728.69,10132.69
ACCT-000096,CUST-000096,BR-006,2026-M06,12127.52,11372.42
ACCT-000096,CUST-000096,BR-006,2026-M07,11231.08,10530.98
ACCT-000096,CUST-000096,BR-006,2026-M08,12165.53,11127.13
ACCT-000096,CUST-000096,BR-006,2026-M09,11793.37,11364.45
ACCT-000096,CUST-000096,BR-006,2026-M10,10893.76,10382.94
ACCT-000096,CUST-000096,BR-006,2026-M11,11604.52,11115.13
ACCT-000096,CUST-000096,BR-006,2026-M12,11323.39,10703.98
ACCT-000098,CUST-000098,BR-002,2025-M06,53315.05,51516.37
ACCT-000098,CUST-000098,BR-002,2025-M07,48877.6,45189.56
ACCT-000098,CUST-000098,BR-002,2025-M08,49648.08,45360.48
ACCT-000098,CUST-000098,BR-002,2025-M09,49622.69,47872.77
ACCT-000098,CUST-000098,BR-002,2025-M10,52542.73,48900.03
ACCT-000098,CUST-000098,BR-002,2025-M11,50621.38,47815.7
ACCT-000098,CUST-000098,BR-002,2025-M12,53278.91,48847.5
ACCT-000098,CUST-000098,BR-002,2026-M01,51990.68,49290.22
ACCT-000098,CUST-000098,BR-002,2026-M02,54859.81,51245.44
ACCT-000098,CUST-000098,BR-002,2026-M03,56291.25,52753.14
ACCT-000098,CUST-000098,BR-002,2026-M04,58189.6,53365.76
ACCT-000098,CUST-000098,BR-002,2026-M05,52200.85,49266.01
ACCT-000098,CUST-000098,BR-002,2026-M06,56841.51,54621.5
ACCT-000098,CUST-000098,BR-002,2026-M07,57363.78,54271.47
ACCT-000098,CUST-000098,BR-002,2026-M08,55342.88,51465.46
ACCT-000098,CUST-000098,BR-002,2026-M09,59038.86,57258.68
ACCT-000098,CUST-000098,BR-002,2026-M10,57271.32,55208.96
ACCT-000098,CUST-000098,BR-002,2026-M11,57117.44,54535.03
ACCT-000098,CUST-000098,BR-002,2026-M12,62028.87,57619.7
ACCT-000099,CUST-000099,BR-001,2025-M01,46528.77,43175.92
ACCT-000099,CUST-000099,BR-001,2025-M02,46173.27,42150.16
ACCT-000099,CUST-000099,BR-001,2025-M03,46300.69,43415.41
ACCT-000099,CUST-000099,BR-001,2025-M04,48820.18,45600.18
ACCT-000099,CUST-000099,BR-001,2025-M05,48294.44,46309.18
ACCT-000099,CUST-000099,BR-001,2025-M06,47165.43,44599.14
ACCT-000099,CUST-000099,BR-001,2025-M07,49089.06,45589.72
ACCT-000099,CUST-000099,BR-001,2025-M08,49247.01,45681.49
ACCT-000099,CUST-000099,BR-001,2025-M09,44899.02,43062.04
ACCT-000099,CUST-000099,BR-001,2025-M10,47482.67,43610.36
ACCT-000099,CUST-000099,BR-001,2025-M11,47269.37,43864.37
ACCT-000099,CUST-000099,BR-001,2025-M12,50522.17,45988.44
ACCT-000099,CUST-000099,BR-001,2026-M01,52682.17,47970.2
ACCT-000099,CUST-000099,BR-001,2026-M02,52816.85,49333.13
ACCT-000099,CUST-000099,BR-001,2026-M03,50488.72,47303.26
ACCT-000099,CUST-000099,BR-001,2026-M04,52870.35,50226.81
ACCT-000099,CUST-000099,BR-001,2026-M05,49599.23,46332.55
ACCT-000099,CUST-000099,BR-001,2026-M06,52461.42,50259.03
ACCT-000099,CUST-000099,BR-001,2026-M07,53595.43,50979.77
ACCT-000099,CUST-000099,BR-001,2026-M08,48584.61,44736.34
ACCT-000099,CUST-000099,BR-001,2026-M09,52859.4,50573.37
ACCT-000099,CUST-000099,BR-001,2026-M10,50474.48,46630.43
ACCT-000099,CUST-000099,BR-001,2026-M11,52918.2,49747.11
ACCT-000099,CUST-000099,BR-001,2026-M12,50830.08,46336.69
ACCT-000100,CUST-000100,BR-006,2026-M05,3341.23,3162.08
ACCT-000100,CUST-000100,BR-006,2026-M06,3141.05,3011.26
ACCT-000100,CUST-000100,BR-006,2026-M07,3102.5,3005.22
ACCT-000100,CUST-000100,BR-006,2026-M08,3294.42,3025.99
ACCT-000100,CUST-000100,BR-006,2026-M09,3353.4,3206.06
ACCT-000100,CUST-000100,BR-006,2026-M10,3277.81,3010.56
ACCT-000100,CUST-000100,BR-006,2026-M11,3354.62,3081.03
ACCT-000100,CUST-000100,BR-006,2026-M12,3547.3,3433.82
ACCT-000101,CUST-000101,BR-008,2025-M01,61525.09,55988.41
ACCT-000101,CUST-000101,BR-008,2025-M02,62278.83,58068.44
ACCT-000101,CUST-000101,BR-008,2025-M03,64096.16,59786.57
ACCT-000101,CUST-000101,BR-008,2025-M04,64775.06,59566.17
ACCT-000101,CUST-000101,BR-008,2025-M05,65065.29,60505.17
ACCT-000101,CUST-000101,BR-008,2025-M06,62211.41,58155.02
ACCT-000101,CUST-000101,BR-008,2025-M07,61689.92,58347.36
ACCT-000101,CUST-000101,BR-008,2025-M08,66651.13,63277.78
ACCT-000101,CUST-000101,BR-008,2025-M09,62825.21,58450.23
ACCT-000101,CUST-000101,BR-008,2025-M10,65746.89,63273.6
ACCT-000101,CUST-000101,BR-008,2025-M11,63632.49,59057.72
ACCT-000101,CUST-000101,BR-008,2025-M12,68038.68,64430.16
ACCT-000101,CUST-000101,BR-008,2026-M01,68961.69,63931.37
ACCT-000101,CUST-000101,BR-008,2026-M02,69836.09,64002.61
ACCT-000101,CUST-000101,BR-008,2026-M03,70895.11,68439.01
ACCT-000101,CUST-000101,BR-008,2026-M04,71842.08,67196.41
ACCT-000101,CUST-000101,BR-008,2026-M05,67963.78,64366.26
ACCT-000101,CUST-000101,BR-008,2026-M06,69284.71,65633.5
ACCT-000101,CUST-000101,BR-008,2026-M07,68282.31,62649.15
ACCT-000101,CUST-000101,BR-008,2026-M08,62904.37,59240.93
ACCT-000101,CUST-000101,BR-008,2026-M09,68247.39,64112.04
ACCT-000101,CUST-000101,BR-008,2026-M10,67519.17,61550.29
ACCT-000101,CUST-000101,BR-008,2026-M11,68361.23,65355.06
ACCT-000101,CUST-000101,BR-008,2026-M12,68886.59,63141.85
ACCT-000102,CUST-000102,BR-011,2025-M11,2670.5,2465.78
ACCT-000102,CUST-000102,BR-011,2025-M12,2609.8,2487.28
ACCT-000102,CUST-000102,BR-011,2026-M01,2581.15,2432.84
ACCT-000102,CUST-000102,BR-011,2026-M02,2831.37,2697.54
ACCT-000102,CUST-000102,BR-011,2026-M03,2705.55,2609.2
ACCT-000102,CUST-000102,BR-011,2026-M04,2774.93,2651.37
ACCT-000102,CUST-000102,BR-011,2026-M05,2836.79,2616.93
ACCT-000102,CUST-000102,BR-011,2026-M06,2728.23,2488.11
ACCT-000102,CUST-000102,BR-011,2026-M07,2746.52,2559.55
ACCT-000102,CUST-000102,BR-011,2026-M08,2848.48,2742.05
ACCT-000102,CUST-000102,BR-011,2026-M09,2853.1,2760.78
ACCT-000102,CUST-000102,BR-011,2026-M10,2783.45,2602.38
ACCT-000102,CUST-000102,BR-011,2026-M11,2807.18,2690.66
ACCT-000102,CUST-000102,BR-011,2026-M12,2734.89,2554.58
ACCT-000103,CUST-000103,BR-003,2026-M07,11674.92,10792.28
ACCT-000103,CUST-000103,BR-003,2026-M08,11264.42,10642.24
ACCT-000103,CUST-000103,BR-003,2026-M09,11814.22,11306.16
ACCT-000103,CUST-000103,BR-003,2026-M10,11745.62,11005.27
ACCT-000103,CUST-000103,BR-003,2026-M11,11849.17,11118.94
ACCT-000103,CUST-000103,BR-003,2026-M12,12285.42,11413.69
ACCT-000104,CUST-000104,BR-011,2025-M12,11260.3,10275.51
ACCT-000104,CUST-000104,BR-011,2026-M01,11182.93,10510.97
ACCT-000104,CUST-000104,BR-011,2026-M02,12003.26,11309.85
ACCT-000104,CUST-000104,BR-011,2026-M03,11153.25,10513.33
ACCT-000104,CUST-000104,BR-011,2026-M04,12152.21,11775.48
ACCT-000104,CUST-000104,BR-011,2026-M05,12564.93,11736.49
ACCT-000104,CUST-000104,BR-011,2026-M06,12194.69,11549.31
ACCT-000104,CUST-000104,BR-011,2026-M07,12261.58,11369.44
ACCT-000104,CUST-000104,BR-011,2026-M08,12257.86,11161.26
ACCT-000104,CUST-000104,BR-011,2026-M09,11940.08,11511.66
ACCT-000104,CUST-000104,BR-011,2026-M10,12150.25,11410.78
ACCT-000104,CUST-000104,BR-011,2026-M11,12410.86,11890.63
ACCT-000104,CUST-000104,BR-011,2026-M12,12182.56,11448.18
ACCT-000106,CUST-000106,BR-012,2025-M01,6501.36,6084.94
ACCT-000106,CUST-000106,BR-012,2025-M02,6883.83,6540.53
ACCT-000106,CUST-000106,BR-012,2025-M03,6670.12,6331.21
ACCT-000106,CUST-000106,BR-012,2025-M04,7093.76,6613.3
ACCT-000106,CUST-000106,BR-012,2025-M05,7160.9,6917.42
ACCT-000106,CUST-000106,BR-012,2025-M06,6604.46,6125.45
ACCT-000106,CUST-000106,BR-012,2025-M07,6958.76,6370.29
ACCT-000106,CUST-000106,BR-012,2025-M08,6840.6,6562.31
ACCT-000106,CUST-000106,BR-012,2025-M09,6892.02,6578.84
ACCT-000106,CUST-000106,BR-012,2025-M10,6885.41,6560.74
ACCT-000106,CUST-000106,BR-012,2025-M11,6820.69,6248.95
ACCT-000106,CUST-000106,BR-012,2025-M12,7535.93,6899.85
ACCT-000106,CUST-000106,BR-012,2026-M01,7442.89,7053.57
ACCT-000106,CUST-000106,BR-012,2026-M02,7169.73,6729.33
ACCT-000106,CUST-000106,BR-012,2026-M03,7532.19,7171.83
ACCT-000106,CUST-000106,BR-012,2026-M04,7433.85,6963.65
ACCT-000106,CUST-000106,BR-012,2026-M05,7193.85,6865.83
ACCT-000106,CUST-000106,BR-012,2026-M06,7488.9,7254.49
ACCT-000106,CUST-000106,BR-012,2026-M07,7330.01,7082.82
ACCT-000106,CUST-000106,BR-012,2026-M08,7377.91,6955.09
ACCT-000106,CUST-000106,BR-012,2026-M09,6906.74,6326.08
ACCT-000106,CUST-000106,BR-012,2026-M10,6927.35,6439.28
ACCT-000106,CUST-000106,BR-012,2026-M11,7219.38,6749.66
ACCT-000106,CUST-000106,BR-012,2026-M12,7226.82,6614.35
ACCT-000107,CUST-000107,BR-009,2025-M09,1407.33,1338.43
ACCT-000107,CUST-000107,BR-009,2025-M10,1409.95,1343.64
ACCT-000107,CUST-000107,BR-009,2025-M11,1439.86,1390.49
ACCT-000107,CUST-000107,BR-009,2025-M12,1511.4,1385.78
ACCT-000107,CUST-000107,BR-009,2026-M01,1558.87,1433.92
ACCT-000107,CUST-000107,BR-009,2026-M02,1483.97,1377.33
ACCT-000107,CUST-000107,BR-009,2026-M03,1532.02,1432.88
ACCT-000107,CUST-000107,BR-009,2026-M04,1636.47,1537.39
ACCT-000107,CUST-000107,BR-009,2026-M05,1646.66,1587.6
ACCT-000107,CUST-000107,BR-009,2026-M06,1505.24,1437.79
ACCT-000107,CUST-000107,BR-009,2026-M07,1583.81,1461.53
ACCT-000107,CUST-000107,BR-009,2026-M08,1588.14,1476.96
ACCT-000107,CUST-000107,BR-009,2026-M09,1542.37,1445.56
ACCT-000107,CUST-000107,BR-009,2026-M10,1596.29,1503.37
ACCT-000107,CUST-000107,BR-009,2026-M11,1609.85,1491.53
ACCT-000107,CUST-000107,BR-009,2026-M12,1646.28,1596.11
ACCT-000111,CUST-000111,BR-003,2026-M07,19836.46,18567.19
ACCT-000111,CUST-000111,BR-003,2026-M08,17750.51,16507.63
ACCT-000111,CUST-000111,BR-003,2026-M09,18788.55,17651.2
ACCT-000111,CUST-000111,BR-003,2026-M10,19219.47,18345.55
ACCT-000111,CUST-000111,BR-003,2026-M11,20174.35,18601.63
ACCT-000111,CUST-000111,BR-003,2026-M12,20181.36,19374.62
ACCT-000112,CUST-000112,BR-011,2026-M09,21546.39,20609.19
ACCT-000112,CUST-000112,BR-011,2026-M10,20108.55,18744.62
ACCT-000112,CUST-000112,BR-011,2026-M11,20693.7,19268.84
ACCT-000112,CUST-000112,BR-011,2026-M12,20652.76,18823.3
ACCT-000114,CUST-000114,BR-004,2025-M01,5636.54,5270.19
ACCT-000114,CUST-000114,BR-004,2025-M02,5466.09,5138.73
ACCT-000114,CUST-000114,BR-004,2025-M03,5509.8,5171.3
ACCT-000114,CUST-000114,BR-004,2025-M04,5463.45,5217.3
ACCT-000114,CUST-000114,BR-004,2025-M05,5345.24,4890.0
ACCT-000114,CUST-000114,BR-004,2025-M06,5732.01,5476.65
ACCT-000114,CUST-000114,BR-004,2025-M07,5448.0,5193.87
ACCT-000114,CUST-000114,BR-004,2025-M08,5583.93,5218.0
ACCT-000114,CUST-000114,BR-004,2025-M09,5323.3,4919.39
ACCT-000114,CUST-000114,BR-004,2025-M10,5647.79,5322.39
ACCT-000114,CUST-000114,BR-004,2025-M11,5659.95,5342.9
ACCT-000114,CUST-000114,BR-004,2025-M12,5767.17,5412.07
ACCT-000114,CUST-000114,BR-004,2026-M01,6073.43,5716.01
ACCT-000114,CUST-000114,BR-004,2026-M02,5762.74,5311.35
ACCT-000114,CUST-000114,BR-004,2026-M03,5930.72,5674.3
ACCT-000114,CUST-000114,BR-004,2026-M04,6104.59,5903.83
ACCT-000114,CUST-000114,BR-004,2026-M05,5783.7,5500.89
ACCT-000114,CUST-000114,BR-004,2026-M06,5861.46,5676.06
ACCT-000114,CUST-000114,BR-004,2026-M07,5329.49,5007.08
ACCT-000114,CUST-000114,BR-004,2026-M08,5664.86,5355.53
ACCT-000114,CUST-000114,BR-004,2026-M09,5905.75,5380.99
ACCT-000114,CUST-000114,BR-004,2026-M10,5751.07,5577.44
ACCT-000114,CUST-000114,BR-004,2026-M11,5807.62,5567.88
ACCT-000114,CUST-000114,BR-004,2026-M12,6233.95,5914.42
ACCT-000115,CUST-000115,BR-010,2025-M01,10024.34,9356.45
ACCT-000115,CUST-000115,BR-010,2025-M02,10594.03,10054.5
ACCT-000115,CUST-000115,BR-010,2025-M03,10009.53,9654.52
ACCT-000115,CUST-000115,BR-010,2025-M04,10506.64,9808.86
ACCT-000115,CUST-000115,BR-010,2025-M05,10616.13,9903.89
ACCT-000115,CUST-000115,BR-010,2025-M06,10915.94,10472.86
ACCT-000115,CUST-000115,BR-010,2025-M07,10354.63,9794.5
ACCT-000115,CUST-000115,BR-010,2025-M08,10744.43,9889.37
ACCT-000115,CUST-000115,BR-010,2025-M09,10855.77,10503.11
ACCT-000115,CUST-000115,BR-010,2025-M10,10521.59,9677.53
ACCT-000115,CUST-000115,BR-010,2025-M11,10971.68,10265.38
ACCT-000115,CUST-000115,BR-010,2025-M12,10707.35,10030.31
ACCT-000115,CUST-000115,BR-010,2026-M01,10784.73,10141.93
ACCT-000115,CUST-000115,BR-010,2026-M02,11069.62,10687.71
ACCT-000115,CUST-000115,BR-010,2026-M03,10626.05,10187.42
ACCT-000115,CUST-000115,BR-010,2026-M04,11253.86,10262.95
ACCT-000115,CUST-000115,BR-010,2026-M05,10499.38,9756.6
ACCT-000115,CUST-000115,BR-010,2026-M06,11057.64,10459.57
ACCT-000115,CUST-000115,BR-010,2026-M07,10773.69,10390.56
ACCT-000115,CUST-000115,BR-010,2026-M08,10270.21,9639.74
ACCT-000115,CUST-000115,BR-010,2026-M09,10415.96,9642.9
ACCT-000115,CUST-000115,BR-010,2026-M10,10121.06,9681.15
ACCT-000115,CUST-000115,BR-010,2026-M11,10602.55,9749.92
ACCT-000115,CUST-000115,BR-010,2026-M12,10571.8,9793.2
ACCT-000116,CUST-000116,BR-005,2025-M01,7646.2,7274.13
ACCT-000116,CUST-000116,BR-005,2025-M02,7593.79,7226.18
ACCT-000116,CUST-000116,BR-005,2025-M03,7731.5,7202.35
ACCT-000116,CUST-000116,BR-005,2025-M04,7919.21,7488.4
ACCT-000116,CUST-000116,BR-005,2025-M05,7461.72,7139.91
ACCT-000116,CUST-000116,BR-005,2025-M06,7484.22,6990.79
ACCT-000116,CUST-000116,BR-005,2025-M07,7769.64,7210.5
ACCT-000116,CUST-000116,BR-005,2025-M08,7170.66,6890.31
ACCT-000116,CUST-000116,BR-005,2025-M09,7280.95,6765.71
ACCT-000116,CUST-000116,BR-005,2025-M10,7223.47,6806.6
ACCT-000116,CUST-000116,BR-005,2025-M11,7999.15,7467.58
ACCT-000116,CUST-000116,BR-005,2025-M12,7676.01,7441.71
ACCT-000116,CUST-000116,BR-005,2026-M01,7856.08,7549.88
ACCT-000116,CUST-000116,BR-005,2026-M02,7834.1,7548.46
ACCT-000116,CUST-000116,BR-005,2026-M03,7986.47,7523.26
ACCT-000116,CUST-000116,BR-005,2026-M04,7787.2,7545.67
ACCT-000116,CUST-000116,BR-005,2026-M05,7817.92,7361.08
ACCT-000116,CUST-000116,BR-005,2026-M06,7538.74,7269.58
ACCT-000116,CUST-000116,BR-005,2026-M07,7414.07,6957.07
ACCT-000116,CUST-000116,BR-005,2026-M08,7398.11,6795.71
ACCT-000116,CUST-000116,BR-005,2026-M09,7436.25,6903.33
ACCT-000116,CUST-000116,BR-005,2026-M10,7430.59,7136.13
ACCT-000116,CUST-000116,BR-005,2026-M11,7843.35,7577.78
ACCT-000116,CUST-000116,BR-005,2026-M12,7836.46,7214.32
ACCT-000118,CUST-000118,BR-002,2026-M06,5352.44,5179.86
ACCT-000118,CUST-000118,BR-002,2026-M07,5280.47,5109.42
ACCT-000118,CUST-000118,BR-002,2026-M08,5237.23,4814.03
ACCT-000118,CUST-000118,BR-002,2026-M09,5205.49,4930.1
ACCT-000118,CUST-000118,BR-002,2026-M10,5464.73,5289.74
ACCT-000118,CUST-000118,BR-002,2026-M11,5508.54,5029.78
ACCT-000118,CUST-000118,BR-002,2026-M12,5683.23,5489.76
ACCT-000119,CUST-000119,BR-003,2025-M01,12754.81,12051.97
ACCT-000119,CUST-000119,BR-003,2025-M02,13155.57,12084.7
ACCT-000119,CUST-000119,BR-003,2025-M03,13594.51,13138.97
ACCT-000119,CUST-000119,BR-003,2025-M04,14200.11,13724.48
ACCT-000119,CUST-000119,BR-003,2025-M05,13460.65,12563.15
ACCT-000119,CUST-000119,BR-003,2025-M06,13737.12,12570.32
ACCT-000119,CUST-000119,BR-003,2025-M07,12995.56,12228.47
ACCT-000119,CUST-000119,BR-003,2025-M08,13601.37,12811.96
ACCT-000119,CUST-000119,BR-003,2025-M09,13362.05,12585.92
ACCT-000119,CUST-000119,BR-003,2025-M10,13983.67,13522.82
ACCT-000119,CUST-000119,BR-003,2025-M11,13588.96,12481.62
ACCT-000119,CUST-000119,BR-003,2025-M12,14778.4,13820.45
ACCT-000119,CUST-000119,BR-003,2026-M01,14177.34,13276.99
ACCT-000119,CUST-000119,BR-003,2026-M02,14582.19,13539.42
ACCT-000119,CUST-000119,BR-003,2026-M03,15048.21,14359.87
ACCT-000119,CUST-000119,BR-003,2026-M04,14202.49,13436.53
ACCT-000119,CUST-000119,BR-003,2026-M05,14497.07,13413.71
ACCT-000119,CUST-000119,BR-003,2026-M06,14079.95,12998.06
ACCT-000119,CUST-000119,BR-003,2026-M07,14522.3,13661.34
ACCT-000119,CUST-000119,BR-003,2026-M08,13119.29,12656.99
ACCT-000119,CUST-000119,BR-003,2026-M09,14128.78,13319.17
ACCT-000119,CUST-000119,BR-003,2026-M10,13877.09,13152.93
ACCT-000119,CUST-000119,BR-003,2026-M11,13848.34,12619.08
ACCT-000119,CUST-000119,BR-003,2026-M12,14210.48,13656.41
ACCT-000120,CUST-000120,BR-001,2025-M01,71964.87,69759.15
ACCT-000120,CUST-000120,BR-001,2025-M02,70565.3,66250.39
ACCT-000120,CUST-000120,BR-001,2025-M03,71737.68,66095.74
ACCT-000120,CUST-000120,BR-001,2025-M04,68898.62,64967.75
ACCT-000120,CUST-000120,BR-001,2025-M05,70417.16,65744.58
ACCT-000120,CUST-000120,BR-001,2025-M06,72724.93,68347.25
ACCT-000120,CUST-000120,BR-001,2025-M07,74925.23,68814.98
ACCT-000120,CUST-000120,BR-001,2025-M08,69087.18,64065.86
ACCT-000120,CUST-000120,BR-001,2025-M09,73458.51,70204.72
ACCT-000120,CUST-000120,BR-001,2025-M10,72464.58,69383.67
ACCT-000120,CUST-000120,BR-001,2025-M11,72629.31,70051.54
ACCT-000120,CUST-000120,BR-001,2025-M12,73844.92,67669.6
ACCT-000120,CUST-000120,BR-001,2026-M01,78417.01,72332.64
ACCT-000120,CUST-000120,BR-001,2026-M02,80307.18,76484.35
ACCT-000120,CUST-000120,BR-001,2026-M03,78555.88,74821.14
ACCT-000120,CUST-000120,BR-001,2026-M04,82233.92,76047.27
ACCT-000120,CUST-000120,BR-001,2026-M05,76143.69,73356.54
ACCT-000120,CUST-000120,BR-001,2026-M06,72970.06,70712.39
ACCT-000120,CUST-000120,BR-001,2026-M07,74258.78,69444.77
ACCT-000120,CUST-000120,BR-001,2026-M08,73041.33,70122.43
ACCT-000120,CUST-000120,BR-001,2026-M09,76499.22,70931.32
ACCT-000120,CUST-000120,BR-001,2026-M10,76559.3,70952.64
ACCT-000120,CUST-000120,BR-001,2026-M11,75758.83,69061.1
ACCT-000120,CUST-000120,BR-001,2026-M12,79954.78,73153.14
ACCT-000121,CUST-000121,BR-002,2026-M09,10481.15,10060.4
ACCT-000121,CUST-000121,BR-002,2026-M10,10333.61,9518.92
ACCT-000121,CUST-000121,BR-002,2026-M11,10904.22,10506.03
ACCT-000121,CUST-000121,BR-002,2026-M12,10985.91,10096.86
ACCT-000122,CUST-000122,BR-007,2026-M09,68089.43,63571.73
ACCT-000122,CUST-000122,BR-007,2026-M10,73800.98,67445.21
ACCT-000122,CUST-000122,BR-007,2026-M11,73927.56,69963.65
ACCT-000122,CUST-000122,BR-007,2026-M12,73091.01,70682.22
ACCT-000125,CUST-000125,BR-009,2025-M01,5545.55,5210.59
ACCT-000125,CUST-000125,BR-009,2025-M02,6008.3,5725.86
ACCT-000125,CUST-000125,BR-009,2025-M03,5900.88,5406.48
ACCT-000125,CUST-000125,BR-009,2025-M04,5983.64,5647.65
ACCT-000125,CUST-000125,BR-009,2025-M05,6017.73,5696.12
ACCT-000125,CUST-000125,BR-009,2025-M06,6110.67,5739.05
ACCT-000125,CUST-000125,BR-009,2025-M07,5663.85,5375.08
ACCT-000125,CUST-000125,BR-009,2025-M08,5812.52,5302.6
ACCT-000125,CUST-000125,BR-009,2025-M09,5859.04,5543.42
ACCT-000125,CUST-000125,BR-009,2025-M10,5956.08,5600.03
ACCT-000125,CUST-000125,BR-009,2025-M11,6094.95,5638.08
ACCT-000125,CUST-000125,BR-009,2025-M12,5987.58,5710.1
ACCT-000125,CUST-000125,BR-009,2026-M01,6039.96,5855.09
ACCT-000125,CUST-000125,BR-009,2026-M02,6114.86,5573.39
ACCT-000125,CUST-000125,BR-009,2026-M03,6241.62,5916.37
ACCT-000125,CUST-000125,BR-009,2026-M04,6222.33,5846.72
ACCT-000125,CUST-000125,BR-009,2026-M05,6202.58,5653.64
ACCT-000125,CUST-000125,BR-009,2026-M06,5956.51,5453.37
ACCT-000125,CUST-000125,BR-009,2026-M07,6011.5,5739.28
ACCT-000125,CUST-000125,BR-009,2026-M08,5837.36,5630.6
ACCT-000125,CUST-000125,BR-009,2026-M09,5897.33,5409.16
ACCT-000125,CUST-000125,BR-009,2026-M10,5831.11,5443.88
ACCT-000125,CUST-000125,BR-009,2026-M11,6245.5,5895.55
ACCT-000125,CUST-000125,BR-009,2026-M12,6244.51,6046.71
ACCT-000127,CUST-000127,BR-003,2025-M01,72983.55,67209.22
ACCT-000127,CUST-000127,BR-003,2025-M02,76900.83,72076.5
ACCT-000127,CUST-000127,BR-003,2025-M03,73463.45,67526.38
ACCT-000127,CUST-000127,BR-003,2025-M04,77650.83,71422.02
ACCT-000127,CUST-000127,BR-003,2025-M05,74467.67,68206.47
ACCT-000127,CUST-000127,BR-003,2025-M06,79526.35,73000.32
ACCT-000127,CUST-000127,BR-003,2025-M07,76725.36,69936.46
ACCT-000127,CUST-000127,BR-003,2025-M08,75139.45,72668.39
ACCT-000127,CUST-000127,BR-003,2025-M09,76785.94,72165.02
ACCT-000127,CUST-000127,BR-003,2025-M10,76502.36,71696.97
ACCT-000127,CUST-000127,BR-003,2025-M11,76302.59,69482.3
ACCT-000127,CUST-000127,BR-003,2025-M12,72691.73,68359.88
ACCT-000127,CUST-000127,BR-003,2026-M01,77896.12,72310.07
ACCT-000127,CUST-000127,BR-003,2026-M02,77806.38,75394.8
ACCT-000127,CUST-000127,BR-003,2026-M03,77743.35,73700.84
ACCT-000127,CUST-000127,BR-003,2026-M04,80483.6,76793.99
ACCT-000127,CUST-000127,BR-003,2026-M05,78065.84,72860.11
ACCT-000127,CUST-000127,BR-003,2026-M06,74996.67,69515.96
ACCT-000127,CUST-000127,BR-003,2026-M07,76803.27,73845.77
ACCT-000127,CUST-000127,BR-003,2026-M08,69636.56,63973.21
ACCT-000127,CUST-000127,BR-003,2026-M09,75635.9,70854.21
ACCT-000127,CUST-000127,BR-003,2026-M10,72552.5,67434.38
ACCT-000127,CUST-000127,BR-003,2026-M11,72604.59,70082.69
ACCT-000127,CUST-000127,BR-003,2026-M12,74424.2,68287.58
ACCT-000129,CUST-000129,BR-008,2025-M09,53351.47,50708.26
ACCT-000129,CUST-000129,BR-008,2025-M10,54231.86,51900.49
ACCT-000129,CUST-000129,BR-008,2025-M11,54232.86,50014.39
ACCT-000129,CUST-000129,BR-008,2025-M12,57371.62,52674.31
ACCT-000129,CUST-000129,BR-008,2026-M01,62527.84,57900.34
ACCT-000129,CUST-000129,BR-008,2026-M02,59712.53,55912.13
ACCT-000129,CUST-000129,BR-008,2026-M03,58396.0,55243.29
ACCT-000129,CUST-000129,BR-008,2026-M04,58473.93,53751.98
ACCT-000129,CUST-000129,BR-008,2026-M05,61537.11,59562.02
ACCT-000129,CUST-000129,BR-008,2026-M06,60452.13,58488.32
ACCT-000129,CUST-000129,BR-008,2026-M07,60525.72,57234.99
ACCT-000129,CUST-000129,BR-008,2026-M08,59260.14,54878.52
ACCT-000129,CUST-000129,BR-008,2026-M09,60382.44,56747.27
ACCT-000129,CUST-000129,BR-008,2026-M10,62374.09,56771.08
ACCT-000129,CUST-000129,BR-008,2026-M11,63164.29,60608.94
ACCT-000129,CUST-000129,BR-008,2026-M12,64750.48,59977.38
ACCT-000132,CUST-000132,BR-002,2025-M03,15002.8,13775.37
ACCT-000132,CUST-000132,BR-002,2025-M04,15869.26,15105.18
ACCT-000132,CUST-000132,BR-002,2025-M05,14717.05,13522.97
ACCT-000132,CUST-000132,BR-002,2025-M06,15182.95,14318.08
ACCT-000132,CUST-000132,BR-002,2025-M07,14947.49,13898.12
ACCT-000132,CUST-000132,BR-002,2025-M08,14525.75,13928.5
ACCT-000132,CUST-000132,BR-002,2025-M09,14351.16,13451.89
ACCT-000132,CUST-000132,BR-002,2025-M10,14758.86,13436.97
ACCT-000132,CUST-000132,BR-002,2025-M11,15488.91,14273.73
ACCT-000132,CUST-000132,BR-002,2025-M12,15633.15,14819.65
ACCT-000132,CUST-000132,BR-002,2026-M01,15886.82,14982.77
ACCT-000132,CUST-000132,BR-002,2026-M02,15993.95,15400.63
ACCT-000132,CUST-000132,BR-002,2026-M03,16807.44,16088.09
ACCT-000132,CUST-000132,BR-002,2026-M04,17076.25,16160.68
ACCT-000132,CUST-000132,BR-002,2026-M05,15981.07,14659.53
ACCT-000132,CUST-000132,BR-002,2026-M06,17353.63,16674.2
ACCT-000132,CUST-000132,BR-002,2026-M07,16461.37,15304.46
ACCT-000132,CUST-000132,BR-002,2026-M08,16061.8,14675.23
ACCT-000132,CUST-000132,BR-002,2026-M09,16569.01,15662.78
ACCT-000132,CUST-000132,BR-002,2026-M10,16476.78,15290.93
ACCT-000132,CUST-000132,BR-002,2026-M11,16656.62,16109.75
ACCT-000132,CUST-000132,BR-002,2026-M12,17468.49,16198.3
ACCT-000134,CUST-000134,BR-006,2025-M02,4658.36,4501.26
ACCT-000134,CUST-000134,BR-006,2025-M03,4460.76,4231.43
ACCT-000134,CUST-000134,BR-006,2025-M04,4593.72,4288.22
ACCT-000134,CUST-000134,BR-006,2025-M05,4492.57,4351.09
ACCT-000134,CUST-000134,BR-006,2025-M06,4343.38,3972.05
ACCT-000134,CUST-000134,BR-006,2025-M07,4442.07,4297.81
ACCT-000134,CUST-000134,BR-006,2025-M08,4371.32,4029.43
ACCT-000134,CUST-000134,BR-006,2025-M09,4632.05,4487.03
ACCT-000134,CUST-000134,BR-006,2025-M10,4569.98,4362.55
ACCT-000134,CUST-000134,BR-006,2025-M11,4759.96,4565.42
ACCT-000134,CUST-000134,BR-006,2025-M12,4943.11,4582.13
ACCT-000134,CUST-000134,BR-006,2026-M01,4775.8,4417.41
ACCT-000134,CUST-000134,BR-006,2026-M02,5126.11,4865.1
ACCT-000134,CUST-000134,BR-006,2026-M03,5144.61,4939.99
ACCT-000134,CUST-000134,BR-006,2026-M04,5164.81,4796.15
ACCT-000134,CUST-000134,BR-006,2026-M05,4980.59,4771.13
ACCT-000134,CUST-000134,BR-006,2026-M06,5162.26,4711.55
ACCT-000134,CUST-000134,BR-006,2026-M07,4680.91,4450.04
ACCT-000134,CUST-000134,BR-006,2026-M08,4952.94,4512.19
ACCT-000134,CUST-000134,BR-006,2026-M09,5427.44,5145.87
ACCT-000134,CUST-000134,BR-006,2026-M10,4746.54,4423.9
ACCT-000134,CUST-000134,BR-006,2026-M11,5059.94,4833.61
ACCT-000134,CUST-000134,BR-006,2026-M12,5372.2,5150.42
ACCT-000136,CUST-000136,BR-005,2026-M08,1756.78,1602.15
ACCT-000136,CUST-000136,BR-005,2026-M09,1682.75,1540.66
ACCT-000136,CUST-000136,BR-005,2026-M10,1701.97,1629.3
ACCT-000136,CUST-000136,BR-005,2026-M11,1784.62,1715.85
ACCT-000136,CUST-000136,BR-005,2026-M12,1830.08,1705.84
ACCT-000139,CUST-000139,BR-008,2025-M01,49948.49,46105.51
ACCT-000139,CUST-000139,BR-008,2025-M02,50885.0,48822.13
ACCT-000139,CUST-000139,BR-008,2025-M03,50896.27,47853.52
ACCT-000139,CUST-000139,BR-008,2025-M04,54427.74,51528.91
ACCT-000139,CUST-000139,BR-008,2025-M05,51529.54,47855.62
ACCT-000139,CUST-000139,BR-008,2025-M06,53705.36,49570.28
ACCT-000139,CUST-000139,BR-008,2025-M07,51498.64,49343.36
ACCT-000139,CUST-000139,BR-008,2025-M08,52070.63,48905.79
ACCT-000139,CUST-000139,BR-008,2025-M09,53380.48,50296.67
ACCT-000139,CUST-000139,BR-008,2025-M10,55578.4,53528.16
ACCT-000139,CUST-000139,BR-008,2025-M11,55026.58,51315.05
ACCT-000139,CUST-000139,BR-008,2025-M12,57470.12,53629.44
ACCT-000139,CUST-000139,BR-008,2026-M01,56310.19,53828.73
ACCT-000139,CUST-000139,BR-008,2026-M02,59370.28,54927.22
ACCT-000139,CUST-000139,BR-008,2026-M03,58632.36,56369.05
ACCT-000139,CUST-000139,BR-008,2026-M04,58876.9,55307.39
ACCT-000139,CUST-000139,BR-008,2026-M05,58038.31,54897.25
ACCT-000139,CUST-000139,BR-008,2026-M06,60231.86,55252.7
ACCT-000139,CUST-000139,BR-008,2026-M07,59555.23,55990.74
ACCT-000139,CUST-000139,BR-008,2026-M08,58743.52,56418.13
ACCT-000139,CUST-000139,BR-008,2026-M09,60552.82,56379.82
ACCT-000139,CUST-000139,BR-008,2026-M10,58268.34,55517.54
ACCT-000139,CUST-000139,BR-008,2026-M11,57947.63,54159.18
ACCT-000139,CUST-000139,BR-008,2026-M12,61248.46,57199.58
ACCT-000141,CUST-000141,BR-012,2025-M08,7985.38,7377.37
ACCT-000141,CUST-000141,BR-012,2025-M09,8263.94,7850.08
ACCT-000141,CUST-000141,BR-012,2025-M10,7984.11,7322.24
ACCT-000141,CUST-000141,BR-012,2025-M11,7896.5,7360.39
ACCT-000141,CUST-000141,BR-012,2025-M12,8309.41,7854.77
ACCT-000141,CUST-000141,BR-012,2026-M01,8398.82,7808.1
ACCT-000141,CUST-000141,BR-012,2026-M02,8225.42,7906.04
ACCT-000141,CUST-000141,BR-012,2026-M03,9095.61,8397.16
ACCT-000141,CUST-000141,BR-012,2026-M04,9004.8,8439.84
ACCT-000141,CUST-000141,BR-012,2026-M05,8689.21,8266.31
ACCT-000141,CUST-000141,BR-012,2026-M06,8810.38,8366.66
ACCT-000141,CUST-000141,BR-012,2026-M07,8764.36,8010.93
ACCT-000141,CUST-000141,BR-012,2026-M08,8831.85,8513.51
ACCT-000141,CUST-000141,BR-012,2026-M09,8885.92,8170.05
ACCT-000141,CUST-000141,BR-012,2026-M10,8884.47,8363.3
ACCT-000141,CUST-000141,BR-012,2026-M11,9543.54,8833.09
ACCT-000141,CUST-000141,BR-012,2026-M12,9609.64,9155.79
ACCT-000144,CUST-000144,BR-003,2026-M09,12047.96,11588.32
ACCT-000144,CUST-000144,BR-003,2026-M10,12016.26,11330.73
ACCT-000144,CUST-000144,BR-003,2026-M11,11417.07,10929.83
ACCT-000144,CUST-000144,BR-003,2026-M12,12167.39,11078.39
ACCT-000145,CUST-000145,BR-012,2026-M06,17380.23,15954.86
ACCT-000145,CUST-000145,BR-012,2026-M07,16660.75,16096.3
ACCT-000145,CUST-000145,BR-012,2026-M08,15917.69,14723.09
ACCT-000145,CUST-000145,BR-012,2026-M09,16881.92,15424.45
ACCT-000145,CUST-000145,BR-012,2026-M10,17147.65,15845.97
ACCT-000145,CUST-000145,BR-012,2026-M11,18148.55,17441.22
ACCT-000145,CUST-000145,BR-012,2026-M12,17509.81,16115.2
ACCT-000146,CUST-000146,BR-005,2025-M09,22371.05,21423.04
ACCT-000146,CUST-000146,BR-005,2025-M10,21847.74,20170.69
ACCT-000146,CUST-000146,BR-005,2025-M11,21865.92,19959.63
ACCT-000146,CUST-000146,BR-005,2025-M12,22554.44,20756.3
ACCT-000146,CUST-000146,BR-005,2026-M01,24186.13,22476.81
ACCT-000146,CUST-000146,BR-005,2026-M02,25104.36,22933.57
ACCT-000146,CUST-000146,BR-005,2026-M03,25220.0,23119.06
ACCT-000146,CUST-000146,BR-005,2026-M04,25515.88,23613.86
ACCT-000146,CUST-000146,BR-005,2026-M05,25068.32,23910.05
ACCT-000146,CUST-000146,BR-005,2026-M06,25118.57,22973.64
ACCT-000146,CUST-000146,BR-005,2026-M07,25900.12,24535.76
ACCT-000146,CUST-000146,BR-005,2026-M08,24090.02,23147.44
ACCT-000146,CUST-000146,BR-005,2026-M09,24811.21,23228.21
ACCT-000146,CUST-000146,BR-005,2026-M10,25873.11,23692.13
ACCT-000146,CUST-000146,BR-005,2026-M11,25709.03,23649.67
ACCT-000146,CUST-000146,BR-005,2026-M12,27136.07,25318.17
ACCT-000147,CUST-000147,BR-005,2025-M02,30077.07,27674.61
ACCT-000147,CUST-000147,BR-005,2025-M03,28604.23,27626.34
ACCT-000147,CUST-000147,BR-005,2025-M04,29229.78,28070.92
ACCT-000147,CUST-000147,BR-005,2025-M05,31130.09,29767.51
ACCT-000147,CUST-000147,BR-005,2025-M06,31903.32,29587.13
ACCT-000147,CUST-000147,BR-005,2025-M07,31654.79,30335.45
ACCT-000147,CUST-000147,BR-005,2025-M08,31890.88,30684.62
ACCT-000147,CUST-000147,BR-005,2025-M09,32096.08,30877.7
ACCT-000147,CUST-000147,BR-005,2025-M10,31394.0,29981.03
ACCT-000147,CUST-000147,BR-005,2025-M11,33204.0,31667.5
ACCT-000147,CUST-000147,BR-005,2025-M12,32003.4,29344.67
ACCT-000147,CUST-000147,BR-005,2026-M01,34025.28,32635.46
ACCT-000147,CUST-000147,BR-005,2026-M02,32816.62,31682.4
ACCT-000147,CUST-000147,BR-005,2026-M03,34194.34,32163.96
ACCT-000147,CUST-000147,BR-005,2026-M04,36228.9,35023.09
ACCT-000147,CUST-000147,BR-005,2026-M05,34580.45,32595.63
ACCT-000147,CUST-000147,BR-005,2026-M06,35227.82,32916.8
ACCT-000147,CUST-000147,BR-005,2026-M07,34780.65,32567.76
ACCT-000147,CUST-000147,BR-005,2026-M08,33928.58,31799.42
ACCT-000147,CUST-000147,BR-005,2026-M09,34282.22,32282.66
ACCT-000147,CUST-000147,BR-005,2026-M10,34342.99,32018.4
ACCT-000147,CUST-000147,BR-005,2026-M11,36587.49,33454.39
ACCT-000147,CUST-000147,BR-005,2026-M12,36662.27,35010.99
ACCT-000148,CUST-000148,BR-007,2026-M08,45443.09,43361.95
ACCT-000148,CUST-000148,BR-007,2026-M09,44806.87,40900.36
ACCT-000148,CUST-000148,BR-007,2026-M10,47253.89,43519.04
ACCT-000148,CUST-000148,BR-007,2026-M11,49556.57,46802.82
ACCT-000148,CUST-000148,BR-007,2026-M12,50384.1,48847.43
ACCT-000149,CUST-000149,BR-005,2025-M01,44571.77,41326.0
ACCT-000149,CUST-000149,BR-005,2025-M02,46487.32,43811.67
ACCT-000149,CUST-000149,BR-005,2025-M03,46168.48,44028.74
ACCT-000149,CUST-000149,BR-005,2025-M04,45561.39,42701.93
ACCT-000149,CUST-000149,BR-005,2025-M05,47029.19,45434.87
ACCT-000149,CUST-000149,BR-005,2025-M06,44699.36,41426.82
ACCT-000149,CUST-000149,BR-005,2025-M07,46485.13,43759.24
ACCT-000149,CUST-000149,BR-005,2025-M08,46486.46,43601.97
ACCT-000149,CUST-000149,BR-005,2025-M09,46593.99,43527.98
ACCT-000149,CUST-000149,BR-005,2025-M10,47288.23,44308.96
ACCT-000149,CUST-000149,BR-005,2025-M11,47393.48,44677.6
ACCT-000149,CUST-000149,BR-005,2025-M12,50600.38,46966.95
ACCT-000149,CUST-000149,BR-005,2026-M01,47895.06,43735.17
ACCT-000149,CUST-000149,BR-005,2026-M02,48898.89,45161.48
ACCT-000149,CUST-000149,BR-005,2026-M03,48437.01,44983.64
ACCT-000149,CUST-000149,BR-005,2026-M04,53216.15,50671.06
ACCT-000149,CUST-000149,BR-005,2026-M05,52097.46,48686.66
ACCT-000149,CUST-000149,BR-005,2026-M06,50084.88,46263.15
ACCT-000149,CUST-000149,BR-005,2026-M07,49550.54,46183.57
ACCT-000149,CUST-000149,BR-005,2026-M08,47570.68,44348.58
ACCT-000149,CUST-000149,BR-005,2026-M09,51460.76,48175.13
ACCT-000149,CUST-000149,BR-005,2026-M10,50139.8,47406.53
ACCT-000149,CUST-000149,BR-005,2026-M11,51361.4,47885.96
ACCT-000149,CUST-000149,BR-005,2026-M12,52766.29,49814.9
ACCT-000151,CUST-000151,BR-001,2026-M08,10515.76,10071.24
ACCT-000151,CUST-000151,BR-001,2026-M09,10780.13,10043.79
ACCT-000151,CUST-000151,BR-001,2026-M10,11302.26,10667.78
ACCT-000151,CUST-000151,BR-001,2026-M11,11521.32,10494.77
ACCT-000151,CUST-000151,BR-001,2026-M12,11454.13,10427.94
ACCT-000153,CUST-000153,BR-006,2025-M01,7476.5,7033.98
ACCT-000153,CUST-000153,BR-006,2025-M02,7726.64,7332.93
ACCT-000153,CUST-000153,BR-006,2025-M03,7788.83,7319.11
ACCT-000153,CUST-000153,BR-006,2025-M04,7838.61,7225.26
ACCT-000153,CUST-000153,BR-006,2025-M05,7791.79,7174.59
ACCT-000153,CUST-000153,BR-006,2025-M06,7565.4,7076.11
ACCT-000153,CUST-000153,BR-006,2025-M07,8015.12,7595.69
ACCT-000153,CUST-000153,BR-006,2025-M08,7863.19,7190.74
ACCT-000153,CUST-000153,BR-006,2025-M09,7898.47,7430.11
ACCT-000153,CUST-000153,BR-006,2025-M10,7752.41,7120.85
ACCT-000153,CUST-000153,BR-006,2025-M11,8134.5,7645.67
ACCT-000153,CUST-000153,BR-006,2025-M12,8093.85,7675.34
ACCT-000153,CUST-000153,BR-006,2026-M01,8822.75,8444.09
ACCT-000153,CUST-000153,BR-006,2026-M02,8644.3,8212.49
ACCT-000153,CUST-000153,BR-006,2026-M03,8664.85,8032.02
ACCT-000153,CUST-000153,BR-006,2026-M04,8623.4,8150.41
ACCT-000153,CUST-000153,BR-006,2026-M05,8095.69,7495.26
ACCT-000153,CUST-000153,BR-006,2026-M06,8408.35,7878.63
ACCT-000153,CUST-000153,BR-006,2026-M07,8113.0,7762.79
ACCT-000153,CUST-000153,BR-006,2026-M08,8477.75,8106.39
ACCT-000153,CUST-000153,BR-006,2026-M09,7963.33,7583.82
ACCT-000153,CUST-000153,BR-006,2026-M10,7989.63,7496.5
ACCT-000153,CUST-000153,BR-006,2026-M11,8332.71,7853.59
ACCT-000153,CUST-000153,BR-006,2026-M12,8281.67,7970.71
ACCT-000154,CUST-000154,BR-001,2025-M04,7760.77,7354.26
ACCT-000154,CUST-000154,BR-001,2025-M05,8288.99,7915.85
ACCT-000154,CUST-000154,BR-001,2025-M06,8074.02,7768.01
ACCT-000154,CUST-000154,BR-001,2025-M07,7967.17,7515.98
ACCT-000154,CUST-000154,BR-001,2025-M08,8006.42,7310.96
ACCT-000154,CUST-000154,BR-001,2025-M09,8056.45,7632.12
ACCT-000154,CUST-000154,BR-001,2025-M10,8436.97,7973.01
ACCT-000154,CUST-000154,BR-001,2025-M11,8284.62,7695.33
ACCT-000154,CUST-000154,BR-001,2025-M12,8600.1,8071.11
ACCT-000154,CUST-000154,BR-001,2026-M01,8778.04,8040.81
ACCT-000154,CUST-000154,BR-001,2026-M02,8945.0,8602.84
ACCT-000154,CUST-000154,BR-001,2026-M03,9020.05,8635.71
ACCT-000154,CUST-000154,BR-001,2026-M04,8910.11,8510.68
ACCT-000154,CUST-000154,BR-001,2026-M05,8721.2,8025.79
ACCT-000154,CUST-000154,BR-001,2026-M06,8933.39,8341.72
ACCT-000154,CUST-000154,BR-001,2026-M07,8674.73,7899.03
ACCT-000154,CUST-000154,BR-001,2026-M08,8058.62,7812.63
ACCT-000154,CUST-000154,BR-001,2026-M09,9167.2,8377.56
ACCT-000154,CUST-000154,BR-001,2026-M10,8748.89,8285.86
ACCT-000154,CUST-000154,BR-001,2026-M11,9015.93,8704.39
ACCT-000154,CUST-000154,BR-001,2026-M12,9121.82,8397.81
ACCT-000156,CUST-000156,BR-009,2025-M05,8839.63,8291.95
ACCT-000156,CUST-000156,BR-009,2025-M06,8556.37,8286.43
ACCT-000156,CUST-000156,BR-009,2025-M07,8660.51,7956.91
ACCT-000156,CUST-000156,BR-009,2025-M08,8545.69,8163.79
ACCT-000156,CUST-000156,BR-009,2025-M09,8810.4,8385.12
ACCT-000156,CUST-000156,BR-009,2025-M10,8775.62,8321.63
ACCT-000156,CUST-000156,BR-009,2025-M11,8927.67,8131.41
ACCT-000156,CUST-000156,BR-009,2025-M12,9441.23,9057.1
ACCT-000156,CUST-000156,BR-009,2026-M01,9021.38,8445.4
ACCT-000156,CUST-000156,BR-009,2026-M02,9417.18,8706.02
ACCT-000156,CUST-000156,BR-009,2026-M03,9335.19,8561.87
ACCT-000156,CUST-000156,BR-009,2026-M04,10048.54,9391.46
ACCT-000156,CUST-000156,BR-009,2026-M05,9842.31,9249.01
ACCT-000156,CUST-000156,BR-009,2026-M06,9187.35,8745.8
ACCT-000156,CUST-000156,BR-009,2026-M07,10222.63,9553.15
ACCT-000156,CUST-000156,BR-009,2026-M08,9475.11,9177.4
ACCT-000156,CUST-000156,BR-009,2026-M09,9568.72,9092.88
ACCT-000156,CUST-000156,BR-009,2026-M10,10186.98,9394.43
ACCT-000156,CUST-000156,BR-009,2026-M11,9967.85,9366.12
ACCT-000156,CUST-000156,BR-009,2026-M12,10457.95,9941.84
ACCT-000159,CUST-000159,BR-005,2026-M08,2972.76,2805.72
ACCT-000159,CUST-000159,BR-005,2026-M09,2875.24,2654.67
ACCT-000159,CUST-000159,BR-005,2026-M10,2825.03,2689.5
ACCT-000159,CUST-000159,BR-005,2026-M11,3108.13,2867.18
ACCT-000159,CUST-000159,BR-005,2026-M12,3037.25,2879.13
ACCT-000160,CUST-000160,BR-012,2025-M01,68446.42,65296.42
ACCT-000160,CUST-000160,BR-012,2025-M02,71163.82,66292.91
ACCT-000160,CUST-000160,BR-012,2025-M03,67497.83,62682.37
ACCT-000160,CUST-000160,BR-012,2025-M04,67511.07,62831.89
ACCT-000160,CUST-000160,BR-012,2025-M05,68687.39,65227.02
ACCT-000160,CUST-000160,BR-012,2025-M06,67051.8,61385.68
ACCT-000160,CUST-000160,BR-012,2025-M07,68543.7,62921.69
ACCT-000160,CUST-000160,BR-012,2025-M08,67320.5,61887.34
ACCT-000160,CUST-000160,BR-012,2025-M09,68198.17,62538.51
ACCT-000160,CUST-000160,BR-012,2025-M10,68781.67,63672.04
ACCT-000160,CUST-000160,BR-012,2025-M11,71966.12,67936.82
ACCT-000160,CUST-000160,BR-012,2025-M12,73346.06,70919.66
ACCT-000160,CUST-000160,BR-012,2026-M01,71341.54,65949.95
ACCT-000160,CUST-000160,BR-012,2026-M02,73185.73,69081.4
ACCT-000160,CUST-000160,BR-012,2026-M03,79476.76,76294.68
ACCT-000160,CUST-000160,BR-012,2026-M04,77504.33,74538.77
ACCT-000160,CUST-000160,BR-012,2026-M05,74966.49,72386.82
ACCT-000160,CUST-000160,BR-012,2026-M06,72380.71,67303.01
ACCT-000160,CUST-000160,BR-012,2026-M07,71157.08,67242.41
ACCT-000160,CUST-000160,BR-012,2026-M08,74798.71,69986.62
ACCT-000160,CUST-000160,BR-012,2026-M09,70502.25,65074.93
ACCT-000160,CUST-000160,BR-012,2026-M10,72265.58,68780.86
ACCT-000160,CUST-000160,BR-012,2026-M11,74409.03,71474.9
ACCT-000160,CUST-000160,BR-012,2026-M12,74767.31,70166.2
ACCT-000162,CUST-000162,BR-005,2025-M07,9771.8,9403.73
ACCT-000162,CUST-000162,BR-005,2025-M08,9476.91,8980.9
ACCT-000162,CUST-000162,BR-005,2025-M09,9740.95,9385.61
ACCT-000162,CUST-000162,BR-005,2025-M10,9433.44,8748.52
ACCT-000162,CUST-000162,BR-005,2025-M11,9685.78,9334.49
ACCT-000162,CUST-000162,BR-005,2025-M12,9877.89,9129.77
ACCT-000162,CUST-000162,BR-005,2026-M01,9893.77,9090.61
ACCT-000162,CUST-000162,BR-005,2026-M02,10440.8,9617.25
ACCT-000162,CUST-000162,BR-005,2026-M03,10626.8,9850.6
ACCT-000162,CUST-000162,BR-005,2026-M04,10617.42,9717.53
ACCT-000162,CUST-000162,BR-005,2026-M05,11133.92,10606.9
ACCT-000162,CUST-000162,BR-005,2026-M06,10613.77,10204.14
ACCT-000162,CUST-000162,BR-005,2026-M07,10528.93,9675.76
ACCT-000162,CUST-000162,BR-005,2026-M08,10614.8,9963.44
ACCT-000162,CUST-000162,BR-005,2026-M09,10331.05,9872.94
ACCT-000162,CUST-000162,BR-005,2026-M10,10881.52,9973.73
ACCT-000162,CUST-000162,BR-005,2026-M11,10961.11,10140.29
ACCT-000162,CUST-000162,BR-005,2026-M12,11597.73,11051.12
ACCT-000164,CUST-000164,BR-007,2026-M01,53238.33,50240.62
ACCT-000164,CUST-000164,BR-007,2026-M02,53690.66,51511.36
ACCT-000164,CUST-000164,BR-007,2026-M03,52888.87,51209.18
ACCT-000164,CUST-000164,BR-007,2026-M04,54746.14,50524.27
ACCT-000164,CUST-000164,BR-007,2026-M05,52670.36,48380.36
ACCT-000164,CUST-000164,BR-007,2026-M06,56204.1,53370.98
ACCT-000164,CUST-000164,BR-007,2026-M07,49660.82,46766.84
ACCT-000164,CUST-000164,BR-007,2026-M08,50364.6,48581.64
ACCT-000164,CUST-000164,BR-007,2026-M09,51366.12,47474.32
ACCT-000164,CUST-000164,BR-007,2026-M10,53540.21,51634.0
ACCT-000164,CUST-000164,BR-007,2026-M11,57041.83,53740.57
ACCT-000164,CUST-000164,BR-007,2026-M12,57095.64,54741.75
ACCT-000167,CUST-000167,BR-003,2026-M06,6504.02,5967.69
ACCT-000167,CUST-000167,BR-003,2026-M07,6715.33,6467.48
ACCT-000167,CUST-000167,BR-003,2026-M08,6143.4,5632.57
ACCT-000167,CUST-000167,BR-003,2026-M09,6612.23,6209.97
ACCT-000167,CUST-000167,BR-003,2026-M10,6245.02,5890.4
ACCT-000167,CUST-000167,BR-003,2026-M11,6810.98,6466.25
ACCT-000167,CUST-000167,BR-003,2026-M12,6707.42,6155.09
ACCT-000168,CUST-000168,BR-003,2026-M05,11550.57,10959.84
ACCT-000168,CUST-000168,BR-003,2026-M06,11235.02,10739.16
ACCT-000168,CUST-000168,BR-003,2026-M07,11587.1,10862.21
ACCT-000168,CUST-000168,BR-003,2026-M08,11112.81,10171.6
ACCT-000168,CUST-000168,BR-003,2026-M09,12058.68,11482.45
ACCT-000168,CUST-000168,BR-003,2026-M10,11330.08,10911.49
ACCT-000168,CUST-000168,BR-003,2026-M11,12039.15,11105.37
ACCT-000168,CUST-000168,BR-003,2026-M12,11441.77,10735.03
ACCT-000169,CUST-000169,BR-001,2025-M04,6380.01,5839.33
ACCT-000169,CUST-000169,BR-001,2025-M05,5955.01,5548.97
ACCT-000169,CUST-000169,BR-001,2025-M06,6167.91,5970.57
ACCT-000169,CUST-000169,BR-001,2025-M07,6110.32,5716.56
ACCT-000169,CUST-000169,BR-001,2025-M08,6070.92,5609.32
ACCT-000169,CUST-000169,BR-001,2025-M09,6001.22,5688.13
ACCT-000169,CUST-000169,BR-001,2025-M10,6057.98,5743.54
ACCT-000169,CUST-000169,BR-001,2025-M11,6449.56,6126.6
ACCT-000169,CUST-000169,BR-001,2025-M12,6414.95,5939.13
ACCT-000169,CUST-000169,BR-001,2026-M01,6610.65,6136.98
ACCT-000169,CUST-000169,BR-001,2026-M02,6858.57,6451.96
ACCT-000169,CUST-000169,BR-001,2026-M03,6817.36,6293.71
ACCT-000169,CUST-000169,BR-001,2026-M04,6850.28,6279.19
ACCT-000169,CUST-000169,BR-001,2026-M05,6865.44,6504.84
ACCT-000169,CUST-000169,BR-001,2026-M06,6745.05,6334.42
ACCT-000169,CUST-000169,BR-001,2026-M07,6857.62,6539.35
ACCT-000169,CUST-000169,BR-001,2026-M08,6820.88,6297.25
ACCT-000169,CUST-000169,BR-001,2026-M09,6805.73,6489.02
ACCT-000169,CUST-000169,BR-001,2026-M10,7084.34,6644.28
ACCT-000169,CUST-000169,BR-001,2026-M11,7298.16,6820.21
ACCT-000169,CUST-000169,BR-001,2026-M12,7032.71,6641.69
ACCT-000171,CUST-000171,BR-007,2025-M06,2927.68,2808.93
ACCT-000171,CUST-000171,BR-007,2025-M07,2802.73,2655.42
ACCT-000171,CUST-000171,BR-007,2025-M08,3018.47,2810.59
ACCT-000171,CUST-000171,BR-007,2025-M09,2938.49,2677.36
ACCT-000171,CUST-000171,BR-007,2025-M10,3074.81,2869.15
ACCT-000171,CUST-000171,BR-007,2025-M11,3008.87,2760.16
ACCT-000171,CUST-000171,BR-007,2025-M12,3128.95,2870.3
ACCT-000171,CUST-000171,BR-007,2026-M01,3315.52,3059.58
ACCT-000171,CUST-000171,BR-007,2026-M02,3211.8,3003.97
ACCT-000171,CUST-000171,BR-007,2026-M03,3224.05,2956.23
ACCT-000171,CUST-000171,BR-007,2026-M04,3457.69,3263.24
ACCT-000171,CUST-000171,BR-007,2026-M05,3325.15,3140.85
ACCT-000171,CUST-000171,BR-007,2026-M06,3263.14,3054.1
ACCT-000171,CUST-000171,BR-007,2026-M07,3202.29,3004.2
ACCT-000171,CUST-000171,BR-007,2026-M08,3247.5,3117.76
ACCT-000171,CUST-000171,BR-007,2026-M09,3246.17,2960.64
ACCT-000171,CUST-000171,BR-007,2026-M10,3284.63,3063.55
ACCT-000171,CUST-000171,BR-007,2026-M11,3292.2,3008.87
ACCT-000171,CUST-000171,BR-007,2026-M12,3444.83,3267.39
ACCT-000173,CUST-000173,BR-001,2026-M02,66720.03,64031.89
ACCT-000173,CUST-000173,BR-001,2026-M03,65866.5,61561.71
ACCT-000173,CUST-000173,BR-001,2026-M04,67987.62,62837.92
ACCT-000173,CUST-000173,BR-001,2026-M05,64210.63,60154.66
ACCT-000173,CUST-000173,BR-001,2026-M06,66337.85,62674.63
ACCT-000173,CUST-000173,BR-001,2026-M07,70579.57,66517.26
ACCT-000173,CUST-000173,BR-001,2026-M08,66039.02,60807.7
ACCT-000173,CUST-000173,BR-001,2026-M09,70121.11,63830.28
ACCT-000173,CUST-000173,BR-001,2026-M10,70039.74,64866.05
ACCT-000173,CUST-000173,BR-001,2026-M11,70451.37,64708.29
ACCT-000173,CUST-000173,BR-001,2026-M12,71658.6,68797.09
ACCT-000174,CUST-000174,BR-004,2025-M05,5493.54,5326.46
ACCT-000174,CUST-000174,BR-004,2025-M06,5388.88,5143.97
ACCT-000174,CUST-000174,BR-004,2025-M07,5449.6,5158.95
ACCT-000174,CUST-000174,BR-004,2025-M08,5507.95,5316.19
ACCT-000174,CUST-000174,BR-004,2025-M09,5681.41,5219.35
ACCT-000174,CUST-000174,BR-004,2025-M10,5590.15,5422.21
ACCT-000174,CUST-000174,BR-004,2025-M11,5717.18,5525.21
ACCT-000174,CUST-000174,BR-004,2025-M12,5956.8,5648.65
ACCT-000174,CUST-000174,BR-004,2026-M01,5808.72,5634.34
ACCT-000174,CUST-000174,BR-004,2026-M02,6236.83,5761.71
ACCT-000174,CUST-000174,BR-004,2026-M03,6255.18,6064.95
ACCT-000174,CUST-000174,BR-004,2026-M04,6348.86,6101.79
ACCT-000174,CUST-000174,BR-004,2026-M05,5965.61,5619.35
ACCT-000174,CUST-000174,BR-004,2026-M06,6119.5,5591.53
ACCT-000174,CUST-000174,BR-004,2026-M07,6039.94,5559.7
ACCT-000174,CUST-000174,BR-004,2026-M08,5969.56,5768.53
ACCT-000174,CUST-000174,BR-004,2026-M09,6466.33,5951.68
ACCT-000174,CUST-000174,BR-004,2026-M10,6309.69,6068.64
ACCT-000174,CUST-000174,BR-004,2026-M11,6668.2,6397.42
ACCT-000174,CUST-000174,BR-004,2026-M12,6744.46,6506.23
ACCT-000175,CUST-000175,BR-005,2025-M06,11813.49,11058.11
ACCT-000175,CUST-000175,BR-005,2025-M07,11772.92,10901.59
ACCT-000175,CUST-000175,BR-005,2025-M08,11545.87,11124.66
ACCT-000175,CUST-000175,BR-005,2025-M09,11577.8,10866.67
ACCT-000175,CUST-000175,BR-005,2025-M10,11945.63,11211.72
ACCT-000175,CUST-000175,BR-005,2025-M11,12103.07,11730.96
ACCT-000175,CUST-000175,BR-005,2025-M12,12836.78,12058.46
ACCT-000175,CUST-000175,BR-005,2026-M01,12580.2,11482.8
ACCT-000175,CUST-000175,BR-005,2026-M02,13236.02,12150.41
ACCT-000175,CUST-000175,BR-005,2026-M03,13544.18,12430.83
ACCT-000175,CUST-000175,BR-005,2026-M04,12813.72,12214.0
ACCT-000175,CUST-000175,BR-005,2026-M05,13423.09,12831.33
ACCT-000175,CUST-000175,BR-005,2026-M06,12638.48,11898.77
ACCT-000175,CUST-000175,BR-005,2026-M07,12703.83,11659.05
ACCT-000175,CUST-000175,BR-005,2026-M08,12928.24,11965.68
ACCT-000175,CUST-000175,BR-005,2026-M09,12924.1,12358.04
ACCT-000175,CUST-000175,BR-005,2026-M10,12989.09,11906.74
ACCT-000175,CUST-000175,BR-005,2026-M11,13947.98,12960.55
ACCT-000175,CUST-000175,BR-005,2026-M12,14120.14,13572.63
ACCT-000177,CUST-000177,BR-011,2026-M08,4281.38,3905.32
ACCT-000177,CUST-000177,BR-011,2026-M09,4273.25,3965.68
ACCT-000177,CUST-000177,BR-011,2026-M10,3966.7,3628.48
ACCT-000177,CUST-000177,BR-011,2026-M11,4304.39,3942.63
ACCT-000177,CUST-000177,BR-011,2026-M12,4374.05,4033.7
ACCT-000178,CUST-000178,BR-012,2025-M01,5750.83,5246.41
ACCT-000178,CUST-000178,BR-012,2025-M02,5766.42,5397.98
ACCT-000178,CUST-000178,BR-012,2025-M03,6031.31,5622.65
ACCT-000178,CUST-000178,BR-012,2025-M04,5811.27,5505.62
ACCT-000178,CUST-000178,BR-012,2025-M05,5826.49,5647.37
ACCT-000178,CUST-000178,BR-012,2025-M06,5882.12,5626.51
ACCT-000178,CUST-000178,BR-012,2025-M07,5814.51,5321.86
ACCT-000178,CUST-000178,BR-012,2025-M08,5867.37,5363.6
ACCT-000178,CUST-000178,BR-012,2025-M09,5951.43,5506.53
ACCT-000178,CUST-000178,BR-012,2025-M10,6195.69,5864.7
ACCT-000178,CUST-000178,BR-012,2025-M11,6074.72,5864.73
ACCT-000178,CUST-000178,BR-012,2025-M12,6291.93,5772.09
ACCT-000178,CUST-000178,BR-012,2026-M01,6621.27,6376.63
ACCT-000178,CUST-000178,BR-012,2026-M02,6703.86,6100.75
ACCT-000178,CUST-000178,BR-012,2026-M03,6520.69,6068.86
ACCT-000178,CUST-000178,BR-012,2026-M04,6560.8,6003.81
ACCT-000178,CUST-000178,BR-012,2026-M05,6254.32,5785.94
ACCT-000178,CUST-000178,BR-012,2026-M06,6721.07,6408.88
ACCT-000178,CUST-000178,BR-012,2026-M07,6354.68,5833.31
ACCT-000178,CUST-000178,BR-012,2026-M08,6140.11,5877.3
ACCT-000178,CUST-000178,BR-012,2026-M09,5635.35,5130.53
ACCT-000178,CUST-000178,BR-012,2026-M10,6206.22,5717.89
ACCT-000178,CUST-000178,BR-012,2026-M11,6143.07,5672.32
ACCT-000178,CUST-000178,BR-012,2026-M12,6155.66,5893.4
ACCT-000180,CUST-000180,BR-011,2025-M09,27802.2,25718.18
ACCT-000180,CUST-000180,BR-011,2025-M10,28076.86,26090.39
ACCT-000180,CUST-000180,BR-011,2025-M11,31021.2,28677.75
ACCT-000180,CUST-000180,BR-011,2025-M12,29486.08,27211.97
ACCT-000180,CUST-000180,BR-011,2026-M01,29770.44,27108.88
ACCT-000180,CUST-000180,BR-011,2026-M02,31384.49,28668.88
ACCT-000180,CUST-000180,BR-011,2026-M03,31797.01,29781.64
ACCT-000180,CUST-000180,BR-011,2026-M04,32206.98,29464.44
ACCT-000180,CUST-000180,BR-011,2026-M05,32725.38,30494.58
ACCT-000180,CUST-000180,BR-011,2026-M06,32105.38,29605.08
ACCT-000180,CUST-000180,BR-011,2026-M07,31835.08,29721.14
ACCT-000180,CUST-000180,BR-011,2026-M08,32438.07,30855.57
ACCT-000180,CUST-000180,BR-011,2026-M09,32526.67,30062.6
ACCT-000180,CUST-000180,BR-011,2026-M10,32363.09,30090.26
ACCT-000180,CUST-000180,BR-011,2026-M11,34432.56,32217.48
ACCT-000180,CUST-000180,BR-011,2026-M12,33159.27,31310.79
ACCT-000181,CUST-000181,BR-007,2025-M06,10686.84,10186.08
ACCT-000181,CUST-000181,BR-007,2025-M07,10745.47,10360.86
ACCT-000181,CUST-000181,BR-007,2025-M08,11150.33,10573.71
ACCT-000181,CUST-000181,BR-007,2025-M09,10564.08,9767.71
ACCT-000181,CUST-000181,BR-007,2025-M10,11042.53,10369.55
ACCT-000181,CUST-000181,BR-007,2025-M11,11166.13,10240.54
ACCT-000181,CUST-000181,BR-007,2025-M12,11159.33,10529.11
ACCT-000181,CUST-000181,BR-007,2026-M01,11718.67,11241.74
ACCT-000181,CUST-000181,BR-007,2026-M02,11901.42,11104.23
ACCT-000181,CUST-000181,BR-007,2026-M03,11921.6,11527.32
ACCT-000181,CUST-000181,BR-007,2026-M04,12505.59,11566.5
ACCT-000181,CUST-000181,BR-007,2026-M05,11837.47,11355.37
ACCT-000181,CUST-000181,BR-007,2026-M06,12150.44,11709.82
ACCT-000181,CUST-000181,BR-007,2026-M07,11653.53,10765.59
ACCT-000181,CUST-000181,BR-007,2026-M08,11780.16,10999.45
ACCT-000181,CUST-000181,BR-007,2026-M09,11326.87,10858.4
ACCT-000181,CUST-000181,BR-007,2026-M10,11862.54,11245.19
ACCT-000181,CUST-000181,BR-007,2026-M11,12017.8,11571.25
ACCT-000181,CUST-000181,BR-007,2026-M12,12736.64,11881.21
ACCT-000184,CUST-000184,BR-007,2025-M01,38439.38,36975.19
ACCT-000184,CUST-000184,BR-007,2025-M02,39517.4,37682.76
ACCT-000184,CUST-000184,BR-007,2025-M03,38548.54,35650.28
ACCT-000184,CUST-000184,BR-007,2025-M04,40244.48,37258.28
ACCT-000184,CUST-000184,BR-007,2025-M05,40142.08,38525.67
ACCT-000184,CUST-000184,BR-007,2025-M06,39311.95,36787.87
ACCT-000184,CUST-000184,BR-007,2025-M07,40253.06,37615.69
ACCT-000184,CUST-000184,BR-007,2025-M08,38390.8,36914.7
ACCT-000184,CUST-000184,BR-007,2025-M09,39195.03,36199.95
ACCT-000184,CUST-000184,BR-007,2025-M10,40166.68,36580.65
ACCT-000184,CUST-000184,BR-007,2025-M11,39264.03,37517.16
ACCT-000184,CUST-000184,BR-007,2025-M12,40351.82,37676.24
ACCT-000184,CUST-000184,BR-007,2026-M01,42821.58,41237.15
ACCT-000184,CUST-000184,BR-007,2026-M02,40794.89,39166.04
ACCT-000184,CUST-000184,BR-007,2026-M03,40524.49,38216.71
ACCT-000184,CUST-000184,BR-007,2026-M04,41114.19,38897.56
ACCT-000184,CUST-000184,BR-007,2026-M05,41227.15,38895.07
ACCT-000184,CUST-000184,BR-007,2026-M06,39775.17,37611.64
ACCT-000184,CUST-000184,BR-007,2026-M07,38407.75,35646.32
ACCT-000184,CUST-000184,BR-007,2026-M08,38286.04,36275.1
ACCT-000184,CUST-000184,BR-007,2026-M09,37257.44,34337.69
ACCT-000184,CUST-000184,BR-007,2026-M10,38841.59,37617.13
ACCT-000184,CUST-000184,BR-007,2026-M11,39824.4,36420.28
ACCT-000184,CUST-000184,BR-007,2026-M12,39865.06,36352.15
ACCT-000187,CUST-000187,BR-004,2025-M10,11665.35,11244.18
ACCT-000187,CUST-000187,BR-004,2025-M11,11755.68,10729.72
ACCT-000187,CUST-000187,BR-004,2025-M12,11805.25,11296.72
ACCT-000187,CUST-000187,BR-004,2026-M01,11610.55,10808.56
ACCT-000187,CUST-000187,BR-004,2026-M02,12742.73,11927.24
ACCT-000187,CUST-000187,BR-004,2026-M03,12701.87,12296.81
ACCT-000187,CUST-000187,BR-004,2026-M04,13195.7,12663.57
ACCT-000187,CUST-000187,BR-004,2026-M05,12053.94,11051.67
ACCT-000187,CUST-000187,BR-004,2026-M06,12277.87,11896.51
ACCT-000187,CUST-000187,BR-004,2026-M07,11983.87,11621.81
ACCT-000187,CUST-000187,BR-004,2026-M08,12611.09,11887.15
ACCT-000187,CUST-000187,BR-004,2026-M09,12836.95,11913.61
ACCT-000187,CUST-000187,BR-004,2026-M10,12638.0,11824.68
ACCT-000187,CUST-000187,BR-004,2026-M11,13370.67,12819.43
ACCT-000187,CUST-000187,BR-004,2026-M12,13689.43,12731.77
ACCT-000188,CUST-000188,BR-004,2025-M01,7246.96,6742.13
ACCT-000188,CUST-000188,BR-004,2025-M02,7294.52,6946.76
ACCT-000188,CUST-000188,BR-004,2025-M03,7329.4,6697.67
ACCT-000188,CUST-000188,BR-004,2025-M04,7800.74,7308.4
ACCT-000188,CUST-000188,BR-004,2025-M05,7572.31,7191.25
ACCT-000188,CUST-000188,BR-004,2025-M06,7442.89,6829.97
ACCT-000188,CUST-000188,BR-004,2025-M07,7265.89,6834.61
ACCT-000188,CUST-000188,BR-004,2025-M08,7208.62,6650.49
ACCT-000188,CUST-000188,BR-004,2025-M09,7576.3,7167.45
ACCT-000188,CUST-000188,BR-004,2025-M10,7387.74,6992.77
ACCT-000188,CUST-000188,BR-004,2025-M11,7359.69,7008.91
ACCT-000188,CUST-000188,BR-004,2025-M12,7934.5,7224.07
ACCT-000188,CUST-000188,BR-004,2026-M01,7958.82,7646.92
ACCT-000188,CUST-000188,BR-004,2026-M02,7932.89,7525.12
ACCT-000188,CUST-000188,BR-004,2026-M03,8361.18,7763.54
ACCT-000188,CUST-000188,BR-004,2026-M04,8069.39,7766.82
ACCT-000188,CUST-000188,BR-004,2026-M05,7708.82,7310.58
ACCT-000188,CUST-000188,BR-004,2026-M06,7901.34,7519.84
ACCT-000188,CUST-000188,BR-004,2026-M07,7772.78,7080.72
ACCT-000188,CUST-000188,BR-004,2026-M08,7773.59,7357.56
ACCT-000188,CUST-000188,BR-004,2026-M09,7251.06,7004.9
ACCT-000188,CUST-000188,BR-004,2026-M10,7535.47,7208.73
ACCT-000188,CUST-000188,BR-004,2026-M11,7873.76,7252.03
ACCT-000188,CUST-000188,BR-004,2026-M12,7813.59,7268.53
ACCT-000189,CUST-000189,BR-010,2025-M01,4361.47,4104.37
ACCT-000189,CUST-000189,BR-010,2025-M02,4749.17,4597.26
ACCT-000189,CUST-000189,BR-010,2025-M03,4544.06,4387.56
ACCT-000189,CUST-000189,BR-010,2025-M04,4683.91,4347.8
ACCT-000189,CUST-000189,BR-010,2025-M05,4817.5,4432.83
ACCT-000189,CUST-000189,BR-010,2025-M06,4534.32,4153.94
ACCT-000189,CUST-000189,BR-010,2025-M07,4595.02,4350.46
ACCT-000189,CUST-000189,BR-010,2025-M08,4744.61,4482.5
ACCT-000189,CUST-000189,BR-010,2025-M09,4544.77,4205.54
ACCT-000189,CUST-000189,BR-010,2025-M10,4720.79,4375.74
ACCT-000189,CUST-000189,BR-010,2025-M11,4687.23,4375.05
ACCT-000189,CUST-000189,BR-010,2025-M12,4672.27,4280.97
ACCT-000189,CUST-000189,BR-010,2026-M01,5043.34,4850.31
ACCT-000189,CUST-000189,BR-010,2026-M02,5021.79,4605.96
ACCT-000189,CUST-000189,BR-010,2026-M03,4771.39,4550.22
ACCT-000189,CUST-000189,BR-010,2026-M04,4865.87,4618.62
ACCT-000189,CUST-000189,BR-010,2026-M05,4955.58,4639.62
ACCT-000189,CUST-000189,BR-010,2026-M06,4891.33,4561.28
ACCT-000189,CUST-000189,BR-010,2026-M07,4645.31,4392.79
ACCT-000189,CUST-000189,BR-010,2026-M08,4471.09,4136.91
ACCT-000189,CUST-000189,BR-010,2026-M09,4559.16,4417.32
ACCT-000189,CUST-000189,BR-010,2026-M10,4702.82,4374.45
ACCT-000189,CUST-000189,BR-010,2026-M11,4689.92,4511.49
ACCT-000189,CUST-000189,BR-010,2026-M12,4585.42,4216.68
ACCT-000191,CUST-000191,BR-005,2026-M01,47813.6,45007.71
ACCT-000191,CUST-000191,BR-005,2026-M02,51730.07,48308.28
ACCT-000191,CUST-000191,BR-005,2026-M03,51961.93,49044.21
ACCT-000191,CUST-000191,BR-005,2026-M04,54530.89,50149.27
ACCT-000191,CUST-000191,BR-005,2026-M05,55788.23,51212.76
ACCT-000191,CUST-000191,BR-005,2026-M06,52817.72,50670.71
ACCT-000191,CUST-000191,BR-005,2026-M07,55086.79,50308.64
ACCT-000191,CUST-000191,BR-005,2026-M08,53559.45,49737.16
ACCT-000191,CUST-000191,BR-005,2026-M09,53518.85,50950.54
ACCT-000191,CUST-000191,BR-005,2026-M10,52750.97,50612.02
ACCT-000191,CUST-000191,BR-005,2026-M11,54210.6,51344.02
ACCT-000191,CUST-000191,BR-005,2026-M12,59896.14,56612.03
ACCT-000192,CUST-000192,BR-008,2025-M09,23756.35,22841.67
ACCT-000192,CUST-000192,BR-008,2025-M10,24604.13,22580.64
ACCT-000192,CUST-000192,BR-008,2025-M11,25107.54,23572.77
ACCT-000192,CUST-000192,BR-008,2025-M12,26217.63,25194.4
ACCT-000192,CUST-000192,BR-008,2026-M01,25873.91,24976.22
ACCT-000192,CUST-000192,BR-008,2026-M02,26719.3,25817.25
ACCT-000192,CUST-000192,BR-008,2026-M03,26629.96,25549.43
ACCT-000192,CUST-000192,BR-008,2026-M04,27173.36,26349.41
ACCT-000192,CUST-000192,BR-008,2026-M05,25586.43,24816.49
ACCT-000192,CUST-000192,BR-008,2026-M06,27019.82,25593.03
ACCT-000192,CUST-000192,BR-008,2026-M07,27846.52,25990.72
ACCT-000192,CUST-000192,BR-008,2026-M08,25276.67,24070.6
ACCT-000192,CUST-000192,BR-008,2026-M09,28143.46,25721.68
ACCT-000192,CUST-000192,BR-008,2026-M10,27192.81,25816.7
ACCT-000192,CUST-000192,BR-008,2026-M11,27428.47,26291.37
ACCT-000192,CUST-000192,BR-008,2026-M12,27970.95,27109.9
ACCT-000193,CUST-000193,BR-008,2026-M08,29694.94,27181.96
ACCT-000193,CUST-000193,BR-008,2026-M09,32009.58,30982.91
ACCT-000193,CUST-000193,BR-008,2026-M10,32088.18,29604.04
ACCT-000193,CUST-000193,BR-008,2026-M11,33219.08,31091.62
ACCT-000193,CUST-000193,BR-008,2026-M12,33320.99,31271.66
ACCT-000196,CUST-000196,BR-004,2026-M10,29800.32,28263.26
ACCT-000196,CUST-000196,BR-004,2026-M11,29595.26,28457.06
ACCT-000196,CUST-000196,BR-004,2026-M12,30865.14,28834.83
ACCT-000197,CUST-000197,BR-010,2025-M10,10334.25,9537.71
ACCT-000197,CUST-000197,BR-010,2025-M11,10274.17,9918.14
ACCT-000197,CUST-000197,BR-010,2025-M12,10872.73,9968.79
ACCT-000197,CUST-000197,BR-010,2026-M01,10363.91,9770.64
ACCT-000197,CUST-000197,BR-010,2026-M02,11006.39,10425.1
ACCT-000197,CUST-000197,BR-010,2026-M03,11263.6,10831.01
ACCT-000197,CUST-000197,BR-010,2026-M04,10990.71,10406.92
ACCT-000197,CUST-000197,BR-010,2026-M05,11654.41,10907.26
ACCT-000197,CUST-000197,BR-010,2026-M06,10931.6,10005.52
ACCT-000197,CUST-000197,BR-010,2026-M07,11704.69,10787.66
ACCT-000197,CUST-000197,BR-010,2026-M08,10780.33,10103.35
ACCT-000197,CUST-000197,BR-010,2026-M09,10654.13,10114.01
ACCT-000197,CUST-000197,BR-010,2026-M10,11370.49,10484.65
ACCT-000197,CUST-000197,BR-010,2026-M11,11909.63,11502.75
ACCT-000197,CUST-000197,BR-010,2026-M12,12115.7,11716.47
ACCT-000200,CUST-000200,BR-009,2026-M06,30101.44,28364.77
ACCT-000200,CUST-000200,BR-009,2026-M07,32222.57,30468.76
ACCT-000200,CUST-000200,BR-009,2026-M08,32586.94,29836.84
ACCT-000200,CUST-000200,BR-009,2026-M09,32699.15,30073.16
ACCT-000200,CUST-000200,BR-009,2026-M10,33264.78,30593.28
ACCT-000200,CUST-000200,BR-009,2026-M11,34559.2,33412.34
ACCT-000200,CUST-000200,BR-009,2026-M12,35027.97,33670.11
ACCT-000201,CUST-000201,BR-005,2025-M01,21583.97,20577.42
ACCT-000201,CUST-000201,BR-005,2025-M02,21496.55,19900.52
ACCT-000201,CUST-000201,BR-005,2025-M03,21504.4,19648.34
ACCT-000201,CUST-000201,BR-005,2025-M04,21008.86,20168.41
ACCT-000201,CUST-000201,BR-005,2025-M05,22005.65,21294.35
ACCT-000201,CUST-000201,BR-005,2025-M06,21864.16,20944.19
ACCT-000201,CUST-000201,BR-005,2025-M07,21699.45,21003.25
ACCT-000201,CUST-000201,BR-005,2025-M08,21271.71,20537.16
ACCT-000201,CUST-000201,BR-005,2025-M09,21616.27,20829.29
ACCT-000201,CUST-000201,BR-005,2025-M10,20811.74,20017.68
ACCT-000201,CUST-000201,BR-005,2025-M11,22341.31,20605.25
ACCT-000201,CUST-000201,BR-005,2025-M12,22005.02,20061.84
ACCT-000201,CUST-000201,BR-005,2026-M01,22598.95,21192.14
ACCT-000201,CUST-000201,BR-005,2026-M02,24158.05,23148.96
ACCT-000201,CUST-000201,BR-005,2026-M03,23374.38,22089.5
ACCT-000201,CUST-000201,BR-005,2026-M04,24905.25,24037.53
ACCT-000201,CUST-000201,BR-005,2026-M05,24697.18,22933.32
ACCT-000201,CUST-000201,BR-005,2026-M06,23907.64,21810.94
ACCT-000201,CUST-000201,BR-005,2026-M07,23254.58,21168.15
ACCT-000201,CUST-000201,BR-005,2026-M08,23230.27,21764.65
ACCT-000201,CUST-000201,BR-005,2026-M09,22456.15,20963.53
ACCT-000201,CUST-000201,BR-005,2026-M10,23238.8,21705.02
ACCT-000201,CUST-000201,BR-005,2026-M11,22646.87,21727.46
ACCT-000201,CUST-000201,BR-005,2026-M12,24137.67,22217.8
ACCT-000202,CUST-000202,BR-004,2025-M01,9186.13,8421.97
ACCT-000202,CUST-000202,BR-004,2025-M02,9678.59,9312.52
ACCT-000202,CUST-000202,BR-004,2025-M03,9716.76,9411.41
ACCT-000202,CUST-000202,BR-004,2025-M04,9868.49,9362.52
ACCT-000202,CUST-000202,BR-004,2025-M05,9098.09,8312.58
ACCT-000202,CUST-000202,BR-004,2025-M06,9129.16,8356.33
ACCT-000202,CUST-000202,BR-004,2025-M07,9626.93,8955.32
ACCT-000202,CUST-000202,BR-004,2025-M08,9487.17,8972.62
ACCT-000202,CUST-000202,BR-004,2025-M09,9781.86,9124.15
ACCT-000202,CUST-000202,BR-004,2025-M10,9592.17,9295.58
ACCT-000202,CUST-000202,BR-004,2025-M11,9926.3,9483.72
ACCT-000202,CUST-000202,BR-004,2025-M12,10131.52,9464.58
ACCT-000202,CUST-000202,BR-004,2026-M01,9992.59,9507.77
ACCT-000202,CUST-000202,BR-004,2026-M02,10363.59,9903.35
ACCT-000202,CUST-000202,BR-004,2026-M03,10104.95,9430.54
ACCT-000202,CUST-000202,BR-004,2026-M04,9754.74,9206.99
ACCT-000202,CUST-000202,BR-004,2026-M05,10241.92,9607.2
ACCT-000202,CUST-000202,BR-004,2026-M06,9755.9,9001.43
ACCT-000202,CUST-000202,BR-004,2026-M07,9419.32,8621.76
ACCT-000202,CUST-000202,BR-004,2026-M08,9541.16,8907.6
ACCT-000202,CUST-000202,BR-004,2026-M09,9396.46,9106.56
ACCT-000202,CUST-000202,BR-004,2026-M10,9644.81,9044.77
ACCT-000202,CUST-000202,BR-004,2026-M11,9875.38,9300.6
ACCT-000202,CUST-000202,BR-004,2026-M12,10204.0,9589.59
ACCT-000204,CUST-000204,BR-011,2025-M01,7761.43,7347.18
ACCT-000204,CUST-000204,BR-011,2025-M02,8127.44,7712.27
ACCT-000204,CUST-000204,BR-011,2025-M03,7948.18,7303.99
ACCT-000204,CUST-000204,BR-011,2025-M04,8056.58,7484.51
ACCT-000204,CUST-000204,BR-011,2025-M05,8184.87,7904.65
ACCT-000204,CUST-000204,BR-011,2025-M06,7961.23,7553.04
ACCT-000204,CUST-000204,BR-011,2025-M07,8140.93,7891.94
ACCT-000204,CUST-000204,BR-011,2025-M08,7976.61,7483.32
ACCT-000204,CUST-000204,BR-011,2025-M09,8402.56,7650.97
ACCT-000204,CUST-000204,BR-011,2025-M10,8093.94,7844.93
ACCT-000204,CUST-000204,BR-011,2025-M11,7966.45,7401.01
ACCT-000204,CUST-000204,BR-011,2025-M12,8580.83,8225.28
ACCT-000204,CUST-000204,BR-011,2026-M01,8233.12,7836.99
ACCT-000204,CUST-000204,BR-011,2026-M02,8575.98,7893.13
ACCT-000204,CUST-000204,BR-011,2026-M03,8358.5,7628.36
ACCT-000204,CUST-000204,BR-011,2026-M04,9114.34,8512.55
ACCT-000204,CUST-000204,BR-011,2026-M05,8764.13,8138.62
ACCT-000204,CUST-000204,BR-011,2026-M06,8671.22,7910.82
ACCT-000204,CUST-000204,BR-011,2026-M07,8731.48,8077.79
ACCT-000204,CUST-000204,BR-011,2026-M08,8656.48,8224.11
ACCT-000204,CUST-000204,BR-011,2026-M09,9021.92,8660.59
ACCT-000204,CUST-000204,BR-011,2026-M10,8504.31,7936.5
ACCT-000204,CUST-000204,BR-011,2026-M11,8712.8,8171.98
ACCT-000204,CUST-000204,BR-011,2026-M12,8073.35,7683.49
ACCT-000205,CUST-000205,BR-012,2026-M05,10769.19,10375.96
ACCT-000205,CUST-000205,BR-012,2026-M06,10841.1,10029.07
ACCT-000205,CUST-000205,BR-012,2026-M07,10164.27,9741.92
ACCT-000205,CUST-000205,BR-012,2026-M08,11037.25,10180.51
ACCT-000205,CUST-000205,BR-012,2026-M09,10552.99,9663.72
ACCT-000205,CUST-000205,BR-012,2026-M10,11020.42,10672.36
ACCT-000205,CUST-000205,BR-012,2026-M11,11087.15,10634.91
ACCT-000205,CUST-000205,BR-012,2026-M12,11403.94,10845.81
ACCT-000206,CUST-000206,BR-003,2025-M01,8654.96,7916.98
ACCT-000206,CUST-000206,BR-003,2025-M02,8922.2,8243.76
ACCT-000206,CUST-000206,BR-003,2025-M03,8716.81,8109.04
ACCT-000206,CUST-000206,BR-003,2025-M04,9146.19,8441.77
ACCT-000206,CUST-000206,BR-003,2025-M05,9170.53,8565.6
ACCT-000206,CUST-000206,BR-003,2025-M06,8560.13,8047.24
ACCT-000206,CUST-000206,BR-003,2025-M07,9255.65,8782.52
ACCT-000206,CUST-000206,BR-003,2025-M08,8718.86,8178.62
ACCT-000206,CUST-000206,BR-003,2025-M09,8431.56,7684.82
ACCT-000206,CUST-000206,BR-003,2025-M10,9177.03,8666.61
ACCT-000206,CUST-000206,BR-003,2025-M11,9451.82,8699.71
ACCT-000206,CUST-000206,BR-003,2025-M12,9100.5,8320.75
ACCT-000206,CUST-000206,BR-003,2026-M01,9473.62,8636.93
ACCT-000206,CUST-000206,BR-003,2026-M02,9796.5,9474.12
ACCT-000206,CUST-000206,BR-003,2026-M03,10092.71,9523.33
ACCT-000206,CUST-000206,BR-003,2026-M04,9528.44,8839.23
ACCT-000206,CUST-000206,BR-003,2026-M05,9611.37,9099.49
ACCT-000206,CUST-000206,BR-003,2026-M06,9546.7,8804.66
ACCT-000206,CUST-000206,BR-003,2026-M07,9197.86,8643.72
ACCT-000206,CUST-000206,BR-003,2026-M08,8829.05,8167.72
ACCT-000206,CUST-000206,BR-003,2026-M09,9439.59,8727.97
ACCT-000206,CUST-000206,BR-003,2026-M10,8926.21,8404.9
ACCT-000206,CUST-000206,BR-003,2026-M11,8869.81,8550.02
ACCT-000206,CUST-000206,BR-003,2026-M12,8832.58,8325.63
ACCT-000208,CUST-000208,BR-009,2025-M01,71145.28,65301.61
ACCT-000208,CUST-000208,BR-009,2025-M02,70120.1,64742.72
ACCT-000208,CUST-000208,BR-009,2025-M03,78235.75,75805.37
ACCT-000208,CUST-000208,BR-009,2025-M04,79020.19,73707.58
ACCT-000208,CUST-000208,BR-009,2025-M05,76122.29,69446.6
ACCT-000208,CUST-000208,BR-009,2025-M06,75519.32,68821.49
ACCT-000208,CUST-000208,BR-009,2025-M07,75222.58,70622.05
ACCT-000208,CUST-000208,BR-009,2025-M08,75806.99,69805.4
ACCT-000208,CUST-000208,BR-009,2025-M09,76370.13,70640.05
ACCT-000208,CUST-000208,BR-009,2025-M10,77166.57,73782.56
ACCT-000208,CUST-000208,BR-009,2025-M11,78380.91,73662.66
ACCT-000208,CUST-000208,BR-009,2025-M12,78637.4,71689.09
ACCT-000208,CUST-000208,BR-009,2026-M01,85148.1,79211.71
ACCT-000208,CUST-000208,BR-009,2026-M02,82158.32,76538.77
ACCT-000208,CUST-000208,BR-009,2026-M03,82466.75,77225.48
ACCT-000208,CUST-000208,BR-009,2026-M04,82307.53,75909.32
ACCT-000208,CUST-000208,BR-009,2026-M05,86468.8,79226.27
ACCT-000208,CUST-000208,BR-009,2026-M06,76288.85,71737.79
ACCT-000208,CUST-000208,BR-009,2026-M07,80995.83,76641.21
ACCT-000208,CUST-000208,BR-009,2026-M08,79416.64,73574.13
ACCT-000208,CUST-000208,BR-009,2026-M09,79421.47,76857.46
ACCT-000208,CUST-000208,BR-009,2026-M10,81616.28,76354.53
ACCT-000208,CUST-000208,BR-009,2026-M11,80311.03,77610.83
ACCT-000208,CUST-000208,BR-009,2026-M12,82656.94,79495.16
ACCT-000211,CUST-000211,BR-009,2026-M09,11405.95,10451.84
ACCT-000211,CUST-000211,BR-009,2026-M10,10824.43,10269.41
ACCT-000211,CUST-000211,BR-009,2026-M11,11740.64,11264.78
ACCT-000211,CUST-000211,BR-009,2026-M12,12109.06,11133.85
ACCT-000212,CUST-000212,BR-007,2025-M01,42859.23,40721.83
ACCT-000212,CUST-000212,BR-007,2025-M02,44522.08,43108.28
ACCT-000212,CUST-000212,BR-007,2025-M03,43058.91,39670.2
ACCT-000212,CUST-000212,BR-007,2025-M04,44698.73,41933.64
ACCT-000212,CUST-000212,BR-007,2025-M05,45075.13,42911.18
ACCT-000212,CUST-000212,BR-007,2025-M06,43264.44,39789.41
ACCT-000212,CUST-000212,BR-007,2025-M07,43341.07,40130.61
ACCT-000212,CUST-000212,BR-007,2025-M08,43431.66,41297.57
ACCT-000212,CUST-000212,BR-007,2025-M09,44436.85,40751.14
ACCT-000212,CUST-000212,BR-007,2025-M10,45304.74,43471.39
ACCT-000212,CUST-000212,BR-007,2025-M11,44432.01,40901.02
ACCT-000212,CUST-000212,BR-007,2025-M12,46064.09,42416.84
ACCT-000212,CUST-000212,BR-007,2026-M01,44842.05,43450.49
ACCT-000212,CUST-000212,BR-007,2026-M02,46002.74,44560.29
ACCT-000212,CUST-000212,BR-007,2026-M03,44290.77,40836.06
ACCT-000212,CUST-000212,BR-007,2026-M04,47629.8,43443.22
ACCT-000212,CUST-000212,BR-007,2026-M05,46912.44,44661.4
ACCT-000212,CUST-000212,BR-007,2026-M06,47575.75,44178.24
ACCT-000212,CUST-000212,BR-007,2026-M07,44109.55,40889.54
ACCT-000212,CUST-000212,BR-007,2026-M08,44209.17,42862.54
ACCT-000212,CUST-000212,BR-007,2026-M09,41174.82,39144.25
ACCT-000212,CUST-000212,BR-007,2026-M10,42988.47,39575.06
ACCT-000212,CUST-000212,BR-007,2026-M11,44612.09,42104.61
ACCT-000212,CUST-000212,BR-007,2026-M12,45977.49,43994.76
ACCT-000213,CUST-000213,BR-012,2025-M09,34144.81,32913.53
ACCT-000213,CUST-000213,BR-012,2025-M10,34033.99,32377.48
ACCT-000213,CUST-000213,BR-012,2025-M11,35350.14,32510.37
ACCT-000213,CUST-000213,BR-012,2025-M12,35971.3,34021.12
ACCT-000213,CUST-000213,BR-012,2026-M01,35970.09,32986.6
ACCT-000213,CUST-000213,BR-012,2026-M02,36752.51,34179.01
ACCT-000213,CUST-000213,BR-012,2026-M03,37883.82,36126.58
ACCT-000213,CUST-000213,BR-012,2026-M04,37502.35,34916.41
ACCT-000213,CUST-000213,BR-012,2026-M05,35582.28,34244.71
ACCT-000213,CUST-000213,BR-012,2026-M06,37130.96,33962.27
ACCT-000213,CUST-000213,BR-012,2026-M07,37230.61,34538.61
ACCT-000213,CUST-000213,BR-012,2026-M08,36839.62,33633.43
ACCT-000213,CUST-000213,BR-012,2026-M09,36402.94,34395.9
ACCT-000213,CUST-000213,BR-012,2026-M10,37869.88,35908.53
ACCT-000213,CUST-000213,BR-012,2026-M11,40363.62,36881.32
ACCT-000213,CUST-000213,BR-012,2026-M12,39381.67,36670.57
ACCT-000214,CUST-000214,BR-011,2026-M05,30457.64,28823.04
ACCT-000214,CUST-000214,BR-011,2026-M06,28954.62,27961.73
ACCT-000214,CUST-000214,BR-011,2026-M07,28702.97,27806.25
ACCT-000214,CUST-000214,BR-011,2026-M08,30463.42,28174.14
ACCT-000214,CUST-000214,BR-011,2026-M09,29453.26,26947.79
ACCT-000214,CUST-000214,BR-011,2026-M10,29558.9,27701.92
ACCT-000214,CUST-000214,BR-011,2026-M11,31427.89,28651.86
ACCT-000214,CUST-000214,BR-011,2026-M12,29814.36,27972.52
ACCT-000219,CUST-000219,BR-008,2025-M04,8375.09,8077.12
ACCT-000219,CUST-000219,BR-008,2025-M05,8257.0,7632.5
ACCT-000219,CUST-000219,BR-008,2025-M06,8137.42,7626.07
ACCT-000219,CUST-000219,BR-008,2025-M07,8328.12,7973.77
ACCT-000219,CUST-000219,BR-008,2025-M08,8317.88,7583.81
ACCT-000219,CUST-000219,BR-008,2025-M09,8030.16,7385.84
ACCT-000219,CUST-000219,BR-008,2025-M10,8311.7,8043.16
ACCT-000219,CUST-000219,BR-008,2025-M11,8386.89,8065.21
ACCT-000219,CUST-000219,BR-008,2025-M12,8483.75,7884.88
ACCT-000219,CUST-000219,BR-008,2026-M01,8927.71,8512.25
ACCT-000219,CUST-000219,BR-008,2026-M02,9083.39,8451.83
ACCT-000219,CUST-000219,BR-008,2026-M03,9475.52,9184.58
ACCT-000219,CUST-000219,BR-008,2026-M04,9393.59,8685.82
ACCT-000219,CUST-000219,BR-008,2026-M05,9483.6,9179.27
ACCT-000219,CUST-000219,BR-008,2026-M06,10064.3,9193.18
ACCT-000219,CUST-000219,BR-008,2026-M07,9373.1,8760.7
ACCT-000219,CUST-000219,BR-008,2026-M08,9499.96,9161.95
ACCT-000219,CUST-000219,BR-008,2026-M09,9542.64,8749.58
ACCT-000219,CUST-000219,BR-008,2026-M10,9396.46,9087.8
ACCT-000219,CUST-000219,BR-008,2026-M11,9739.74,9162.98
ACCT-000219,CUST-000219,BR-008,2026-M12,10264.31,9657.96
ACCT-000220,CUST-000220,BR-008,2025-M01,10266.23,9854.07
ACCT-000220,CUST-000220,BR-008,2025-M02,10524.56,9821.73
ACCT-000220,CUST-000220,BR-008,2025-M03,10824.27,10464.08
ACCT-000220,CUST-000220,BR-008,2025-M04,10480.61,9995.02
ACCT-000220,CUST-000220,BR-008,2025-M05,10066.53,9617.81
ACCT-000220,CUST-000220,BR-008,2025-M06,10766.52,10232.43
ACCT-000220,CUST-000220,BR-008,2025-M07,10715.61,9860.13
ACCT-000220,CUST-000220,BR-008,2025-M08,10698.53,10350.47
ACCT-000220,CUST-000220,BR-008,2025-M09,10144.72,9695.95
ACCT-000220,CUST-000220,BR-008,2025-M10,10972.08,10218.97
ACCT-000220,CUST-000220,BR-008,2025-M11,11185.24,10455.81
ACCT-000220,CUST-000220,BR-008,2025-M12,11222.65,10299.33
ACCT-000220,CUST-000220,BR-008,2026-M01,11648.18,10948.06
ACCT-000220,CUST-000220,BR-008,2026-M02,11734.5,10981.73
ACCT-000220,CUST-000220,BR-008,2026-M03,11620.64,10848.65
ACCT-000220,CUST-000220,BR-008,2026-M04,11961.24,10955.77
ACCT-000220,CUST-000220,BR-008,2026-M05,11918.28,11048.86
ACCT-000220,CUST-000220,BR-008,2026-M06,11818.52,10939.97
ACCT-000220,CUST-000220,BR-008,2026-M07,11409.86,10781.58
ACCT-000220,CUST-000220,BR-008,2026-M08,11498.21,11142.14
ACCT-000220,CUST-000220,BR-008,2026-M09,11618.49,11182.97
ACCT-000220,CUST-000220,BR-008,2026-M10,10783.37,9819.64
ACCT-000220,CUST-000220,BR-008,2026-M11,11552.61,11141.14
ACCT-000220,CUST-000220,BR-008,2026-M12,11751.42,11355.64
ACCT-000221,CUST-000221,BR-005,2025-M02,9296.25,8816.05
ACCT-000221,CUST-000221,BR-005,2025-M03,8992.98,8645.7
ACCT-000221,CUST-000221,BR-005,2025-M04,9290.07,8685.88
ACCT-000221,CUST-000221,BR-005,2025-M05,9210.03,8851.26
ACCT-000221,CUST-000221,BR-005,2025-M06,9419.93,9045.59
ACCT-000221,CUST-000221,BR-005,2025-M07,9234.69,8559.09
ACCT-000221,CUST-000221,BR-005,2025-M08,9398.85,8810.42
ACCT-000221,CUST-000221,BR-005,2025-M09,9391.67,8884.45
ACCT-000221,CUST-000221,BR-005,2025-M10,9362.67,8815.04
ACCT-000221,CUST-000221,BR-005,2025-M11,9433.25,8901.27
ACCT-000221,CUST-000221,BR-005,2025-M12,9888.87,9378.6
ACCT-000221,CUST-000221,BR-005,2026-M01,9892.97,9014.58
ACCT-000221,CUST-000221,BR-005,2026-M02,10148.68,9278.34
ACCT-000221,CUST-000221,BR-005,2026-M03,10376.59,9598.1
ACCT-000221,CUST-000221,BR-005,2026-M04,10094.8,9608.16
ACCT-000221,CUST-000221,BR-005,2026-M05,10220.37,9352.69
ACCT-000221,CUST-000221,BR-005,2026-M06,10514.64,9609.58
ACCT-000221,CUST-000221,BR-005,2026-M07,10228.82,9381.49
ACCT-000221,CUST-000221,BR-005,2026-M08,10353.04,9546.31
ACCT-000221,CUST-000221,BR-005,2026-M09,10498.56,9967.45
ACCT-000221,CUST-000221,BR-005,2026-M10,10137.08,9270.42
ACCT-000221,CUST-000221,BR-005,2026-M11,10385.1,9650.13
ACCT-000221,CUST-000221,BR-005,2026-M12,11311.4,10807.12
ACCT-000222,CUST-000222,BR-004,2026-M05,5980.11,5503.31
ACCT-000222,CUST-000222,BR-004,2026-M06,5971.99,5657.16
ACCT-000222,CUST-000222,BR-004,2026-M07,5753.17,5343.83
ACCT-000222,CUST-000222,BR-004,2026-M08,6238.8,6033.91
ACCT-000222,CUST-000222,BR-004,2026-M09,6085.29,5862.77
ACCT-000222,CUST-000222,BR-004,2026-M10,6323.19,5903.17
ACCT-000222,CUST-000222,BR-004,2026-M11,6357.36,5789.8
ACCT-000222,CUST-000222,BR-004,2026-M12,6672.47,6250.79
ACCT-000226,CUST-000226,BR-012,2025-M01,50760.36,47055.0
ACCT-000226,CUST-000226,BR-012,2025-M02,50837.95,48080.01
ACCT-000226,CUST-000226,BR-012,2025-M03,53738.81,51559.64
ACCT-000226,CUST-000226,BR-012,2025-M04,52937.9,51197.38
ACCT-000226,CUST-000226,BR-012,2025-M05,53875.65,49609.65
ACCT-000226,CUST-000226,BR-012,2025-M06,52039.88,49259.36
ACCT-000226,CUST-000226,BR-012,2025-M07,54042.76,50756.48
ACCT-000226,CUST-000226,BR-012,2025-M08,53706.63,49541.05
ACCT-000226,CUST-000226,BR-012,2025-M09,52495.27,48636.88
ACCT-000226,CUST-000226,BR-012,2025-M10,51299.49,47559.37
ACCT-000226,CUST-000226,BR-012,2025-M11,54953.49,52274.34
ACCT-000226,CUST-000226,BR-012,2025-M12,56587.87,53472.34
ACCT-000226,CUST-000226,BR-012,2026-M01,55206.98,52952.05
ACCT-000226,CUST-000226,BR-012,2026-M02,54255.8,51992.02
ACCT-000226,CUST-000226,BR-012,2026-M03,57220.5,55024.14
ACCT-000226,CUST-000226,BR-012,2026-M04,56315.28,52847.45
ACCT-000226,CUST-000226,BR-012,2026-M05,53804.14,52038.16
ACCT-000226,CUST-000226,BR-012,2026-M06,54634.81,52450.66
ACCT-000226,CUST-000226,BR-012,2026-M07,53031.35,49757.46
ACCT-000226,CUST-000226,BR-012,2026-M08,53337.22,50450.05
ACCT-000226,CUST-000226,BR-012,2026-M09,54163.17,49345.29
ACCT-000226,CUST-000226,BR-012,2026-M10,54577.42,51887.59
ACCT-000226,CUST-000226,BR-012,2026-M11,55058.44,52027.82
ACCT-000226,CUST-000226,BR-012,2026-M12,54964.81,52454.4
ACCT-000230,CUST-000230,BR-009,2026-M04,9639.58,8800.46
ACCT-000230,CUST-000230,BR-009,2026-M05,9789.91,9178.55
ACCT-000230,CUST-000230,BR-009,2026-M06,9298.32,8524.83
ACCT-000230,CUST-000230,BR-009,2026-M07,9944.38,9342.14
ACCT-000230,CUST-000230,BR-009,2026-M08,9526.16,8807.95
ACCT-000230,CUST-000230,BR-009,2026-M09,9786.3,9268.93
ACCT-000230,CUST-000230,BR-009,2026-M10,10120.77,9324.49
ACCT-000230,CUST-000230,BR-009,2026-M11,10193.32,9488.06
ACCT-000230,CUST-000230,BR-009,2026-M12,10259.69,9836.08
ACCT-000231,CUST-000231,BR-007,2025-M07,70830.92,68062.24
ACCT-000231,CUST-000231,BR-007,2025-M08,73632.1,68755.98
ACCT-000231,CUST-000231,BR-007,2025-M09,74546.27,71671.08
ACCT-000231,CUST-000231,BR-007,2025-M10,76111.09,73163.87
ACCT-000231,CUST-000231,BR-007,2025-M11,75934.06,70226.19
ACCT-000231,CUST-000231,BR-007,2025-M12,81140.2,76310.09
ACCT-000231,CUST-000231,BR-007,2026-M01,82832.52,75876.3
ACCT-000231,CUST-000231,BR-007,2026-M02,86854.4,80409.98
ACCT-000231,CUST-000231,BR-007,2026-M03,87785.54,83006.8
ACCT-000231,CUST-000231,BR-007,2026-M04,79667.57,76604.43
ACCT-000231,CUST-000231,BR-007,2026-M05,86752.28,82639.41
ACCT-000231,CUST-000231,BR-007,2026-M06,86040.68,83210.35
ACCT-000231,CUST-000231,BR-007,2026-M07,88455.46,82896.89
ACCT-000231,CUST-000231,BR-007,2026-M08,82402.13,76165.57
ACCT-000231,CUST-000231,BR-007,2026-M09,81739.63,76767.39
ACCT-000231,CUST-000231,BR-007,2026-M10,84914.42,81746.72
ACCT-000231,CUST-000231,BR-007,2026-M11,85203.97,79415.81
ACCT-000231,CUST-000231,BR-007,2026-M12,93966.14,87853.87
ACCT-000233,CUST-000233,BR-001,2026-M10,70582.25,68130.01
ACCT-000233,CUST-000233,BR-001,2026-M11,72393.87,69399.04
ACCT-000233,CUST-000233,BR-001,2026-M12,70195.03,67836.26
ACCT-000235,CUST-000235,BR-004,2025-M01,35033.96,32351.02
ACCT-000235,CUST-000235,BR-004,2025-M02,35589.97,34287.93
ACCT-000235,CUST-000235,BR-004,2025-M03,34581.87,32370.57
ACCT-000235,CUST-000235,BR-004,2025-M04,37004.99,34529.51
ACCT-000235,CUST-000235,BR-004,2025-M05,35314.64,32684.55
ACCT-000235,CUST-000235,BR-004,2025-M06,37884.29,34556.04
ACCT-000235,CUST-000235,BR-004,2025-M07,36416.48,34586.48
ACCT-000235,CUST-000235,BR-004,2025-M08,34631.73,32313.61
ACCT-000235,CUST-000235,BR-004,2025-M09,35957.05,34479.71
ACCT-000235,CUST-000235,BR-004,2025-M10,36279.01,34480.89
ACCT-000235,CUST-000235,BR-004,2025-M11,38361.81,36078.65
ACCT-000235,CUST-000235,BR-004,2025-M12,38623.37,35908.48
ACCT-000235,CUST-000235,BR-004,2026-M01,37350.28,34516.65
ACCT-000235,CUST-000235,BR-004,2026-M02,38810.02,35640.67
ACCT-000235,CUST-000235,BR-004,2026-M03,39586.81,36487.29
ACCT-000235,CUST-000235,BR-004,2026-M04,39006.06,37394.33
ACCT-000235,CUST-000235,BR-004,2026-M05,39546.43,37524.59
ACCT-000235,CUST-000235,BR-004,2026-M06,41599.9,40200.7
ACCT-000235,CUST-000235,BR-004,2026-M07,36476.66,35123.37
ACCT-000235,CUST-000235,BR-004,2026-M08,37306.19,35460.06
ACCT-000235,CUST-000235,BR-004,2026-M09,39015.09,36314.63
ACCT-000235,CUST-000235,BR-004,2026-M10,37751.63,36117.72
ACCT-000235,CUST-000235,BR-004,2026-M11,37126.63,34083.52
ACCT-000235,CUST-000235,BR-004,2026-M12,39848.19,36933.78
ACCT-000238,CUST-000238,BR-012,2025-M02,27824.7,25878.06
ACCT-000238,CUST-000238,BR-012,2025-M03,28659.37,27779.56
ACCT-000238,CUST-000238,BR-012,2025-M04,29206.67,27077.64
ACCT-000238,CUST-000238,BR-012,2025-M05,29724.26,27895.64
ACCT-000238,CUST-000238,BR-012,2025-M06,29567.23,28165.17
ACCT-000238,CUST-000238,BR-012,2025-M07,28729.56,27211.5
ACCT-000238,CUST-000238,BR-012,2025-M08,30096.72,29055.23
ACCT-000238,CUST-000238,BR-012,2025-M09,29099.19,26975.03
ACCT-000238,CUST-000238,BR-012,2025-M10,30362.54,28239.67
ACCT-000238,CUST-000238,BR-012,2025-M11,29500.04,27147.44
ACCT-000238,CUST-000238,BR-012,2025-M12,30531.82,28254.51
ACCT-000238,CUST-000238,BR-012,2026-M01,31315.59,28656.8
ACCT-000238,CUST-000238,BR-012,2026-M02,30858.08,28818.44
ACCT-000238,CUST-000238,BR-012,2026-M03,32078.26,30128.41
ACCT-000238,CUST-000238,BR-012,2026-M04,33675.49,32632.67
ACCT-000238,CUST-000238,BR-012,2026-M05,31451.73,28894.62
ACCT-000238,CUST-000238,BR-012,2026-M06,33403.9,31039.49
ACCT-000238,CUST-000238,BR-012,2026-M07,32313.69,30623.99
ACCT-000238,CUST-000238,BR-012,2026-M08,32534.27,30169.21
ACCT-000238,CUST-000238,BR-012,2026-M09,32086.28,29867.7
ACCT-000238,CUST-000238,BR-012,2026-M10,33119.09,32050.51
ACCT-000238,CUST-000238,BR-012,2026-M11,35073.76,33814.26
ACCT-000238,CUST-000238,BR-012,2026-M12,33069.86,31081.98
ACCT-000239,CUST-000239,BR-009,2026-M03,26995.78,25566.07
ACCT-000239,CUST-000239,BR-009,2026-M04,29942.38,27771.52
ACCT-000239,CUST-000239,BR-009,2026-M05,30272.27,28886.45
ACCT-000239,CUST-000239,BR-009,2026-M06,26099.48,24050.64
ACCT-000239,CUST-000239,BR-009,2026-M07,29827.39,27485.49
ACCT-000239,CUST-000239,BR-009,2026-M08,28841.44,27193.62
ACCT-000239,CUST-000239,BR-009,2026-M09,29378.61,27903.24
ACCT-000239,CUST-000239,BR-009,2026-M10,30178.02,28782.12
ACCT-000239,CUST-000239,BR-009,2026-M11,30727.36,29537.67
ACCT-000239,CUST-000239,BR-009,2026-M12,31054.73,29339.86
ACCT-000240,CUST-000240,BR-003,2026-M06,9375.38,8846.61
ACCT-000240,CUST-000240,BR-003,2026-M07,9588.93,9190.66
ACCT-000240,CUST-000240,BR-003,2026-M08,8596.44,8050.09
ACCT-000240,CUST-000240,BR-003,2026-M09,9116.39,8608.28
ACCT-000240,CUST-000240,BR-003,2026-M10,9506.98,9071.83
ACCT-000240,CUST-000240,BR-003,2026-M11,9345.77,8781.55
ACCT-000240,CUST-000240,BR-003,2026-M12,9452.49,8703.29
ACCT-000241,CUST-000241,BR-011,2025-M01,2593.92,2498.37
ACCT-000241,CUST-000241,BR-011,2025-M02,2785.73,2568.21
ACCT-000241,CUST-000241,BR-011,2025-M03,2837.43,2649.17
ACCT-000241,CUST-000241,BR-011,2025-M04,2827.63,2600.63
ACCT-000241,CUST-000241,BR-011,2025-M05,2795.07,2566.61
ACCT-000241,CUST-000241,BR-011,2025-M06,2870.16,2625.12
ACCT-000241,CUST-000241,BR-011,2025-M07,2853.33,2749.61
ACCT-000241,CUST-000241,BR-011,2025-M08,2899.55,2708.01
ACCT-000241,CUST-000241,BR-011,2025-M09,2826.34,2577.66
ACCT-000241,CUST-000241,BR-011,2025-M10,2808.66,2671.07
ACCT-000241,CUST-000241,BR-011,2025-M11,2841.98,2622.11
ACCT-000241,CUST-000241,BR-011,2025-M12,2920.89,2798.4
ACCT-000241,CUST-000241,BR-011,2026-M01,2931.11,2762.09
ACCT-000241,CUST-000241,BR-011,2026-M02,3017.27,2887.7
ACCT-000241,CUST-000241,BR-011,2026-M03,2975.11,2803.43
ACCT-000241,CUST-000241,BR-011,2026-M04,3076.15,2912.45
ACCT-000241,CUST-000241,BR-011,2026-M05,2908.38,2741.56
ACCT-000241,CUST-000241,BR-011,2026-M06,2961.1,2792.54
ACCT-000241,CUST-000241,BR-011,2026-M07,2808.19,2670.74
ACCT-000241,CUST-000241,BR-011,2026-M08,2667.8,2564.45
ACCT-000241,CUST-000241,BR-011,2026-M09,2940.34,2822.14
ACCT-000241,CUST-000241,BR-011,2026-M10,2803.72,2554.99
ACCT-000241,CUST-000241,BR-011,2026-M11,2744.15,2555.83
ACCT-000241,CUST-000241,BR-011,2026-M12,2655.46,2505.87
ACCT-000242,CUST-000242,BR-004,2025-M01,6655.52,6294.99
ACCT-000242,CUST-000242,BR-004,2025-M02,6789.36,6376.22
ACCT-000242,CUST-000242,BR-004,2025-M03,7011.36,6625.17
ACCT-000242,CUST-000242,BR-004,2025-M04,7010.32,6715.87
ACCT-000242,CUST-000242,BR-004,2025-M05,6874.4,6570.61
ACCT-000242,CUST-000242,BR-004,2025-M06,7104.41,6726.28
ACCT-000242,CUST-000242,BR-004,2025-M07,6777.51,6298.09
ACCT-000242,CUST-000242,BR-004,2025-M08,6811.1,6570.62
ACCT-000242,CUST-000242,BR-004,2025-M09,6860.03,6461.63
ACCT-000242,CUST-000242,BR-004,2025-M10,6865.58,6557.41
ACCT-000242,CUST-000242,BR-004,2025-M11,7150.57,6872.6
ACCT-000242,CUST-000242,BR-004,2025-M12,6966.98,6581.95
ACCT-000242,CUST-000242,BR-004,2026-M01,6990.64,6720.05
ACCT-000242,CUST-000242,BR-004,2026-M02,7702.03,7295.47
ACCT-000242,CUST-000242,BR-004,2026-M03,7184.78,6657.72
ACCT-000242,CUST-000242,BR-004,2026-M04,7371.64,6873.18
ACCT-000242,CUST-000242,BR-004,2026-M05,7181.83,6762.76
ACCT-000242,CUST-000242,BR-004,2026-M06,7066.23,6850.8
ACCT-000242,CUST-000242,BR-004,2026-M07,6717.33,6273.09
ACCT-000242,CUST-000242,BR-004,2026-M08,6761.02,6324.87
ACCT-000242,CUST-000242,BR-004,2026-M09,7219.39,6998.93
ACCT-000242,CUST-000242,BR-004,2026-M10,7226.04,6693.1
ACCT-000242,CUST-000242,BR-004,2026-M11,7059.94,6792.99
ACCT-000242,CUST-000242,BR-004,2026-M12,7092.69,6777.73
ACCT-000248,CUST-000248,BR-004,2026-M01,84910.8,81268.57
ACCT-000248,CUST-000248,BR-004,2026-M02,84332.33,81713.97
ACCT-000248,CUST-000248,BR-004,2026-M03,83514.13,78556.81
ACCT-000248,CUST-000248,BR-004,2026-M04,86374.25,79701.24
ACCT-000248,CUST-000248,BR-004,2026-M05,88302.23,84957.28
ACCT-000248,CUST-000248,BR-004,2026-M06,88175.51,84950.84
ACCT-000248,CUST-000248,BR-004,2026-M07,81368.68,77707.45
ACCT-000248,CUST-000248,BR-004,2026-M08,87583.53,82261.21
ACCT-000248,CUST-000248,BR-004,2026-M09,90318.1,82998.95
ACCT-000248,CUST-000248,BR-004,2026-M10,89102.81,85658.56
ACCT-000248,CUST-000248,BR-004,2026-M11,96308.74,91988.32
ACCT-000248,CUST-000248,BR-004,2026-M12,92260.84,84806.67
ACCT-000249,CUST-000249,BR-007,2026-M01,8636.52,8187.89
ACCT-000249,CUST-000249,BR-007,2026-M02,8364.79,8074.47
ACCT-000249,CUST-000249,BR-007,2026-M03,8799.48,8105.24
ACCT-000249,CUST-000249,BR-007,2026-M04,8833.07,8421.06
ACCT-000249,CUST-000249,BR-007,2026-M05,8404.76,8041.7
ACCT-000249,CUST-000249,BR-007,2026-M06,8306.06,7969.5
ACCT-000249,CUST-000249,BR-007,2026-M07,8697.98,8435.94
ACCT-000249,CUST-000249,BR-007,2026-M08,8488.08,8036.51
ACCT-000249,CUST-000249,BR-007,2026-M09,8274.49,8004.37
ACCT-000249,CUST-000249,BR-007,2026-M10,8453.03,7943.81
ACCT-000249,CUST-000249,BR-007,2026-M11,9308.31,8910.16
ACCT-000249,CUST-000249,BR-007,2026-M12,9204.96,8897.07
ACCT-000250,CUST-000250,BR-005,2025-M01,4907.94,4683.29
ACCT-000250,CUST-000250,BR-005,2025-M02,4758.46,4562.29
ACCT-000250,CUST-000250,BR-005,2025-M03,5012.37,4682.97
ACCT-000250,CUST-000250,BR-005,2025-M04,5139.95,4865.38
ACCT-000250,CUST-000250,BR-005,2025-M05,5057.47,4764.74
ACCT-000250,CUST-000250,BR-005,2025-M06,4876.8,4654.37
ACCT-000250,CUST-000250,BR-005,2025-M07,5117.04,4725.41
ACCT-000250,CUST-000250,BR-005,2025-M08,4972.45,4706.1
ACCT-000250,CUST-000250,BR-005,2025-M09,4803.96,4408.02
ACCT-000250,CUST-000250,BR-005,2025-M10,5060.28,4672.22
ACCT-000250,CUST-000250,BR-005,2025-M11,5163.5,4971.74
ACCT-000250,CUST-000250,BR-005,2025-M12,5335.61,5151.16
ACCT-000250,CUST-000250,BR-005,2026-M01,5339.98,5154.91
ACCT-000250,CUST-000250,BR-005,2026-M02,5437.79,5187.99
ACCT-000250,CUST-000250,BR-005,2026-M03,5424.84,4968.05
ACCT-000250,CUST-000250,BR-005,2026-M04,5325.62,4902.31
ACCT-000250,CUST-000250,BR-005,2026-M05,5240.61,5030.81
ACCT-000250,CUST-000250,BR-005,2026-M06,5096.54,4942.82
ACCT-000250,CUST-000250,BR-005,2026-M07,5367.9,5122.0
ACCT-000250,CUST-000250,BR-005,2026-M08,5004.89,4683.61
ACCT-000250,CUST-000250,BR-005,2026-M09,5044.14,4593.06
ACCT-000250,CUST-000250,BR-005,2026-M10,5249.78,4872.27
ACCT-000250,CUST-000250,BR-005,2026-M11,5527.88,5187.6
ACCT-000250,CUST-000250,BR-005,2026-M12,5369.92,5017.27
ACCT-000251,CUST-000251,BR-012,2025-M01,6589.67,6067.11
ACCT-000251,CUST-000251,BR-012,2025-M02,7125.54,6495.95
ACCT-000251,CUST-000251,BR-012,2025-M03,6921.01,6320.27
ACCT-000251,CUST-000251,BR-012,2025-M04,6829.88,6543.88
ACCT-000251,CUST-000251,BR-012,2025-M05,6760.01,6301.63
ACCT-000251,CUST-000251,BR-012,2025-M06,6766.81,6436.67
ACCT-000251,CUST-000251,BR-012,2025-M07,7032.73,6550.23
ACCT-000251,CUST-000251,BR-012,2025-M08,7213.04,6602.98
ACCT-000251,CUST-000251,BR-012,2025-M09,6936.79,6522.27
ACCT-000251,CUST-000251,BR-012,2025-M10,7050.91,6816.09
ACCT-000251,CUST-000251,BR-012,2025-M11,7305.25,6945.86
ACCT-000251,CUST-000251,BR-012,2025-M12,7486.2,7117.5
ACCT-000251,CUST-000251,BR-012,2026-M01,7461.9,7057.75
ACCT-000251,CUST-000251,BR-012,2026-M02,7473.96,7183.25
ACCT-000251,CUST-000251,BR-012,2026-M03,7622.78,6949.03
ACCT-000251,CUST-000251,BR-012,2026-M04,7253.98,6653.85
ACCT-000251,CUST-000251,BR-012,2026-M05,6757.34,6484.17
ACCT-000251,CUST-000251,BR-012,2026-M06,7421.79,6765.29
ACCT-000251,CUST-000251,BR-012,2026-M07,7111.71,6565.3
ACCT-000251,CUST-000251,BR-012,2026-M08,7527.56,7258.38
ACCT-000251,CUST-000251,BR-012,2026-M09,6678.03,6130.31
ACCT-000251,CUST-000251,BR-012,2026-M10,6928.15,6448.83
ACCT-000251,CUST-000251,BR-012,2026-M11,6988.69,6610.39
ACCT-000251,CUST-000251,BR-012,2026-M12,6977.12,6470.5
ACCT-000253,CUST-000253,BR-009,2026-M09,10051.89,9149.56
ACCT-000253,CUST-000253,BR-009,2026-M10,10281.79,9483.2
ACCT-000253,CUST-000253,BR-009,2026-M11,10585.43,9743.55
ACCT-000253,CUST-000253,BR-009,2026-M12,10915.43,10091.77
ACCT-000254,CUST-000254,BR-003,2025-M04,47283.72,45705.73
ACCT-000254,CUST-000254,BR-003,2025-M05,48721.27,46557.12
ACCT-000254,CUST-000254,BR-003,2025-M06,47966.8,44638.23
ACCT-000254,CUST-000254,BR-003,2025-M07,47981.66,45732.21
ACCT-000254,CUST-000254,BR-003,2025-M08,49771.04,45407.46
ACCT-000254,CUST-000254,BR-003,2025-M09,45946.93,42698.76
ACCT-000254,CUST-000254,BR-003,2025-M10,49818.9,46836.12
ACCT-000254,CUST-000254,BR-003,2025-M11,52152.56,48355.01
ACCT-000254,CUST-000254,BR-003,2025-M12,51297.61,48800.39
ACCT-000254,CUST-000254,BR-003,2026-M01,51884.14,49351.41
ACCT-000254,CUST-000254,BR-003,2026-M02,54155.91,50461.65
ACCT-000254,CUST-000254,BR-003,2026-M03,55681.06,51723.39
ACCT-000254,CUST-000254,BR-003,2026-M04,56707.43,54287.3
ACCT-000254,CUST-000254,BR-003,2026-M05,57228.6,53692.02
ACCT-000254,CUST-000254,BR-003,2026-M06,55467.52,53761.62
ACCT-000254,CUST-000254,BR-003,2026-M07,54631.55,51661.67
ACCT-000254,CUST-000254,BR-003,2026-M08,53954.67,49132.8
ACCT-000254,CUST-000254,BR-003,2026-M09,53939.47,50622.29
ACCT-000254,CUST-000254,BR-003,2026-M10,53990.42,52258.45
ACCT-000254,CUST-000254,BR-003,2026-M11,54379.71,50756.74
ACCT-000254,CUST-000254,BR-003,2026-M12,55791.57,52427.29
ACCT-000257,CUST-000257,BR-004,2026-M01,43688.17,40374.93
ACCT-000257,CUST-000257,BR-004,2026-M02,41922.74,39344.14
ACCT-000257,CUST-000257,BR-004,2026-M03,43778.35,41007.65
ACCT-000257,CUST-000257,BR-004,2026-M04,43766.7,40038.17
ACCT-000257,CUST-000257,BR-004,2026-M05,42618.56,38908.84
ACCT-000257,CUST-000257,BR-004,2026-M06,42434.83,40611.45
ACCT-000257,CUST-000257,BR-004,2026-M07,41735.93,40185.62
ACCT-000257,CUST-000257,BR-004,2026-M08,44007.96,40058.51
ACCT-000257,CUST-000257,BR-004,2026-M09,46362.67,43441.14
ACCT-000257,CUST-000257,BR-004,2026-M10,48035.62,43720.06
ACCT-000257,CUST-000257,BR-004,2026-M11,45464.2,43104.34
ACCT-000257,CUST-000257,BR-004,2026-M12,47425.82,45637.3
ACCT-000259,CUST-000259,BR-006,2025-M01,1053.62,1000.09
ACCT-000259,CUST-000259,BR-006,2025-M02,1001.71,917.05
ACCT-000259,CUST-000259,BR-006,2025-M03,1025.38,969.12
ACCT-000259,CUST-000259,BR-006,2025-M04,1057.8,1001.28
ACCT-000259,CUST-000259,BR-006,2025-M05,1094.08,1018.44
ACCT-000259,CUST-000259,BR-006,2025-M06,1032.85,985.62
ACCT-000259,CUST-000259,BR-006,2025-M07,1045.33,982.39
ACCT-000259,CUST-000259,BR-006,2025-M08,1054.65,965.28
ACCT-000259,CUST-000259,BR-006,2025-M09,1029.85,975.67
ACCT-000259,CUST-000259,BR-006,2025-M10,1056.71,993.49
ACCT-000259,CUST-000259,BR-006,2025-M11,1013.38,940.15
ACCT-000259,CUST-000259,BR-006,2025-M12,1034.58,993.54
ACCT-000259,CUST-000259,BR-006,2026-M01,1040.32,989.92
ACCT-000259,CUST-000259,BR-006,2026-M02,1101.86,1039.95
ACCT-000259,CUST-000259,BR-006,2026-M03,1075.67,1023.3
ACCT-000259,CUST-000259,BR-006,2026-M04,1116.61,1076.85
ACCT-000259,CUST-000259,BR-006,2026-M05,1039.13,1007.28
ACCT-000259,CUST-000259,BR-006,2026-M06,1104.02,1065.87
ACCT-000259,CUST-000259,BR-006,2026-M07,1001.52,954.84
ACCT-000259,CUST-000259,BR-006,2026-M08,1046.21,982.86
ACCT-000259,CUST-000259,BR-006,2026-M09,1048.56,994.57
ACCT-000259,CUST-000259,BR-006,2026-M10,991.61,930.65
ACCT-000259,CUST-000259,BR-006,2026-M11,1015.47,928.9
ACCT-000259,CUST-000259,BR-006,2026-M12,1065.98,972.09
ACCT-000260,CUST-000260,BR-005,2025-M05,2077.5,1990.09
ACCT-000260,CUST-000260,BR-005,2025-M06,2026.52,1904.29
ACCT-000260,CUST-000260,BR-005,2025-M07,2077.17,1986.59
ACCT-000260,CUST-000260,BR-005,2025-M08,2022.63,1930.55
ACCT-000260,CUST-000260,BR-005,2025-M09,1974.54,1849.03
ACCT-000260,CUST-000260,BR-005,2025-M10,2061.78,1954.42
ACCT-000260,CUST-000260,BR-005,2025-M11,2069.06,1977.68
ACCT-000260,CUST-000260,BR-005,2025-M12,2076.4,1970.26
ACCT-000260,CUST-000260,BR-005,2026-M01,2181.63,2046.21
ACCT-000260,CUST-000260,BR-005,2026-M02,2222.65,2122.46
ACCT-000260,CUST-000260,BR-005,2026-M03,2230.05,2031.97
ACCT-000260,CUST-000260,BR-005,2026-M04,2301.29,2179.08
ACCT-000260,CUST-000260,BR-005,2026-M05,2427.97,2346.26
ACCT-000260,CUST-000260,BR-005,2026-M06,2232.56,2057.03
ACCT-000260,CUST-000260,BR-005,2026-M07,2335.25,2151.04
ACCT-000260,CUST-000260,BR-005,2026-M08,2239.09,2128.73
ACCT-000260,CUST-000260,BR-005,2026-M09,2227.48,2151.91
ACCT-000260,CUST-000260,BR-005,2026-M10,2381.26,2195.95
ACCT-000260,CUST-000260,BR-005,2026-M11,2344.73,2234.59
ACCT-000260,CUST-000260,BR-005,2026-M12,2504.97,2292.16
ACCT-000262,CUST-000262,BR-002,2025-M01,3860.8,3658.12
ACCT-000262,CUST-000262,BR-002,2025-M02,3898.44,3658.29
ACCT-000262,CUST-000262,BR-002,2025-M03,3761.39,3430.14
ACCT-000262,CUST-000262,BR-002,2025-M04,3993.63,3813.14
ACCT-000262,CUST-000262,BR-002,2025-M05,3877.36,3538.84
ACCT-000262,CUST-000262,BR-002,2025-M06,4061.24,3868.24
ACCT-000262,CUST-000262,BR-002,2025-M07,3901.36,3580.99
ACCT-000262,CUST-000262,BR-002,2025-M08,3932.24,3605.01
ACCT-000262,CUST-000262,BR-002,2025-M09,4016.31,3785.21
ACCT-000262,CUST-000262,BR-002,2025-M10,3962.98,3736.28
ACCT-000262,CUST-000262,BR-002,2025-M11,3905.78,3560.14
ACCT-000262,CUST-000262,BR-002,2025-M12,4177.22,3983.02
ACCT-000262,CUST-000262,BR-002,2026-M01,4012.74,3729.21
ACCT-000262,CUST-000262,BR-002,2026-M02,4146.01,3802.17
ACCT-000262,CUST-000262,BR-002,2026-M03,4499.15,4210.76
ACCT-000262,CUST-000262,BR-002,2026-M04,4529.62,4316.59
ACCT-000262,CUST-000262,BR-002,2026-M05,4129.89,3968.76
ACCT-000262,CUST-000262,BR-002,2026-M06,4707.3,4335.34
ACCT-000262,CUST-000262,BR-002,2026-M07,4371.82,4022.51
ACCT-000262,CUST-000262,BR-002,2026-M08,4408.39,4193.85
ACCT-000262,CUST-000262,BR-002,2026-M09,4387.19,3996.93
ACCT-000262,CUST-000262,BR-002,2026-M10,4322.85,4089.04
ACCT-000262,CUST-000262,BR-002,2026-M11,4310.41,4149.0
ACCT-000262,CUST-000262,BR-002,2026-M12,4412.24,4116.19
ACCT-000263,CUST-000263,BR-002,2025-M01,55147.88,51701.76
ACCT-000263,CUST-000263,BR-002,2025-M02,53859.35,51137.66
ACCT-000263,CUST-000263,BR-002,2025-M03,57845.64,55658.74
ACCT-000263,CUST-000263,BR-002,2025-M04,56418.1,52907.24
ACCT-000263,CUST-000263,BR-002,2025-M05,59074.6,54475.54
ACCT-000263,CUST-000263,BR-002,2025-M06,55926.8,53763.88
ACCT-000263,CUST-000263,BR-002,2025-M07,58828.3,56362.47
ACCT-000263,CUST-000263,BR-002,2025-M08,55250.13,52990.69
ACCT-000263,CUST-000263,BR-002,2025-M09,57057.78,52003.99
ACCT-000263,CUST-000263,BR-002,2025-M10,60159.89,57336.07
ACCT-000263,CUST-000263,BR-002,2025-M11,61627.93,59438.02
ACCT-000263,CUST-000263,BR-002,2025-M12,60065.63,57969.56
ACCT-000263,CUST-000263,BR-002,2026-M01,60857.91,57540.65
ACCT-000263,CUST-000263,BR-002,2026-M02,63682.87,58965.15
ACCT-000263,CUST-000263,BR-002,2026-M03,64486.93,61485.9
ACCT-000263,CUST-000263,BR-002,2026-M04,64106.41,59107.82
ACCT-000263,CUST-000263,BR-002,2026-M05,59365.51,55239.09
ACCT-000263,CUST-000263,BR-002,2026-M06,63623.28,58360.97
ACCT-000263,CUST-000263,BR-002,2026-M07,64043.19,59422.46
ACCT-000263,CUST-000263,BR-002,2026-M08,63906.38,60703.4
ACCT-000263,CUST-000263,BR-002,2026-M09,61631.88,58625.03
ACCT-000263,CUST-000263,BR-002,2026-M10,59862.5,54521.76
ACCT-000263,CUST-000263,BR-002,2026-M11,63409.91,58002.7
ACCT-000263,CUST-000263,BR-002,2026-M12,65496.89,60710.51
ACCT-000264,CUST-000264,BR-008,2025-M11,8205.18,7655.72
ACCT-000264,CUST-000264,BR-008,2025-M12,8130.37,7407.84
ACCT-000264,CUST-000264,BR-008,2026-M01,8113.06,7806.36
ACCT-000264,CUST-000264,BR-008,2026-M02,8615.54,7921.4
ACCT-000264,CUST-000264,BR-008,2026-M03,8682.75,8314.56
ACCT-000264,CUST-000264,BR-008,2026-M04,8887.43,8378.26
ACCT-000264,CUST-000264,BR-008,2026-M05,8662.83,8257.93
ACCT-000264,CUST-000264,BR-008,2026-M06,8671.32,8177.9
ACCT-000264,CUST-000264,BR-008,2026-M07,8654.17,7877.7
ACCT-000264,CUST-000264,BR-008,2026-M08,8741.68,8458.55
ACCT-000264,CUST-000264,BR-008,2026-M09,8771.6,8430.12
ACCT-000264,CUST-000264,BR-008,2026-M10,8811.62,8353.26
ACCT-000264,CUST-000264,BR-008,2026-M11,9454.34,8622.19
ACCT-000264,CUST-000264,BR-008,2026-M12,9585.68,8758.05
ACCT-000268,CUST-000268,BR-005,2025-M01,47225.7,43006.68
ACCT-000268,CUST-000268,BR-005,2025-M02,50265.51,47852.64
ACCT-000268,CUST-000268,BR-005,2025-M03,50957.5,47376.09
ACCT-000268,CUST-000268,BR-005,2025-M04,52613.76,48524.42
ACCT-000268,CUST-000268,BR-005,2025-M05,49229.12,46123.05
ACCT-000268,CUST-000268,BR-005,2025-M06,51502.19,48411.78
ACCT-000268,CUST-000268,BR-005,2025-M07,50333.24,48030.45
ACCT-000268,CUST-000268,BR-005,2025-M08,51051.93,47421.97
ACCT-000268,CUST-000268,BR-005,2025-M09,52046.32,49808.31
ACCT-000268,CUST-000268,BR-005,2025-M10,52959.93,51045.66
ACCT-000268,CUST-000268,BR-005,2025-M11,55346.48,52837.68
ACCT-000268,CUST-000268,BR-005,2025-M12,51201.81,48022.23
ACCT-000268,CUST-000268,BR-005,2026-M01,54288.58,52268.37
ACCT-000268,CUST-000268,BR-005,2026-M02,58202.1,54761.75
ACCT-000268,CUST-000268,BR-005,2026-M03,54804.95,49944.51
ACCT-000268,CUST-000268,BR-005,2026-M04,57649.6,53923.55
ACCT-000268,CUST-000268,BR-005,2026-M05,53372.28,51204.4
ACCT-000268,CUST-000268,BR-005,2026-M06,53901.16,51061.22
ACCT-000268,CUST-000268,BR-005,2026-M07,54846.21,51280.91
ACCT-000268,CUST-000268,BR-005,2026-M08,55356.34,52710.83
ACCT-000268,CUST-000268,BR-005,2026-M09,53361.11,48692.2
ACCT-000268,CUST-000268,BR-005,2026-M10,52821.72,49424.61
ACCT-000268,CUST-000268,BR-005,2026-M11,54878.3,53010.39
ACCT-000268,CUST-000268,BR-005,2026-M12,55428.77,53567.3
ACCT-000270,CUST-000270,BR-011,2025-M01,5243.65,4876.45
ACCT-000270,CUST-000270,BR-011,2025-M02,5218.83,4991.86
ACCT-000270,CUST-000270,BR-011,2025-M03,5153.54,4916.84
ACCT-000270,CUST-000270,BR-011,2025-M04,5305.83,5068.68
ACCT-000270,CUST-000270,BR-011,2025-M05,5114.54,4860.07
ACCT-000270,CUST-000270,BR-011,2025-M06,5194.37,4999.09
ACCT-000270,CUST-000270,BR-011,2025-M07,5152.6,4969.72
ACCT-000270,CUST-000270,BR-011,2025-M08,5231.5,4857.54
ACCT-000270,CUST-000270,BR-011,2025-M09,5207.95,5018.92
ACCT-000270,CUST-000270,BR-011,2025-M10,5183.81,4924.45
ACCT-000270,CUST-000270,BR-011,2025-M11,5443.97,5163.47
ACCT-000270,CUST-000270,BR-011,2025-M12,5364.92,4975.45
ACCT-000270,CUST-000270,BR-011,2026-M01,5397.95,5055.92
ACCT-000270,CUST-000270,BR-011,2026-M02,5415.68,5131.5
ACCT-000270,CUST-000270,BR-011,2026-M03,5476.55,5246.51
ACCT-000270,CUST-000270,BR-011,2026-M04,5799.26,5412.07
ACCT-000270,CUST-000270,BR-011,2026-M05,5648.85,5270.07
ACCT-000270,CUST-000270,BR-011,2026-M06,5534.86,5341.78
ACCT-000270,CUST-000270,BR-011,2026-M07,5430.77,5054.51
ACCT-000270,CUST-000270,BR-011,2026-M08,5177.43,4854.6
ACCT-000270,CUST-000270,BR-011,2026-M09,5269.62,4923.57
ACCT-000270,CUST-000270,BR-011,2026-M10,5429.2,5181.18
ACCT-000270,CUST-000270,BR-011,2026-M11,5500.42,5174.23
ACCT-000270,CUST-000270,BR-011,2026-M12,5206.18,4951.3
ACCT-000271,CUST-000271,BR-007,2025-M01,1649.49,1579.58
ACCT-000271,CUST-000271,BR-007,2025-M02,1626.93,1502.91
ACCT-000271,CUST-000271,BR-007,2025-M03,1710.34,1598.18
ACCT-000271,CUST-000271,BR-007,2025-M04,1728.82,1636.77
ACCT-000271,CUST-000271,BR-007,2025-M05,1715.13,1620.99
ACCT-000271,CUST-000271,BR-007,2025-M06,1646.7,1500.79
ACCT-000271,CUST-000271,BR-007,2025-M07,1719.83,1617.29
ACCT-000271,CUST-000271,BR-007,2025-M08,1690.37,1624.72
ACCT-000271,CUST-000271,BR-007,2025-M09,1713.09,1619.82
ACCT-000271,CUST-000271,BR-007,2025-M10,1698.61,1591.56
ACCT-000271,CUST-000271,BR-007,2025-M11,1794.49,1652.39
ACCT-000271,CUST-000271,BR-007,2025-M12,1821.57,1727.67
ACCT-000271,CUST-000271,BR-007,2026-M01,1861.19,1780.02
ACCT-000271,CUST-000271,BR-007,2026-M02,1912.54,1826.82
ACCT-000271,CUST-000271,BR-007,2026-M03,1838.85,1719.84
ACCT-000271,CUST-000271,BR-007,2026-M04,1828.45,1688.83
ACCT-000271,CUST-000271,BR-007,2026-M05,1889.64,1802.22
ACCT-000271,CUST-000271,BR-007,2026-M06,1907.18,1842.32
ACCT-000271,CUST-000271,BR-007,2026-M07,1823.75,1669.8
ACCT-000271,CUST-000271,BR-007,2026-M08,1660.6,1576.42
ACCT-000271,CUST-000271,BR-007,2026-M09,1690.22,1592.06
ACCT-000271,CUST-000271,BR-007,2026-M10,1770.34,1627.38
ACCT-000271,CUST-000271,BR-007,2026-M11,1773.73,1704.62
ACCT-000271,CUST-000271,BR-007,2026-M12,1787.95,1722.53
ACCT-000272,CUST-000272,BR-003,2025-M01,54716.69,52712.09
ACCT-000272,CUST-000272,BR-003,2025-M02,53205.18,50658.88
ACCT-000272,CUST-000272,BR-003,2025-M03,59419.8,55881.3
ACCT-000272,CUST-000272,BR-003,2025-M04,56032.63,52473.2
ACCT-000272,CUST-000272,BR-003,2025-M05,58460.2,53775.13
ACCT-000272,CUST-000272,BR-003,2025-M06,57526.04,53945.8
ACCT-000272,CUST-000272,BR-003,2025-M07,56195.3,53513.6
ACCT-000272,CUST-000272,BR-003,2025-M08,54867.66,51378.01
ACCT-000272,CUST-000272,BR-003,2025-M09,57543.07,52819.32
ACCT-000272,CUST-000272,BR-003,2025-M10,57839.2,55948.22
ACCT-000272,CUST-000272,BR-003,2025-M11,60175.08,57234.49
ACCT-000272,CUST-000272,BR-003,2025-M12,61254.55,57371.49
ACCT-000272,CUST-000272,BR-003,2026-M01,61306.55,57746.49
ACCT-000272,CUST-000272,BR-003,2026-M02,63225.31,60180.7
ACCT-000272,CUST-000272,BR-003,2026-M03,64392.98,60103.45
ACCT-000272,CUST-000272,BR-003,2026-M04,64115.15,60490.66
ACCT-000272,CUST-000272,BR-003,2026-M05,62853.2,59799.77
ACCT-000272,CUST-000272,BR-003,2026-M06,59093.82,56211.28
ACCT-000272,CUST-000272,BR-003,2026-M07,61937.21,57149.91
ACCT-000272,CUST-000272,BR-003,2026-M08,57901.23,55520.33
ACCT-000272,CUST-000272,BR-003,2026-M09,58148.82,53479.37
ACCT-000272,CUST-000272,BR-003,2026-M10,60331.37,55747.21
ACCT-000272,CUST-000272,BR-003,2026-M11,63226.04,59948.93
ACCT-000272,CUST-000272,BR-003,2026-M12,62475.92,57565.54
ACCT-000273,CUST-000273,BR-007,2025-M01,7753.36,7481.64
ACCT-000273,CUST-000273,BR-007,2025-M02,7944.97,7366.89
ACCT-000273,CUST-000273,BR-007,2025-M03,8158.07,7455.47
ACCT-000273,CUST-000273,BR-007,2025-M04,8284.41,7674.9
ACCT-000273,CUST-000273,BR-007,2025-M05,8249.55,7661.05
ACCT-000273,CUST-000273,BR-007,2025-M06,8234.15,7913.3
ACCT-000273,CUST-000273,BR-007,2025-M07,8442.11,7689.33
ACCT-000273,CUST-000273,BR-007,2025-M08,8444.16,7982.69
ACCT-000273,CUST-000273,BR-007,2025-M09,8512.46,7827.88
ACCT-000273,CUST-000273,BR-007,2025-M10,7804.81,7337.27
ACCT-000273,CUST-000273,BR-007,2025-M11,8373.8,7732.31
ACCT-000273,CUST-000273,BR-007,2025-M12,8535.31,8043.14
ACCT-000273,CUST-000273,BR-007,2026-M01,8618.43,7960.03
ACCT-000273,CUST-000273,BR-007,2026-M02,8940.58,8378.65
ACCT-000273,CUST-000273,BR-007,2026-M03,8860.46,8509.58
ACCT-000273,CUST-000273,BR-007,2026-M04,9237.83,8419.94
ACCT-000273,CUST-000273,BR-007,2026-M05,9092.13,8518.29
ACCT-000273,CUST-000273,BR-007,2026-M06,9258.39,8744.83
ACCT-000273,CUST-000273,BR-007,2026-M07,8638.8,8180.31
ACCT-000273,CUST-000273,BR-007,2026-M08,9053.23,8760.29
ACCT-000273,CUST-000273,BR-007,2026-M09,8247.91,7538.48
ACCT-000273,CUST-000273,BR-007,2026-M10,8935.42,8201.82
ACCT-000273,CUST-000273,BR-007,2026-M11,8515.21,7806.5
ACCT-000273,CUST-000273,BR-007,2026-M12,8982.12,8467.68
ACCT-000275,CUST-000275,BR-009,2025-M01,8962.46,8477.28
ACCT-000275,CUST-000275,BR-009,2025-M02,8892.42,8568.13
ACCT-000275,CUST-000275,BR-009,2025-M03,9080.61,8345.99
ACCT-000275,CUST-000275,BR-009,2025-M04,9220.05,8636.01
ACCT-000275,CUST-000275,BR-009,2025-M05,9178.01,8390.33
ACCT-000275,CUST-000275,BR-009,2025-M06,9596.98,9280.86
ACCT-000275,CUST-000275,BR-009,2025-M07,9141.99,8849.15
ACCT-000275,CUST-000275,BR-009,2025-M08,9336.74,8592.02
ACCT-000275,CUST-000275,BR-009,2025-M09,9194.08,8384.46
ACCT-000275,CUST-000275,BR-009,2025-M10,9550.74,8811.17
ACCT-000275,CUST-000275,BR-009,2025-M11,9467.85,9116.02
ACCT-000275,CUST-000275,BR-009,2025-M12,9879.07,9195.5
ACCT-000275,CUST-000275,BR-009,2026-M01,9484.41,8835.88
ACCT-000275,CUST-000275,BR-009,2026-M02,9803.74,9435.36
ACCT-000275,CUST-000275,BR-009,2026-M03,10264.22,9439.88
ACCT-000275,CUST-000275,BR-009,2026-M04,9667.9,8837.37
ACCT-000275,CUST-000275,BR-009,2026-M05,9555.89,9259.07
ACCT-000275,CUST-000275,BR-009,2026-M06,9323.01,8861.21
ACCT-000275,CUST-000275,BR-009,2026-M07,9891.29,9217.29
ACCT-000275,CUST-000275,BR-009,2026-M08,9532.77,8736.24
ACCT-000275,CUST-000275,BR-009,2026-M09,9497.64,8938.51
ACCT-000275,CUST-000275,BR-009,2026-M10,9499.21,8735.48
ACCT-000275,CUST-000275,BR-009,2026-M11,9783.49,9024.25
ACCT-000275,CUST-000275,BR-009,2026-M12,9463.11,8958.42
ACCT-000276,CUST-000276,BR-006,2025-M09,11825.0,11302.64
ACCT-000276,CUST-000276,BR-006,2025-M10,12002.3,10963.48
ACCT-000276,CUST-000276,BR-006,2025-M11,12317.66,11543.73
ACCT-000276,CUST-000276,BR-006,2025-M12,12540.96,11981.92
ACCT-000276,CUST-000276,BR-006,2026-M01,12071.46,10986.13
ACCT-000276,CUST-000276,BR-006,2026-M02,13535.31,12366.97
ACCT-000276,CUST-000276,BR-006,2026-M03,13132.92,12280.58
ACCT-000276,CUST-000276,BR-006,2026-M04,13528.77,13065.85
ACCT-000276,CUST-000276,BR-006,2026-M05,13058.91,12267.85
ACCT-000276,CUST-000276,BR-006,2026-M06,13221.53,12355.87
ACCT-000276,CUST-000276,BR-006,2026-M07,12495.61,12099.43
ACCT-000276,CUST-000276,BR-006,2026-M08,13815.6,12581.62
ACCT-000276,CUST-000276,BR-006,2026-M09,13608.94,12971.0
ACCT-000276,CUST-000276,BR-006,2026-M10,12921.95,11902.77
ACCT-000276,CUST-000276,BR-006,2026-M11,13463.24,13043.94
ACCT-000276,CUST-000276,BR-006,2026-M12,14205.92,13411.52
ACCT-000278,CUST-000278,BR-002,2026-M10,2037.3,1963.86
ACCT-000278,CUST-000278,BR-002,2026-M11,2113.06,1946.25
ACCT-000278,CUST-000278,BR-002,2026-M12,2211.82,2086.31
ACCT-000280,CUST-000280,BR-011,2026-M03,5932.23,5526.28
ACCT-000280,CUST-000280,BR-011,2026-M04,5985.33,5736.19
ACCT-000280,CUST-000280,BR-011,2026-M05,6171.16,5849.69
ACCT-000280,CUST-000280,BR-011,2026-M06,6007.07,5653.88
ACCT-000280,CUST-000280,BR-011,2026-M07,5827.47,5333.57
ACCT-000280,CUST-000280,BR-011,2026-M08,5961.85,5545.47
ACCT-000280,CUST-000280,BR-011,2026-M09,6204.87,5954.4
ACCT-000280,CUST-000280,BR-011,2026-M10,5837.64,5662.37
ACCT-000280,CUST-000280,BR-011,2026-M11,6000.79,5749.54
ACCT-000280,CUST-000280,BR-011,2026-M12,5981.43,5731.82
ACCT-000281,CUST-000281,BR-004,2025-M05,29030.07,26692.23
ACCT-000281,CUST-000281,BR-004,2025-M06,29515.23,27578.57
ACCT-000281,CUST-000281,BR-004,2025-M07,29032.3,28077.64
ACCT-000281,CUST-000281,BR-004,2025-M08,28961.68,27570.15
ACCT-000281,CUST-000281,BR-004,2025-M09,29770.37,28046.38
ACCT-000281,CUST-000281,BR-004,2025-M10,30666.86,29467.52
ACCT-000281,CUST-000281,BR-004,2025-M11,30291.57,28239.68
ACCT-000281,CUST-000281,BR-004,2025-M12,32648.77,31364.69
ACCT-000281,CUST-000281,BR-004,2026-M01,30666.24,28909.09
ACCT-000281,CUST-000281,BR-004,2026-M02,32954.24,30560.38
ACCT-000281,CUST-000281,BR-004,2026-M03,32507.24,30191.17
ACCT-000281,CUST-000281,BR-004,2026-M04,33155.39,30409.16
ACCT-000281,CUST-000281,BR-004,2026-M05,33435.94,30439.04
ACCT-000281,CUST-000281,BR-004,2026-M06,32925.51,31014.65
ACCT-000281,CUST-000281,BR-004,2026-M07,30938.17,29132.13
ACCT-000281,CUST-000281,BR-004,2026-M08,34577.36,32240.7
ACCT-000281,CUST-000281,BR-004,2026-M09,34336.18,32415.06
ACCT-000281,CUST-000281,BR-004,2026-M10,33288.08,30693.92
ACCT-000281,CUST-000281,BR-004,2026-M11,35422.02,32507.41
ACCT-000281,CUST-000281,BR-004,2026-M12,35085.51,33348.52
ACCT-000282,CUST-000282,BR-004,2026-M09,53315.29,49686.44
ACCT-000282,CUST-000282,BR-004,2026-M10,55567.76,52122.02
ACCT-000282,CUST-000282,BR-004,2026-M11,55379.57,53029.39
ACCT-000282,CUST-000282,BR-004,2026-M12,54211.1,51158.08
ACCT-000283,CUST-000283,BR-010,2025-M08,1831.05,1769.04
ACCT-000283,CUST-000283,BR-010,2025-M09,1898.73,1774.27
ACCT-000283,CUST-000283,BR-010,2025-M10,1908.89,1824.15
ACCT-000283,CUST-000283,BR-010,2025-M11,1866.58,1772.56
ACCT-000283,CUST-000283,BR-010,2025-M12,2133.57,2039.19
ACCT-000283,CUST-000283,BR-010,2026-M01,2098.97,1919.74
ACCT-000283,CUST-000283,BR-010,2026-M02,2127.77,2038.49
ACCT-000283,CUST-000283,BR-010,2026-M03,2101.13,1992.97
ACCT-000283,CUST-000283,BR-010,2026-M04,2096.05,1943.15
ACCT-000283,CUST-000283,BR-010,2026-M05,2229.3,2031.18
ACCT-000283,CUST-000283,BR-010,2026-M06,2106.96,2004.26
ACCT-000283,CUST-000283,BR-010,2026-M07,2125.83,2050.42
ACCT-000283,CUST-000283,BR-010,2026-M08,2030.06,1888.73
ACCT-000283,CUST-000283,BR-010,2026-M09,2177.27,2013.07
ACCT-000283,CUST-000283,BR-010,2026-M10,1987.99,1853.05
ACCT-000283,CUST-000283,BR-010,2026-M11,2071.2,1905.98
ACCT-000283,CUST-000283,BR-010,2026-M12,2262.79,2132.45
ACCT-000284,CUST-000284,BR-003,2025-M01,12926.56,11786.68
ACCT-000284,CUST-000284,BR-003,2025-M02,12922.16,11768.45
ACCT-000284,CUST-000284,BR-003,2025-M03,13586.76,13073.87
ACCT-000284,CUST-000284,BR-003,2025-M04,13600.76,13051.96
ACCT-000284,CUST-000284,BR-003,2025-M05,13460.51,12506.39
ACCT-000284,CUST-000284,BR-003,2025-M06,12917.87,11793.44
ACCT-000284,CUST-000284,BR-003,2025-M07,13121.84,12363.56
ACCT-000284,CUST-000284,BR-003,2025-M08,12625.5,12004.94
ACCT-000284,CUST-000284,BR-003,2025-M09,13466.98,13004.89
ACCT-000284,CUST-000284,BR-003,2025-M10,13522.25,12581.06
ACCT-000284,CUST-000284,BR-003,2025-M11,13155.37,12225.06
ACCT-000284,CUST-000284,BR-003,2025-M12,14348.96,13348.01
ACCT-000284,CUST-000284,BR-003,2026-M01,14909.18,14254.47
ACCT-000284,CUST-000284,BR-003,2026-M02,14307.32,13660.66
ACCT-000284,CUST-000284,BR-003,2026-M03,14880.58,14344.86
ACCT-000284,CUST-000284,BR-003,2026-M04,14860.73,14000.81
ACCT-000284,CUST-000284,BR-003,2026-M05,14517.53,13749.34
ACCT-000284,CUST-000284,BR-003,2026-M06,13833.35,12912.33
ACCT-000284,CUST-000284,BR-003,2026-M07,14061.6,13110.44
ACCT-000284,CUST-000284,BR-003,2026-M08,12427.98,11966.18
ACCT-000284,CUST-000284,BR-003,2026-M09,13701.46,12504.6
ACCT-000284,CUST-000284,BR-003,2026-M10,13834.81,13368.63
ACCT-000284,CUST-000284,BR-003,2026-M11,14013.86,13355.99
ACCT-000284,CUST-000284,BR-003,2026-M12,14224.44,13235.95
ACCT-000285,CUST-000285,BR-001,2025-M08,29111.85,26940.08
ACCT-000285,CUST-000285,BR-001,2025-M09,29430.26,28213.65
ACCT-000285,CUST-000285,BR-001,2025-M10,29408.83,27972.7
ACCT-000285,CUST-000285,BR-001,2025-M11,30572.42,28963.69
ACCT-000285,CUST-000285,BR-001,2025-M12,32070.11,30240.65
ACCT-000285,CUST-000285,BR-001,2026-M01,30532.67,28035.8
ACCT-000285,CUST-000285,BR-001,2026-M02,32453.34,30966.51
ACCT-000285,CUST-000285,BR-001,2026-M03,32965.07,31142.01
ACCT-000285,CUST-000285,BR-001,2026-M04,32693.64,31004.01
ACCT-000285,CUST-000285,BR-001,2026-M05,33474.76,32116.08
ACCT-000285,CUST-000285,BR-001,2026-M06,32354.24,30256.94
ACCT-000285,CUST-000285,BR-001,2026-M07,32620.32,30754.74
ACCT-000285,CUST-000285,BR-001,2026-M08,31508.69,30447.17
ACCT-000285,CUST-000285,BR-001,2026-M09,32493.01,30165.76
ACCT-000285,CUST-000285,BR-001,2026-M10,33458.67,32223.47
ACCT-000285,CUST-000285,BR-001,2026-M11,34125.0,31183.73
ACCT-000285,CUST-000285,BR-001,2026-M12,34462.32,31879.9
ACCT-000287,CUST-000287,BR-010,2026-M07,29152.41,27731.68
ACCT-000287,CUST-000287,BR-010,2026-M08,27490.95,26531.64
ACCT-000287,CUST-000287,BR-010,2026-M09,30543.68,28798.68
ACCT-000287,CUST-000287,BR-010,2026-M10,29727.21,27400.57
ACCT-000287,CUST-000287,BR-010,2026-M11,29671.59,27645.97
ACCT-000287,CUST-000287,BR-010,2026-M12,31310.98,28991.9
ACCT-000288,CUST-000288,BR-004,2025-M04,25114.23,23784.65
ACCT-000288,CUST-000288,BR-004,2025-M05,24355.71,22904.66
ACCT-000288,CUST-000288,BR-004,2025-M06,24436.89,23108.44
ACCT-000288,CUST-000288,BR-004,2025-M07,24564.06,23367.57
ACCT-000288,CUST-000288,BR-004,2025-M08,24918.43,24141.69
ACCT-000288,CUST-000288,BR-004,2025-M09,24787.04,23053.61
ACCT-000288,CUST-000288,BR-004,2025-M10,24331.39,23592.27
ACCT-000288,CUST-000288,BR-004,2025-M11,25390.62,23724.27
ACCT-000288,CUST-000288,BR-004,2025-M12,26215.71,24761.88
ACCT-000288,CUST-000288,BR-004,2026-M01,25667.72,24884.61
ACCT-000288,CUST-000288,BR-004,2026-M02,27253.18,26207.17
ACCT-000288,CUST-000288,BR-004,2026-M03,26387.17,24655.97
ACCT-000288,CUST-000288,BR-004,2026-M04,27575.34,26539.14
ACCT-000288,CUST-000288,BR-004,2026-M05,27928.92,26887.32
ACCT-000288,CUST-000288,BR-004,2026-M06,27288.83,25785.37
ACCT-000288,CUST-000288,BR-004,2026-M07,26718.05,25350.28
ACCT-000288,CUST-000288,BR-004,2026-M08,28729.65,27635.07
ACCT-000288,CUST-000288,BR-004,2026-M09,27261.22,25765.18
ACCT-000288,CUST-000288,BR-004,2026-M10,28435.32,27382.56
ACCT-000288,CUST-000288,BR-004,2026-M11,28464.86,26556.26
ACCT-000288,CUST-000288,BR-004,2026-M12,29966.27,28707.9
ACCT-000290,CUST-000290,BR-005,2025-M01,19297.43,18341.73
ACCT-000290,CUST-000290,BR-005,2025-M02,19339.67,18342.59
ACCT-000290,CUST-000290,BR-005,2025-M03,18985.32,18309.3
ACCT-000290,CUST-000290,BR-005,2025-M04,19732.85,19076.0
ACCT-000290,CUST-000290,BR-005,2025-M05,20058.21,19128.63
ACCT-000290,CUST-000290,BR-005,2025-M06,20241.9,18954.98
ACCT-000290,CUST-000290,BR-005,2025-M07,19206.72,17913.8
ACCT-000290,CUST-000290,BR-005,2025-M08,19418.51,18783.14
ACCT-000290,CUST-000290,BR-005,2025-M09,19089.88,17672.48
ACCT-000290,CUST-000290,BR-005,2025-M10,19895.06,18608.52
ACCT-000290,CUST-000290,BR-005,2025-M11,20723.12,19984.43
ACCT-000290,CUST-000290,BR-005,2025-M12,20240.8,18863.65
ACCT-000290,CUST-000290,BR-005,2026-M01,19935.88,18614.11
ACCT-000290,CUST-000290,BR-005,2026-M02,22598.24,21865.46
ACCT-000290,CUST-000290,BR-005,2026-M03,22202.43,20298.84
ACCT-000290,CUST-000290,BR-005,2026-M04,22529.51,21678.23
ACCT-000290,CUST-000290,BR-005,2026-M05,21374.2,20278.9
ACCT-000290,CUST-000290,BR-005,2026-M06,21344.88,20051.82
ACCT-000290,CUST-000290,BR-005,2026-M07,21512.42,19815.41
ACCT-000290,CUST-000290,BR-005,2026-M08,20906.62,20063.89
ACCT-000290,CUST-000290,BR-005,2026-M09,20244.79,18837.62
ACCT-000290,CUST-000290,BR-005,2026-M10,20494.21,19460.31
ACCT-000290,CUST-000290,BR-005,2026-M11,21853.48,21187.89
ACCT-000290,CUST-000290,BR-005,2026-M12,21902.13,20525.35
ACCT-000291,CUST-000291,BR-007,2025-M01,5542.31,5186.02
ACCT-000291,CUST-000291,BR-007,2025-M02,5780.88,5391.01
ACCT-000291,CUST-000291,BR-007,2025-M03,5817.2,5296.05
ACCT-000291,CUST-000291,BR-007,2025-M04,6018.55,5709.74
ACCT-000291,CUST-000291,BR-007,2025-M05,5931.02,5499.29
ACCT-000291,CUST-000291,BR-007,2025-M06,5895.62,5441.7
ACCT-000291,CUST-000291,BR-007,2025-M07,5691.86,5333.59
ACCT-000291,CUST-000291,BR-007,2025-M08,5751.85,5436.09
ACCT-000291,CUST-000291,BR-007,2025-M09,5939.36,5446.37
ACCT-000291,CUST-000291,BR-007,2025-M10,5903.14,5496.64
ACCT-000291,CUST-000291,BR-007,2025-M11,5859.11,5399.4
ACCT-000291,CUST-000291,BR-007,2025-M12,6148.4,5595.92
ACCT-000291,CUST-000291,BR-007,2026-M01,6427.25,6046.49
ACCT-000291,CUST-000291,BR-007,2026-M02,6168.87,5884.59
ACCT-000291,CUST-000291,BR-007,2026-M03,6365.62,6105.95
ACCT-000291,CUST-000291,BR-007,2026-M04,6317.55,5900.79
ACCT-000291,CUST-000291,BR-007,2026-M05,6427.04,5925.7
ACCT-000291,CUST-000291,BR-007,2026-M06,6303.39,5884.02
ACCT-000291,CUST-000291,BR-007,2026-M07,5971.73,5672.76
ACCT-000291,CUST-000291,BR-007,2026-M08,5761.46,5407.32
ACCT-000291,CUST-000291,BR-007,2026-M09,5272.72,4999.62
ACCT-000291,CUST-000291,BR-007,2026-M10,5924.09,5716.43
ACCT-000291,CUST-000291,BR-007,2026-M11,5882.58,5516.77
ACCT-000291,CUST-000291,BR-007,2026-M12,6274.84,5730.25
ACCT-000292,CUST-000292,BR-012,2025-M01,12253.61,11708.19
ACCT-000292,CUST-000292,BR-012,2025-M02,12197.65,11348.42
ACCT-000292,CUST-000292,BR-012,2025-M03,12824.86,11792.63
ACCT-000292,CUST-000292,BR-012,2025-M04,12777.24,12339.24
ACCT-000292,CUST-000292,BR-012,2025-M05,12965.34,12059.13
ACCT-000292,CUST-000292,BR-012,2025-M06,13552.89,12793.84
ACCT-000292,CUST-000292,BR-012,2025-M07,13009.43,12446.25
ACCT-000292,CUST-000292,BR-012,2025-M08,12914.85,12290.64
ACCT-000292,CUST-000292,BR-012,2025-M09,12963.71,12287.85
ACCT-000292,CUST-000292,BR-012,2025-M10,13612.44,12942.11
ACCT-000292,CUST-000292,BR-012,2025-M11,13491.31,12845.6
ACCT-000292,CUST-000292,BR-012,2025-M12,13483.81,12452.74
ACCT-000292,CUST-000292,BR-012,2026-M01,14624.4,13310.01
ACCT-000292,CUST-000292,BR-012,2026-M02,13716.93,12505.11
ACCT-000292,CUST-000292,BR-012,2026-M03,14417.3,13166.7
ACCT-000292,CUST-000292,BR-012,2026-M04,14458.93,13419.55
ACCT-000292,CUST-000292,BR-012,2026-M05,13792.31,13251.41
ACCT-000292,CUST-000292,BR-012,2026-M06,14441.13,13990.13
ACCT-000292,CUST-000292,BR-012,2026-M07,13522.29,12699.09
ACCT-000292,CUST-000292,BR-012,2026-M08,13807.34,13105.01
ACCT-000292,CUST-000292,BR-012,2026-M09,13586.43,12815.79
ACCT-000292,CUST-000292,BR-012,2026-M10,14091.74,13592.43
ACCT-000292,CUST-000292,BR-012,2026-M11,13802.73,12814.55
ACCT-000292,CUST-000292,BR-012,2026-M12,14987.73,14489.95
ACCT-000293,CUST-000293,BR-010,2026-M01,3965.35,3659.07
ACCT-000293,CUST-000293,BR-010,2026-M02,4158.06,3953.94
ACCT-000293,CUST-000293,BR-010,2026-M03,4017.87,3797.04
ACCT-000293,CUST-000293,BR-010,2026-M04,4161.77,4013.6
ACCT-000293,CUST-000293,BR-010,2026-M05,4150.51,4025.52
ACCT-000293,CUST-000293,BR-010,2026-M06,4095.66,3772.08
ACCT-000293,CUST-000293,BR-010,2026-M07,4227.97,4003.06
ACCT-000293,CUST-000293,BR-010,2026-M08,3902.53,3568.95
ACCT-000293,CUST-000293,BR-010,2026-M09,4198.71,4053.85
ACCT-000293,CUST-000293,BR-010,2026-M10,4331.9,3964.08
ACCT-000293,CUST-000293,BR-010,2026-M11,4185.52,3910.23
ACCT-000293,CUST-000293,BR-010,2026-M12,4632.69,4454.27
ACCT-000294,CUST-000294,BR-012,2026-M07,32931.66,30360.35
ACCT-000294,CUST-000294,BR-012,2026-M08,34084.87,31941.21
ACCT-000294,CUST-000294,BR-012,2026-M09,33465.75,32349.51
ACCT-000294,CUST-000294,BR-012,2026-M10,34741.61,33408.49
ACCT-000294,CUST-000294,BR-012,2026-M11,34697.62,32214.15
ACCT-000294,CUST-000294,BR-012,2026-M12,34141.07,32563.48
ACCT-000295,CUST-000295,BR-002,2025-M11,8169.25,7693.27
ACCT-000295,CUST-000295,BR-002,2025-M12,8715.54,8074.32
ACCT-000295,CUST-000295,BR-002,2026-M01,8393.19,7959.23
ACCT-000295,CUST-000295,BR-002,2026-M02,8357.78,7742.79
ACCT-000295,CUST-000295,BR-002,2026-M03,9471.25,8750.34
ACCT-000295,CUST-000295,BR-002,2026-M04,9790.33,9403.51
ACCT-000295,CUST-000295,BR-002,2026-M05,8882.01,8560.69
ACCT-000295,CUST-000295,BR-002,2026-M06,9255.29,8798.79
ACCT-000295,CUST-000295,BR-002,2026-M07,9345.19,8922.99
ACCT-000295,CUST-000295,BR-002,2026-M08,8753.35,7989.29
ACCT-000295,CUST-000295,BR-002,2026-M09,9332.14,8678.14
ACCT-000295,CUST-000295,BR-002,2026-M10,9495.74,8728.49
ACCT-000295,CUST-000295,BR-002,2026-M11,9872.14,9079.18
ACCT-000295,CUST-000295,BR-002,2026-M12,9712.72,9023.27
ACCT-000297,CUST-000297,BR-012,2025-M01,5240.3,4891.12
ACCT-000297,CUST-000297,BR-012,2025-M02,5462.66,5145.38
ACCT-000297,CUST-000297,BR-012,2025-M03,5496.56,5125.91
ACCT-000297,CUST-000297,BR-012,2025-M04,5412.9,5217.75
ACCT-000297,CUST-000297,BR-012,2025-M05,5664.57,5207.67
ACCT-000297,CUST-000297,BR-012,2025-M06,5510.41,5309.68
ACCT-000297,CUST-000297,BR-012,2025-M07,5372.9,5184.31
ACCT-000297,CUST-000297,BR-012,2025-M08,5375.28,4894.45
ACCT-000297,CUST-000297,BR-012,2025-M09,5447.09,4961.93
ACCT-000297,CUST-000297,BR-012,2025-M10,5291.5,5099.76
ACCT-000297,CUST-000297,BR-012,2025-M11,5767.64,5569.22
ACCT-000297,CUST-000297,BR-012,2025-M12,5863.5,5536.41
ACCT-000297,CUST-000297,BR-012,2026-M01,5541.67,5222.87
ACCT-000297,CUST-000297,BR-012,2026-M02,5327.58,4983.04
ACCT-000297,CUST-000297,BR-012,2026-M03,5662.25,5270.05
ACCT-000297,CUST-000297,BR-012,2026-M04,5698.22,5470.48
ACCT-000297,CUST-000297,BR-012,2026-M05,5786.93,5366.19
ACCT-000297,CUST-000297,BR-012,2026-M06,5365.26,5118.22
ACCT-000297,CUST-000297,BR-012,2026-M07,5286.92,4993.03
ACCT-000297,CUST-000297,BR-012,2026-M08,5351.39,5179.38
ACCT-000297,CUST-000297,BR-012,2026-M09,5130.24,4754.63
ACCT-000297,CUST-000297,BR-012,2026-M10,5229.17,4965.15
ACCT-000297,CUST-000297,BR-012,2026-M11,5680.02,5474.47
ACCT-000297,CUST-000297,BR-012,2026-M12,5580.12,5230.29
ACCT-000298,CUST-000298,BR-011,2025-M07,8555.51,8207.94
ACCT-000298,CUST-000298,BR-011,2025-M08,9086.27,8418.18
ACCT-000298,CUST-000298,BR-011,2025-M09,9121.67,8405.46
ACCT-000298,CUST-000298,BR-011,2025-M10,9105.16,8580.35
ACCT-000298,CUST-000298,BR-011,2025-M11,9082.97,8489.45
ACCT-000298,CUST-000298,BR-011,2025-M12,9244.63,8892.8
ACCT-000298,CUST-000298,BR-011,2026-M01,9343.75,8936.89
ACCT-000298,CUST-000298,BR-011,2026-M02,10083.14,9275.19
ACCT-000298,CUST-000298,BR-011,2026-M03,9815.79,8995.53
ACCT-000298,CUST-000298,BR-011,2026-M04,10243.3,9334.58
ACCT-000298,CUST-000298,BR-011,2026-M05,9977.81,9369.95
ACCT-000298,CUST-000298,BR-011,2026-M06,9617.73,8998.49
ACCT-000298,CUST-000298,BR-011,2026-M07,10008.25,9631.6
ACCT-000298,CUST-000298,BR-011,2026-M08,10488.4,9792.64
ACCT-000298,CUST-000298,BR-011,2026-M09,10023.49,9254.85
ACCT-000298,CUST-000298,BR-011,2026-M10,9812.28,8935.92
ACCT-000298,CUST-000298,BR-011,2026-M11,10345.17,9433.53
ACCT-000298,CUST-000298,BR-011,2026-M12,10368.69,9741.76
ACCT-000299,CUST-000299,BR-002,2026-M05,31683.11,29216.28
ACCT-000299,CUST-000299,BR-002,2026-M06,32792.42,31204.33
ACCT-000299,CUST-000299,BR-002,2026-M07,31862.02,29960.3
ACCT-000299,CUST-000299,BR-002,2026-M08,33238.28,31832.29
ACCT-000299,CUST-000299,BR-002,2026-M09,32622.01,31147.86
ACCT-000299,CUST-000299,BR-002,2026-M10,33432.23,30474.9
ACCT-000299,CUST-000299,BR-002,2026-M11,33269.78,30280.31
ACCT-000299,CUST-000299,BR-002,2026-M12,34031.95,31325.45
ACCT-000300,CUST-000300,BR-003,2025-M04,7221.98,6931.43
ACCT-000300,CUST-000300,BR-003,2025-M05,7461.71,6916.49
ACCT-000300,CUST-000300,BR-003,2025-M06,7927.01,7686.31
ACCT-000300,CUST-000300,BR-003,2025-M07,7488.4,6881.19
ACCT-000300,CUST-000300,BR-003,2025-M08,7704.76,7267.81
ACCT-000300,CUST-000300,BR-003,2025-M09,7186.26,6550.74
ACCT-000300,CUST-000300,BR-003,2025-M10,7483.02,7064.08
ACCT-000300,CUST-000300,BR-003,2025-M11,7630.47,7363.86
ACCT-000300,CUST-000300,BR-003,2025-M12,7920.56,7623.39
ACCT-000300,CUST-000300,BR-003,2026-M01,8036.8,7687.21
ACCT-000300,CUST-000300,BR-003,2026-M02,8396.97,7771.61
ACCT-000300,CUST-000300,BR-003,2026-M03,8592.39,7838.05
ACCT-000300,CUST-000300,BR-003,2026-M04,8465.23,7794.26
ACCT-000300,CUST-000300,BR-003,2026-M05,8621.53,7987.07
ACCT-000300,CUST-000300,BR-003,2026-M06,8063.5,7573.35
ACCT-000300,CUST-000300,BR-003,2026-M07,8517.19,7837.16
ACCT-000300,CUST-000300,BR-003,2026-M08,7920.3,7512.17
ACCT-000300,CUST-000300,BR-003,2026-M09,8544.53,7987.38
ACCT-000300,CUST-000300,BR-003,2026-M10,8706.6,7994.05
ACCT-000300,CUST-000300,BR-003,2026-M11,8488.26,8028.59
ACCT-000300,CUST-000300,BR-003,2026-M12,8306.16,7848.11
ACCT-000302,CUST-000302,BR-011,2025-M07,765.04,704.74
ACCT-000302,CUST-000302,BR-011,2025-M08,755.64,702.43
ACCT-000302,CUST-000302,BR-011,2025-M09,784.75,745.36
ACCT-000302,CUST-000302,BR-011,2025-M10,769.89,720.38
ACCT-000302,CUST-000302,BR-011,2025-M11,799.19,749.94
ACCT-000302,CUST-000302,BR-011,2025-M12,817.25,786.55
ACCT-000302,CUST-000302,BR-011,2026-M01,817.64,772.75
ACCT-000302,CUST-000302,BR-011,2026-M02,845.15,799.62
ACCT-000302,CUST-000302,BR-011,2026-M03,796.4,739.96
ACCT-000302,CUST-000302,BR-011,2026-M04,851.72,801.7
ACCT-000302,CUST-000302,BR-011,2026-M05,911.29,881.35
ACCT-000302,CUST-000302,BR-011,2026-M06,895.05,864.97
ACCT-000302,CUST-000302,BR-011,2026-M07,873.76,811.77
ACCT-000302,CUST-000302,BR-011,2026-M08,861.88,785.96
ACCT-000302,CUST-000302,BR-011,2026-M09,839.71,807.24
ACCT-000302,CUST-000302,BR-011,2026-M10,870.45,835.2
ACCT-000302,CUST-000302,BR-011,2026-M11,891.75,844.02
ACCT-000302,CUST-000302,BR-011,2026-M12,844.39,789.42
ACCT-000303,CUST-000303,BR-006,2026-M02,12855.8,12254.08
ACCT-000303,CUST-000303,BR-006,2026-M03,13523.75,12680.34
ACCT-000303,CUST-000303,BR-006,2026-M04,13655.35,13148.64
ACCT-000303,CUST-000303,BR-006,2026-M05,13349.21,12341.73
ACCT-000303,CUST-000303,BR-006,2026-M06,13212.16,12518.06
ACCT-000303,CUST-000303,BR-006,2026-M07,12933.91,12357.6
ACCT-000303,CUST-000303,BR-006,2026-M08,13939.09,12836.48
ACCT-000303,CUST-000303,BR-006,2026-M09,13525.71,13081.55
ACCT-000303,CUST-000303,BR-006,2026-M10,13258.57,12664.28
ACCT-000303,CUST-000303,BR-006,2026-M11,14348.26,13653.32
ACCT-000303,CUST-000303,BR-006,2026-M12,14268.95,13386.64
ACCT-000305,CUST-000305,BR-010,2026-M05,10529.65,9695.46
ACCT-000305,CUST-000305,BR-010,2026-M06,10514.84,10081.98
ACCT-000305,CUST-000305,BR-010,2026-M07,9950.84,9248.94
ACCT-000305,CUST-000305,BR-010,2026-M08,9679.17,9088.55
ACCT-000305,CUST-000305,BR-010,2026-M09,10111.39,9529.58
ACCT-000305,CUST-000305,BR-010,2026-M10,10116.76,9565.97
ACCT-000305,CUST-000305,BR-010,2026-M11,10474.76,9836.79
ACCT-000305,CUST-000305,BR-010,2026-M12,11244.79,10453.61
ACCT-000306,CUST-000306,BR-012,2026-M06,34631.2,32520.14
ACCT-000306,CUST-000306,BR-012,2026-M07,33487.92,32480.08
ACCT-000306,CUST-000306,BR-012,2026-M08,35269.61,33921.88
ACCT-000306,CUST-000306,BR-012,2026-M09,32847.04,31598.05
ACCT-000306,CUST-000306,BR-012,2026-M10,34303.87,32234.65
ACCT-000306,CUST-000306,BR-012,2026-M11,37301.37,34272.01
ACCT-000306,CUST-000306,BR-012,2026-M12,36701.29,34432.81
ACCT-000307,CUST-000307,BR-005,2026-M03,62980.54,61045.88
ACCT-000307,CUST-000307,BR-005,2026-M04,63277.53,61229.57
ACCT-000307,CUST-000307,BR-005,2026-M05,64527.34,60765.06
ACCT-000307,CUST-000307,BR-005,2026-M06,60273.9,57660.21
ACCT-000307,CUST-000307,BR-005,2026-M07,66508.86,62053.59
ACCT-000307,CUST-000307,BR-005,2026-M08,62362.94,56967.39
ACCT-000307,CUST-000307,BR-005,2026-M09,63314.99,58461.1
ACCT-000307,CUST-000307,BR-005,2026-M10,62431.15,58692.86
ACCT-000307,CUST-000307,BR-005,2026-M11,65302.58,60319.93
ACCT-000307,CUST-000307,BR-005,2026-M12,68643.04,64617.08
ACCT-000309,CUST-000309,BR-011,2025-M03,32944.0,30938.67
ACCT-000309,CUST-000309,BR-011,2025-M04,33043.36,30407.74
ACCT-000309,CUST-000309,BR-011,2025-M05,32050.6,30843.03
ACCT-000309,CUST-000309,BR-011,2025-M06,33300.33,31822.61
ACCT-000309,CUST-000309,BR-011,2025-M07,30720.29,28082.36
ACCT-000309,CUST-000309,BR-011,2025-M08,32189.27,29770.33
ACCT-000309,CUST-000309,BR-011,2025-M09,31854.83,29382.13
ACCT-000309,CUST-000309,BR-011,2025-M10,31663.06,29376.96
ACCT-000309,CUST-000309,BR-011,2025-M11,32848.05,31178.92
ACCT-000309,CUST-000309,BR-011,2025-M12,34836.86,32870.7
ACCT-000309,CUST-000309,BR-011,2026-M01,32355.57,30101.67
ACCT-000309,CUST-000309,BR-011,2026-M02,36012.82,34415.28
ACCT-000309,CUST-000309,BR-011,2026-M03,34589.07,31914.06
ACCT-000309,CUST-000309,BR-011,2026-M04,35355.29,33332.96
ACCT-000309,CUST-000309,BR-011,2026-M05,35577.07,34345.62
ACCT-000309,CUST-000309,BR-011,2026-M06,35724.46,33232.91
ACCT-000309,CUST-000309,BR-011,2026-M07,35024.44,32304.0
ACCT-000309,CUST-000309,BR-011,2026-M08,33836.2,31235.29
ACCT-000309,CUST-000309,BR-011,2026-M09,35291.23,34106.32
ACCT-000309,CUST-000309,BR-011,2026-M10,35131.05,33221.84
ACCT-000309,CUST-000309,BR-011,2026-M11,36079.87,33203.66
ACCT-000309,CUST-000309,BR-011,2026-M12,34957.49,32520.13
ACCT-000311,CUST-000311,BR-001,2025-M01,4603.38,4291.02
ACCT-000311,CUST-000311,BR-001,2025-M02,4751.69,4524.78
ACCT-000311,CUST-000311,BR-001,2025-M03,4741.12,4513.33
ACCT-000311,CUST-000311,BR-001,2025-M04,4702.61,4412.93
ACCT-000311,CUST-000311,BR-001,2025-M05,4878.94,4454.18
ACCT-000311,CUST-000311,BR-001,2025-M06,5014.16,4845.57
ACCT-000311,CUST-000311,BR-001,2025-M07,4662.87,4351.44
ACCT-000311,CUST-000311,BR-001,2025-M08,4849.43,4630.31
ACCT-000311,CUST-000311,BR-001,2025-M09,4823.85,4465.94
ACCT-000311,CUST-000311,BR-001,2025-M10,4853.15,4553.34
ACCT-000311,CUST-000311,BR-001,2025-M11,4700.81,4332.93
ACCT-000311,CUST-000311,BR-001,2025-M12,5109.8,4669.41
ACCT-000311,CUST-000311,BR-001,2026-M01,5145.43,4888.32
ACCT-000311,CUST-000311,BR-001,2026-M02,5310.91,4921.42
ACCT-000311,CUST-000311,BR-001,2026-M03,5188.78,4809.11
ACCT-000311,CUST-000311,BR-001,2026-M04,5297.46,4821.52
ACCT-000311,CUST-000311,BR-001,2026-M05,5296.38,4865.13
ACCT-000311,CUST-000311,BR-001,2026-M06,5231.82,4925.95
ACCT-000311,CUST-000311,BR-001,2026-M07,5252.7,5056.71
ACCT-000311,CUST-000311,BR-001,2026-M08,5046.66,4690.39
ACCT-000311,CUST-000311,BR-001,2026-M09,5135.14,4838.25
ACCT-000311,CUST-000311,BR-001,2026-M10,5025.24,4709.32
ACCT-000311,CUST-000311,BR-001,2026-M11,5166.41,4963.62
ACCT-000311,CUST-000311,BR-001,2026-M12,5405.91,4981.47
ACCT-000312,CUST-000312,BR-001,2025-M01,27472.7,26553.92
ACCT-000312,CUST-000312,BR-001,2025-M02,28156.07,27222.78
ACCT-000312,CUST-000312,BR-001,2025-M03,29677.78,27810.87
ACCT-000312,CUST-000312,BR-001,2025-M04,30081.14,28333.79
ACCT-000312,CUST-000312,BR-001,2025-M05,30564.69,28452.03
ACCT-000312,CUST-000312,BR-001,2025-M06,31036.22,29483.54
ACCT-000312,CUST-000312,BR-001,2025-M07,29387.54,28323.61
ACCT-000312,CUST-000312,BR-001,2025-M08,29660.98,27623.73
ACCT-000312,CUST-000312,BR-001,2025-M09,27613.11,25305.37
ACCT-000312,CUST-000312,BR-001,2025-M10,28166.34,26480.2
ACCT-000312,CUST-000312,BR-001,2025-M11,30069.36,29065.43
ACCT-000312,CUST-000312,BR-001,2025-M12,28763.17,26325.88
ACCT-000312,CUST-000312,BR-001,2026-M01,30301.01,28682.53
ACCT-000312,CUST-000312,BR-001,2026-M02,30472.49,29398.91
ACCT-000312,CUST-000312,BR-001,2026-M03,31049.93,30073.73
ACCT-000312,CUST-000312,BR-001,2026-M04,29684.38,28003.02
ACCT-000312,CUST-000312,BR-001,2026-M05,28576.59,26589.29
ACCT-000312,CUST-000312,BR-001,2026-M06,28460.05,27400.83
ACCT-000312,CUST-000312,BR-001,2026-M07,28217.67,26008.4
ACCT-000312,CUST-000312,BR-001,2026-M08,26563.22,25099.69
ACCT-000312,CUST-000312,BR-001,2026-M09,28885.12,26519.99
ACCT-000312,CUST-000312,BR-001,2026-M10,29370.03,26787.22
ACCT-000312,CUST-000312,BR-001,2026-M11,28615.12,27202.73
ACCT-000312,CUST-000312,BR-001,2026-M12,30357.76,27749.88
ACCT-000314,CUST-000314,BR-008,2025-M11,17234.42,16182.79
ACCT-000314,CUST-000314,BR-008,2025-M12,18272.92,17436.54
ACCT-000314,CUST-000314,BR-008,2026-M01,18118.81,16663.5
ACCT-000314,CUST-000314,BR-008,2026-M02,19205.57,18274.98
ACCT-000314,CUST-000314,BR-008,2026-M03,18646.14,17349.53
ACCT-000314,CUST-000314,BR-008,2026-M04,18939.07,17728.87
ACCT-000314,CUST-000314,BR-008,2026-M05,18773.03,17628.82
ACCT-000314,CUST-000314,BR-008,2026-M06,20009.67,19157.65
ACCT-000314,CUST-000314,BR-008,2026-M07,19587.79,17921.97
ACCT-000314,CUST-000314,BR-008,2026-M08,18626.37,17510.7
ACCT-000314,CUST-000314,BR-008,2026-M09,19815.88,18763.29
ACCT-000314,CUST-000314,BR-008,2026-M10,19001.33,17521.85
ACCT-000314,CUST-000314,BR-008,2026-M11,21140.12,19347.37
ACCT-000314,CUST-000314,BR-008,2026-M12,20726.23,19027.24
ACCT-000315,CUST-000315,BR-002,2025-M01,21432.88,19598.68
ACCT-000315,CUST-000315,BR-002,2025-M02,20673.6,18981.28
ACCT-000315,CUST-000315,BR-002,2025-M03,21330.78,20588.46
ACCT-000315,CUST-000315,BR-002,2025-M04,22689.53,21498.29
ACCT-000315,CUST-000315,BR-002,2025-M05,21571.98,20422.15
ACCT-000315,CUST-000315,BR-002,2025-M06,22259.06,20713.74
ACCT-000315,CUST-000315,BR-002,2025-M07,22274.06,20848.23
ACCT-000315,CUST-000315,BR-002,2025-M08,20624.9,18788.19
ACCT-000315,CUST-000315,BR-002,2025-M09,21166.02,19631.91
ACCT-000315,CUST-000315,BR-002,2025-M10,21172.72,20411.95
ACCT-000315,CUST-000315,BR-002,2025-M11,21487.97,20276.35
ACCT-000315,CUST-000315,BR-002,2025-M12,21756.17,20687.92
ACCT-000315,CUST-000315,BR-002,2026-M01,20930.16,20218.66
ACCT-000315,CUST-000315,BR-002,2026-M02,22577.32,20794.05
ACCT-000315,CUST-000315,BR-002,2026-M03,22554.05,21850.08
ACCT-000315,CUST-000315,BR-002,2026-M04,22579.19,21759.98
ACCT-000315,CUST-000315,BR-002,2026-M05,20673.66,19463.64
ACCT-000315,CUST-000315,BR-002,2026-M06,22150.92,21049.07
ACCT-000315,CUST-000315,BR-002,2026-M07,20965.5,19537.47
ACCT-000315,CUST-000315,BR-002,2026-M08,20750.19,18889.6
ACCT-000315,CUST-000315,BR-002,2026-M09,20546.84,19824.89
ACCT-000315,CUST-000315,BR-002,2026-M10,21347.46,20455.29
ACCT-000315,CUST-000315,BR-002,2026-M11,21053.46,19560.01
ACCT-000315,CUST-000315,BR-002,2026-M12,21624.53,19978.15
ACCT-000316,CUST-000316,BR-012,2025-M01,5314.28,4869.59
ACCT-000316,CUST-000316,BR-012,2025-M02,5341.82,5093.91
ACCT-000316,CUST-000316,BR-012,2025-M03,5267.54,5033.53
ACCT-000316,CUST-000316,BR-012,2025-M04,5395.43,5139.64
ACCT-000316,CUST-000316,BR-012,2025-M05,5543.37,5175.41
ACCT-000316,CUST-000316,BR-012,2025-M06,5688.24,5509.75
ACCT-000316,CUST-000316,BR-012,2025-M07,5343.68,5136.9
ACCT-000316,CUST-000316,BR-012,2025-M08,5608.99,5352.84
ACCT-000316,CUST-000316,BR-012,2025-M09,5641.66,5382.33
ACCT-000316,CUST-000316,BR-012,2025-M10,5276.36,4914.45
ACCT-000316,CUST-000316,BR-012,2025-M11,5653.64,5372.71
ACCT-000316,CUST-000316,BR-012,2025-M12,5886.24,5641.65
ACCT-000316,CUST-000316,BR-012,2026-M01,5947.73,5564.59
ACCT-000316,CUST-000316,BR-012,2026-M02,5649.63,5173.89
ACCT-000316,CUST-000316,BR-012,2026-M03,5882.4,5564.89
ACCT-000316,CUST-000316,BR-012,2026-M04,6098.96,5877.84
ACCT-000316,CUST-000316,BR-012,2026-M05,5922.71,5655.86
ACCT-000316,CUST-000316,BR-012,2026-M06,5796.0,5344.15
ACCT-000316,CUST-000316,BR-012,2026-M07,6035.11,5783.29
ACCT-000316,CUST-000316,BR-012,2026-M08,5802.86,5325.66
ACCT-000316,CUST-000316,BR-012,2026-M09,5584.07,5140.0
ACCT-000316,CUST-000316,BR-012,2026-M10,5760.53,5422.83
ACCT-000316,CUST-000316,BR-012,2026-M11,5914.55,5496.34
ACCT-000316,CUST-000316,BR-012,2026-M12,5945.44,5558.07
ACCT-000317,CUST-000317,BR-006,2025-M01,4584.98,4440.27
ACCT-000317,CUST-000317,BR-006,2025-M02,4526.9,4300.24
ACCT-000317,CUST-000317,BR-006,2025-M03,4616.56,4201.51
ACCT-000317,CUST-000317,BR-006,2025-M04,4894.65,4691.99
ACCT-000317,CUST-000317,BR-006,2025-M05,4788.74,4574.46
ACCT-000317,CUST-000317,BR-006,2025-M06,4828.97,4630.21
ACCT-000317,CUST-000317,BR-006,2025-M07,4734.5,4570.02
ACCT-000317,CUST-000317,BR-006,2025-M08,4837.11,4412.81
ACCT-000317,CUST-000317,BR-006,2025-M09,4732.78,4475.78
ACCT-000317,CUST-000317,BR-006,2025-M10,4711.69,4515.53
ACCT-000317,CUST-000317,BR-006,2025-M11,4783.1,4467.63
ACCT-000317,CUST-000317,BR-006,2025-M12,4841.61,4621.95
ACCT-000317,CUST-000317,BR-006,2026-M01,5070.29,4683.68
ACCT-000317,CUST-000317,BR-006,2026-M02,5267.46,5087.02
ACCT-000317,CUST-000317,BR-006,2026-M03,5449.79,5267.68
ACCT-000317,CUST-000317,BR-006,2026-M04,5335.97,4990.24
ACCT-000317,CUST-000317,BR-006,2026-M05,5086.76,4718.98
ACCT-000317,CUST-000317,BR-006,2026-M06,5026.97,4706.38
ACCT-000317,CUST-000317,BR-006,2026-M07,5216.57,4794.9
ACCT-000317,CUST-000317,BR-006,2026-M08,5483.06,5110.95
ACCT-000317,CUST-000317,BR-006,2026-M09,4967.65,4774.33
ACCT-000317,CUST-000317,BR-006,2026-M10,4989.26,4761.15
ACCT-000317,CUST-000317,BR-006,2026-M11,5083.48,4758.46
ACCT-000317,CUST-000317,BR-006,2026-M12,5375.35,4984.94
ACCT-000320,CUST-000320,BR-011,2025-M10,53744.86,50700.17
ACCT-000320,CUST-000320,BR-011,2025-M11,53091.5,48911.14
ACCT-000320,CUST-000320,BR-011,2025-M12,56606.07,52010.57
ACCT-000320,CUST-000320,BR-011,2026-M01,56683.01,53553.15
ACCT-000320,CUST-000320,BR-011,2026-M02,58878.35,55778.0
ACCT-000320,CUST-000320,BR-011,2026-M03,57901.32,54654.43
ACCT-000320,CUST-000320,BR-011,2026-M04,59628.39,54781.63
ACCT-000320,CUST-000320,BR-011,2026-M05,60172.2,56856.81
ACCT-000320,CUST-000320,BR-011,2026-M06,59844.83,56957.14
ACCT-000320,CUST-000320,BR-011,2026-M07,60195.86,56770.16
ACCT-000320,CUST-000320,BR-011,2026-M08,59969.3,56518.04
ACCT-000320,CUST-000320,BR-011,2026-M09,58740.83,55184.22
ACCT-000320,CUST-000320,BR-011,2026-M10,59743.71,54828.62
ACCT-000320,CUST-000320,BR-011,2026-M11,60752.58,57985.83
ACCT-000320,CUST-000320,BR-011,2026-M12,62500.41,57683.05
ACCT-000321,CUST-000321,BR-005,2025-M01,50650.54,48544.14
ACCT-000321,CUST-000321,BR-005,2025-M02,48695.26,45973.05
ACCT-000321,CUST-000321,BR-005,2025-M03,50397.75,48125.54
ACCT-000321,CUST-000321,BR-005,2025-M04,53234.35,50465.92
ACCT-000321,CUST-000321,BR-005,2025-M05,51157.81,49487.95
ACCT-000321,CUST-000321,BR-005,2025-M06,52237.89,50636.08
ACCT-000321,CUST-000321,BR-005,2025-M07,53279.59,51355.64
ACCT-000321,CUST-000321,BR-005,2025-M08,51392.6,47606.86
ACCT-000321,CUST-000321,BR-005,2025-M09,50419.12,46794.14
ACCT-000321,CUST-000321,BR-005,2025-M10,50265.77,47875.06
ACCT-000321,CUST-000321,BR-005,2025-M11,52648.18,50192.4
ACCT-000321,CUST-000321,BR-005,2025-M12,53735.05,49592.89
ACCT-000321,CUST-000321,BR-005,2026-M01,52308.53,48262.43
ACCT-000321,CUST-000321,BR-005,2026-M02,51600.48,48817.03
ACCT-000321,CUST-000321,BR-005,2026-M03,52954.56,50987.8
ACCT-000321,CUST-000321,BR-005,2026-M04,53769.0,51444.89
ACCT-000321,CUST-000321,BR-005,2026-M05,51889.04,47911.61
ACCT-000321,CUST-000321,BR-005,2026-M06,52876.56,48190.52
ACCT-000321,CUST-000321,BR-005,2026-M07,52741.21,50392.72
ACCT-000321,CUST-000321,BR-005,2026-M08,50830.35,47502.41
ACCT-000321,CUST-000321,BR-005,2026-M09,52241.63,49704.15
ACCT-000321,CUST-000321,BR-005,2026-M10,49570.75,47464.26
ACCT-000321,CUST-000321,BR-005,2026-M11,52838.68,50955.36
ACCT-000321,CUST-000321,BR-005,2026-M12,53265.23,48672.03
ACCT-000323,CUST-000323,BR-003,2025-M12,45431.15,43513.39
ACCT-000323,CUST-000323,BR-003,2026-M01,43942.05,42385.42
ACCT-000323,CUST-000323,BR-003,2026-M02,45811.53,42510.02
ACCT-000323,CUST-000323,BR-003,2026-M03,47721.17,45866.35
ACCT-000323,CUST-000323,BR-003,2026-M04,45232.67,42115.81
ACCT-000323,CUST-000323,BR-003,2026-M05,46879.8,43774.78
ACCT-000323,CUST-000323,BR-003,2026-M06,44557.31,42334.65
ACCT-000323,CUST-000323,BR-003,2026-M07,45647.96,43255.83
ACCT-000323,CUST-000323,BR-003,2026-M08,43007.64,41303.67
ACCT-000323,CUST-000323,BR-003,2026-M09,46956.64,42975.21
ACCT-000323,CUST-000323,BR-003,2026-M10,47353.35,45463.04
ACCT-000323,CUST-000323,BR-003,2026-M11,44678.55,42770.9
ACCT-000323,CUST-000323,BR-003,2026-M12,47856.97,46246.0
ACCT-000325,CUST-000325,BR-011,2025-M01,10784.77,10177.4
ACCT-000325,CUST-000325,BR-011,2025-M02,11013.63,10670.2
ACCT-000325,CUST-000325,BR-011,2025-M03,11046.65,10629.9
ACCT-000325,CUST-000325,BR-011,2025-M04,10874.39,10036.2
ACCT-000325,CUST-000325,BR-011,2025-M05,11552.53,11163.5
ACCT-000325,CUST-000325,BR-011,2025-M06,11164.65,10610.1
ACCT-000325,CUST-000325,BR-011,2025-M07,11377.0,10924.55
ACCT-000325,CUST-000325,BR-011,2025-M08,11117.0,10155.32
ACCT-000325,CUST-000325,BR-011,2025-M09,11167.9,10188.09
ACCT-000325,CUST-000325,BR-011,2025-M10,11054.8,10107.76
ACCT-000325,CUST-000325,BR-011,2025-M11,11582.63,10629.15
ACCT-000325,CUST-000325,BR-011,2025-M12,12128.07,11741.53
ACCT-000325,CUST-000325,BR-011,2026-M01,11755.69,10988.68
ACCT-000325,CUST-000325,BR-011,2026-M02,11947.68,11144.82
ACCT-000325,CUST-000325,BR-011,2026-M03,11289.94,10377.95
ACCT-000325,CUST-000325,BR-011,2026-M04,12183.29,11312.71
ACCT-000325,CUST-000325,BR-011,2026-M05,11600.18,10922.73
ACCT-000325,CUST-000325,BR-011,2026-M06,11619.23,10662.76
ACCT-000325,CUST-000325,BR-011,2026-M07,11238.8,10795.42
ACCT-000325,CUST-000325,BR-011,2026-M08,11341.08,10849.16
ACCT-000325,CUST-000325,BR-011,2026-M09,10851.87,9900.48
ACCT-000325,CUST-000325,BR-011,2026-M10,11273.94,10518.14
ACCT-000325,CUST-000325,BR-011,2026-M11,11529.79,10993.44
ACCT-000325,CUST-000325,BR-011,2026-M12,11439.22,10871.71
ACCT-000326,CUST-000326,BR-012,2025-M01,30964.32,29768.12
ACCT-000326,CUST-000326,BR-012,2025-M02,30865.71,28348.27
ACCT-000326,CUST-000326,BR-012,2025-M03,31415.8,30412.51
ACCT-000326,CUST-000326,BR-012,2025-M04,31839.65,29184.59
ACCT-000326,CUST-000326,BR-012,2025-M05,33349.09,31790.4
ACCT-000326,CUST-000326,BR-012,2025-M06,32250.32,29546.77
ACCT-000326,CUST-000326,BR-012,2025-M07,33560.73,31348.02
ACCT-000326,CUST-000326,BR-012,2025-M08,31283.62,29914.24
ACCT-000326,CUST-000326,BR-012,2025-M09,33505.26,30590.57
ACCT-000326,CUST-000326,BR-012,2025-M10,32314.34,30056.34
ACCT-000326,CUST-000326,BR-012,2025-M11,32876.27,29945.12
ACCT-000326,CUST-000326,BR-012,2025-M12,33482.71,32197.37
ACCT-000326,CUST-000326,BR-012,2026-M01,33451.6,31964.67
ACCT-000326,CUST-000326,BR-012,2026-M02,33555.95,31980.33
ACCT-000326,CUST-000326,BR-012,2026-M03,33368.06,31476.97
ACCT-000326,CUST-000326,BR-012,2026-M04,34508.29,33204.48
ACCT-000326,CUST-000326,BR-012,2026-M05,33001.33,31673.71
ACCT-000326,CUST-000326,BR-012,2026-M06,33102.53,30157.96
ACCT-000326,CUST-000326,BR-012,2026-M07,32628.25,30776.77
ACCT-000326,CUST-000326,BR-012,2026-M08,33410.42,31998.6
ACCT-000326,CUST-000326,BR-012,2026-M09,31062.13,29027.04
ACCT-000326,CUST-000326,BR-012,2026-M10,31765.06,29652.34
ACCT-000326,CUST-000326,BR-012,2026-M11,34344.15,31284.55
ACCT-000326,CUST-000326,BR-012,2026-M12,31847.23,29383.33
ACCT-000327,CUST-000327,BR-001,2026-M07,9851.26,9379.42
ACCT-000327,CUST-000327,BR-001,2026-M08,9843.5,9061.93
ACCT-000327,CUST-000327,BR-001,2026-M09,10483.92,9628.29
ACCT-000327,CUST-000327,BR-001,2026-M10,11320.01,10449.92
ACCT-000327,CUST-000327,BR-001,2026-M11,10885.84,9975.83
ACCT-000327,CUST-000327,BR-001,2026-M12,10608.42,9666.55
ACCT-000328,CUST-000328,BR-009,2025-M02,44841.16,42573.44
ACCT-000328,CUST-000328,BR-009,2025-M03,43900.64,42518.15
ACCT-000328,CUST-000328,BR-009,2025-M04,44681.97,42652.63
ACCT-000328,CUST-000328,BR-009,2025-M05,45251.02,42984.79
ACCT-000328,CUST-000328,BR-009,2025-M06,43219.31,41103.64
ACCT-000328,CUST-000328,BR-009,2025-M07,44439.0,42505.9
ACCT-000328,CUST-000328,BR-009,2025-M08,44289.29,42098.33
ACCT-000328,CUST-000328,BR-009,2025-M09,45410.07,43504.64
ACCT-000328,CUST-000328,BR-009,2025-M10,47917.51,44828.1
ACCT-000328,CUST-000328,BR-009,2025-M11,47061.22,45372.48
ACCT-000328,CUST-000328,BR-009,2025-M12,48019.07,45271.68
ACCT-000328,CUST-000328,BR-009,2026-M01,49617.61,47928.99
ACCT-000328,CUST-000328,BR-009,2026-M02,48924.07,45787.92
ACCT-000328,CUST-000328,BR-009,2026-M03,51707.27,47321.55
ACCT-000328,CUST-000328,BR-009,2026-M04,51586.09,48550.99
ACCT-000328,CUST-000328,BR-009,2026-M05,51178.79,47589.93
ACCT-000328,CUST-000328,BR-009,2026-M06,47879.26,45185.8
ACCT-000328,CUST-000328,BR-009,2026-M07,47448.27,45131.72
ACCT-000328,CUST-000328,BR-009,2026-M08,50451.29,46107.85
ACCT-000328,CUST-000328,BR-009,2026-M09,52123.16,48442.94
ACCT-000328,CUST-000328,BR-009,2026-M10,50899.8,48410.21
ACCT-000328,CUST-000328,BR-009,2026-M11,51602.61,48851.62
ACCT-000328,CUST-000328,BR-009,2026-M12,52347.24,50030.93
ACCT-000329,CUST-000329,BR-003,2026-M08,35431.07,33386.97
ACCT-000329,CUST-000329,BR-003,2026-M09,35726.13,33159.16
ACCT-000329,CUST-000329,BR-003,2026-M10,37035.96,34949.39
ACCT-000329,CUST-000329,BR-003,2026-M11,38396.97,36852.43
ACCT-000329,CUST-000329,BR-003,2026-M12,39548.7,36314.78
ACCT-000335,CUST-000335,BR-006,2025-M12,34552.29,32835.62
ACCT-000335,CUST-000335,BR-006,2026-M01,35497.98,32850.43
ACCT-000335,CUST-000335,BR-006,2026-M02,35266.1,32311.46
ACCT-000335,CUST-000335,BR-006,2026-M03,36296.99,34685.06
ACCT-000335,CUST-000335,BR-006,2026-M04,37672.67,36085.26
ACCT-000335,CUST-000335,BR-006,2026-M05,35890.43,33411.7
ACCT-000335,CUST-000335,BR-006,2026-M06,36833.7,34261.21
ACCT-000335,CUST-000335,BR-006,2026-M07,35048.75,32698.56
ACCT-000335,CUST-000335,BR-006,2026-M08,37997.59,35694.68
ACCT-000335,CUST-000335,BR-006,2026-M09,38507.91,35562.75
ACCT-000335,CUST-000335,BR-006,2026-M10,36871.92,35000.29
ACCT-000335,CUST-000335,BR-006,2026-M11,38125.69,36475.06
ACCT-000335,CUST-000335,BR-006,2026-M12,38650.8,36257.54
ACCT-000336,CUST-000336,BR-006,2025-M04,52460.91,48279.56
ACCT-000336,CUST-000336,BR-006,2025-M05,50324.07,46445.51
ACCT-000336,CUST-000336,BR-006,2025-M06,51266.42,47028.98
ACCT-000336,CUST-000336,BR-006,2025-M07,50726.98,48697.9
ACCT-000336,CUST-000336,BR-006,2025-M08,48307.69,44032.12
ACCT-000336,CUST-000336,BR-006,2025-M09,52447.25,47907.48
ACCT-000336,CUST-000336,BR-006,2025-M10,50691.2,48104.91
ACCT-000336,CUST-000336,BR-006,2025-M11,50997.15,48931.34
ACCT-000336,CUST-000336,BR-006,2025-M12,51629.59,47116.78
ACCT-000336,CUST-000336,BR-006,2026-M01,55680.19,53778.81
ACCT-000336,CUST-000336,BR-006,2026-M02,55656.1,51040.06
ACCT-000336,CUST-000336,BR-006,2026-M03,60738.44,57990.16
ACCT-000336,CUST-000336,BR-006,2026-M04,57450.63,55404.12
ACCT-000336,CUST-000336,BR-006,2026-M05,57614.47,54063.88
ACCT-000336,CUST-000336,BR-006,2026-M06,57580.73,55359.1
ACCT-000336,CUST-000336,BR-006,2026-M07,54828.76,50621.38
ACCT-000336,CUST-000336,BR-006,2026-M08,53828.53,51133.56
ACCT-000336,CUST-000336,BR-006,2026-M09,57813.77,56032.02
ACCT-000336,CUST-000336,BR-006,2026-M10,56345.64,52073.37
ACCT-000336,CUST-000336,BR-006,2026-M11,56440.71,51864.18
ACCT-000336,CUST-000336,BR-006,2026-M12,58267.74,54789.51
ACCT-000337,CUST-000337,BR-003,2025-M01,11227.92,10437.86
ACCT-000337,CUST-000337,BR-003,2025-M02,11874.98,11376.14
ACCT-000337,CUST-000337,BR-003,2025-M03,11702.05,10805.32
ACCT-000337,CUST-000337,BR-003,2025-M04,11584.13,10884.67
ACCT-000337,CUST-000337,BR-003,2025-M05,11993.23,11246.25
ACCT-000337,CUST-000337,BR-003,2025-M06,11763.78,11268.62
ACCT-000337,CUST-000337,BR-003,2025-M07,11385.15,10815.93
ACCT-000337,CUST-000337,BR-003,2025-M08,10981.86,10111.51
ACCT-000337,CUST-000337,BR-003,2025-M09,11833.46,11335.04
ACCT-000337,CUST-000337,BR-003,2025-M10,12427.1,11355.69
ACCT-000337,CUST-000337,BR-003,2025-M11,12638.71,12204.25
ACCT-000337,CUST-000337,BR-003,2025-M12,12247.43,11404.68
ACCT-000337,CUST-000337,BR-003,2026-M01,13099.94,12529.9
ACCT-000337,CUST-000337,BR-003,2026-M02,12916.71,12115.85
ACCT-000337,CUST-000337,BR-003,2026-M03,13929.86,13386.54
ACCT-000337,CUST-000337,BR-003,2026-M04,13150.97,12722.19
ACCT-000337,CUST-000337,BR-003,2026-M05,13319.68,12823.1
ACCT-000337,CUST-000337,BR-003,2026-M06,12651.04,12219.56
ACCT-000337,CUST-000337,BR-003,2026-M07,13062.94,12078.74
ACCT-000337,CUST-000337,BR-003,2026-M08,12614.46,11887.84
ACCT-000337,CUST-000337,BR-003,2026-M09,13148.85,12271.64
ACCT-000337,CUST-000337,BR-003,2026-M10,13262.0,12522.28
ACCT-000337,CUST-000337,BR-003,2026-M11,13813.9,12719.59
ACCT-000337,CUST-000337,BR-003,2026-M12,12800.58,11883.6
ACCT-000338,CUST-000338,BR-007,2026-M03,21204.69,19990.56
ACCT-000338,CUST-000338,BR-007,2026-M04,21903.92,20653.41
ACCT-000338,CUST-000338,BR-007,2026-M05,20746.95,19973.69
ACCT-000338,CUST-000338,BR-007,2026-M06,21618.29,20218.08
ACCT-000338,CUST-000338,BR-007,2026-M07,20020.11,18390.21
ACCT-000338,CUST-000338,BR-007,2026-M08,21048.18,19271.99
ACCT-000338,CUST-000338,BR-007,2026-M09,20598.99,19581.27
ACCT-000338,CUST-000338,BR-007,2026-M10,21485.14,19592.06
ACCT-000338,CUST-000338,BR-007,2026-M11,21183.0,20226.81
ACCT-000338,CUST-000338,BR-007,2026-M12,22375.49,21062.63
ACCT-000339,CUST-000339,BR-011,2025-M09,5155.51,4726.19
ACCT-000339,CUST-000339,BR-011,2025-M10,5346.19,5095.52
ACCT-000339,CUST-000339,BR-011,2025-M11,5351.64,4987.87
ACCT-000339,CUST-000339,BR-011,2025-M12,5666.91,5405.46
ACCT-000339,CUST-000339,BR-011,2026-M01,5700.47,5373.53
ACCT-000339,CUST-000339,BR-011,2026-M02,5940.48,5744.53
ACCT-000339,CUST-000339,BR-011,2026-M03,5834.33,5543.28
ACCT-000339,CUST-000339,BR-011,2026-M04,5536.69,5237.47
ACCT-000339,CUST-000339,BR-011,2026-M05,5913.89,5518.53
ACCT-000339,CUST-000339,BR-011,2026-M06,5849.25,5345.25
ACCT-000339,CUST-000339,BR-011,2026-M07,6287.47,5759.25
ACCT-000339,CUST-000339,BR-011,2026-M08,6152.02,5709.15
ACCT-000339,CUST-000339,BR-011,2026-M09,5889.78,5433.21
ACCT-000339,CUST-000339,BR-011,2026-M10,5897.85,5632.91
ACCT-000339,CUST-000339,BR-011,2026-M11,6086.9,5587.96
ACCT-000339,CUST-000339,BR-011,2026-M12,6225.24,5817.96
ACCT-000342,CUST-000342,BR-001,2025-M01,5649.23,5221.11
ACCT-000342,CUST-000342,BR-001,2025-M02,5723.8,5511.86
ACCT-000342,CUST-000342,BR-001,2025-M03,6184.73,5948.97
ACCT-000342,CUST-000342,BR-001,2025-M04,5598.64,5314.63
ACCT-000342,CUST-000342,BR-001,2025-M05,5978.41,5530.45
ACCT-000342,CUST-000342,BR-001,2025-M06,5963.04,5681.13
ACCT-000342,CUST-000342,BR-001,2025-M07,5879.36,5593.5
ACCT-000342,CUST-000342,BR-001,2025-M08,5922.71,5560.08
ACCT-000342,CUST-000342,BR-001,2025-M09,6050.74,5748.1
ACCT-000342,CUST-000342,BR-001,2025-M10,5875.56,5392.65
ACCT-000342,CUST-000342,BR-001,2025-M11,6090.38,5690.9
ACCT-000342,CUST-000342,BR-001,2025-M12,6031.56,5813.42
ACCT-000342,CUST-000342,BR-001,2026-M01,6309.85,6013.25
ACCT-000342,CUST-000342,BR-001,2026-M02,6264.68,5764.42
ACCT-000342,CUST-000342,BR-001,2026-M03,6527.11,6168.3
ACCT-000342,CUST-000342,BR-001,2026-M04,6739.08,6176.93
ACCT-000342,CUST-000342,BR-001,2026-M05,6178.49,5966.05
ACCT-000342,CUST-000342,BR-001,2026-M06,6520.11,6161.51
ACCT-000342,CUST-000342,BR-001,2026-M07,6253.84,5912.36
ACCT-000342,CUST-000342,BR-001,2026-M08,6024.61,5575.84
ACCT-000342,CUST-000342,BR-001,2026-M09,6725.28,6153.2
ACCT-000342,CUST-000342,BR-001,2026-M10,6438.98,5981.0
ACCT-000342,CUST-000342,BR-001,2026-M11,6206.03,5931.07
ACCT-000342,CUST-000342,BR-001,2026-M12,6452.24,6177.38
ACCT-000343,CUST-000343,BR-012,2025-M01,3810.96,3588.78
ACCT-000343,CUST-000343,BR-012,2025-M02,3971.11,3705.2
ACCT-000343,CUST-000343,BR-012,2025-M03,3840.35,3512.67
ACCT-000343,CUST-000343,BR-012,2025-M04,4140.59,3986.52
ACCT-000343,CUST-000343,BR-012,2025-M05,4021.93,3790.61
ACCT-000343,CUST-000343,BR-012,2025-M06,3931.34,3782.54
ACCT-000343,CUST-000343,BR-012,2025-M07,3912.4,3700.56
ACCT-000343,CUST-000343,BR-012,2025-M08,3872.61,3650.54
ACCT-000343,CUST-000343,BR-012,2025-M09,4141.57,3945.16
ACCT-000343,CUST-000343,BR-012,2025-M10,4287.27,4127.07
ACCT-000343,CUST-000343,BR-012,2025-M11,4112.26,3752.43
ACCT-000343,CUST-000343,BR-012,2025-M12,4108.82,3780.72
ACCT-000343,CUST-000343,BR-012,2026-M01,4260.18,4130.04
ACCT-000343,CUST-000343,BR-012,2026-M02,4066.98,3774.25
ACCT-000343,CUST-000343,BR-012,2026-M03,4326.51,4000.14
ACCT-000343,CUST-000343,BR-012,2026-M04,4314.81,3930.66
ACCT-000343,CUST-000343,BR-012,2026-M05,4079.58,3921.43
ACCT-000343,CUST-000343,BR-012,2026-M06,4355.72,4184.99
ACCT-000343,CUST-000343,BR-012,2026-M07,3951.14,3758.05
ACCT-000343,CUST-000343,BR-012,2026-M08,4066.16,3912.41
ACCT-000343,CUST-000343,BR-012,2026-M09,3941.81,3595.25
ACCT-000343,CUST-000343,BR-012,2026-M10,3738.7,3595.2
ACCT-000343,CUST-000343,BR-012,2026-M11,3963.55,3633.53
ACCT-000343,CUST-000343,BR-012,2026-M12,4031.02,3698.73
ACCT-000344,CUST-000344,BR-005,2026-M07,66411.25,61835.74
ACCT-000344,CUST-000344,BR-005,2026-M08,64732.53,62482.05
ACCT-000344,CUST-000344,BR-005,2026-M09,67768.96,64581.82
ACCT-000344,CUST-000344,BR-005,2026-M10,66199.54,60849.1
ACCT-000344,CUST-000344,BR-005,2026-M11,68226.02,66174.64
ACCT-000344,CUST-000344,BR-005,2026-M12,68798.33,66410.32
ACCT-000345,CUST-000345,BR-008,2025-M09,9844.34,9444.51
ACCT-000345,CUST-000345,BR-008,2025-M10,10686.41,9740.44
ACCT-000345,CUST-000345,BR-008,2025-M11,10797.39,9951.36
ACCT-000345,CUST-000345,BR-008,2025-M12,11220.36,10397.77
ACCT-000345,CUST-000345,BR-008,2026-M01,11374.03,10776.03
ACCT-000345,CUST-000345,BR-008,2026-M02,10829.46,10126.95
ACCT-000345,CUST-000345,BR-008,2026-M03,11495.4,10759.85
ACCT-000345,CUST-000345,BR-008,2026-M04,11370.97,10851.33
ACCT-000345,CUST-000345,BR-008,2026-M05,11231.3,10854.45
ACCT-000345,CUST-000345,BR-008,2026-M06,12085.19,11480.25
ACCT-000345,CUST-000345,BR-008,2026-M07,11528.77,10581.03
ACCT-000345,CUST-000345,BR-008,2026-M08,11419.29,10624.61
ACCT-000345,CUST-000345,BR-008,2026-M09,11830.4,11379.41
ACCT-000345,CUST-000345,BR-008,2026-M10,11273.51,10567.84
ACCT-000345,CUST-000345,BR-008,2026-M11,11887.47,11137.73
ACCT-000345,CUST-000345,BR-008,2026-M12,11908.62,10938.35
ACCT-000347,CUST-000347,BR-002,2025-M01,11024.59,10253.77
ACCT-000347,CUST-000347,BR-002,2025-M02,10692.07,10274.54
ACCT-000347,CUST-000347,BR-002,2025-M03,10932.84,10165.37
ACCT-000347,CUST-000347,BR-002,2025-M04,11395.04,10869.2
ACCT-000347,CUST-000347,BR-002,2025-M05,11032.36,10306.27
ACCT-000347,CUST-000347,BR-002,2025-M06,10763.18,10241.57
ACCT-000347,CUST-000347,BR-002,2025-M07,11212.97,10403.48
ACCT-000347,CUST-000347,BR-002,2025-M08,11158.96,10420.07
ACCT-000347,CUST-000347,BR-002,2025-M09,11088.23,10676.09
ACCT-000347,CUST-000347,BR-002,2025-M10,11035.96,10099.72
ACCT-000347,CUST-000347,BR-002,2025-M11,11322.15,10686.6
ACCT-000347,CUST-000347,BR-002,2025-M12,11237.91,10696.24
ACCT-000347,CUST-000347,BR-002,2026-M01,11367.84,10637.04
ACCT-000347,CUST-000347,BR-002,2026-M02,12054.41,11404.38
ACCT-000347,CUST-000347,BR-002,2026-M03,12489.36,11614.84
ACCT-000347,CUST-000347,BR-002,2026-M04,12340.96,11237.22
ACCT-000347,CUST-000347,BR-002,2026-M05,12263.27,11835.7
ACCT-000347,CUST-000347,BR-002,2026-M06,12810.86,12212.0
ACCT-000347,CUST-000347,BR-002,2026-M07,11875.22,10977.63
ACCT-000347,CUST-000347,BR-002,2026-M08,12488.37,11513.1
ACCT-000347,CUST-000347,BR-002,2026-M09,12139.49,11603.35
ACCT-000347,CUST-000347,BR-002,2026-M10,12547.75,11451.58
ACCT-000347,CUST-000347,BR-002,2026-M11,12385.33,12009.36
ACCT-000347,CUST-000347,BR-002,2026-M12,12068.37,11611.26
ACCT-000349,CUST-000349,BR-004,2026-M02,12590.82,11653.92
ACCT-000349,CUST-000349,BR-004,2026-M03,12565.46,11935.13
ACCT-000349,CUST-000349,BR-004,2026-M04,12667.68,11908.26
ACCT-000349,CUST-000349,BR-004,2026-M05,12207.7,11306.22
ACCT-000349,CUST-000349,BR-004,2026-M06,12616.88,12064.68
ACCT-000349,CUST-000349,BR-004,2026-M07,11746.3,11117.15
ACCT-000349,CUST-000349,BR-004,2026-M08,12642.4,11929.6
ACCT-000349,CUST-000349,BR-004,2026-M09,12394.51,11635.74
ACCT-000349,CUST-000349,BR-004,2026-M10,12460.01,11958.56
ACCT-000349,CUST-000349,BR-004,2026-M11,13339.31,12775.47
ACCT-000349,CUST-000349,BR-004,2026-M12,13546.11,12939.31
ACCT-000350,CUST-000350,BR-006,2025-M01,43622.68,42128.11
ACCT-000350,CUST-000350,BR-006,2025-M02,44690.01,43318.34
ACCT-000350,CUST-000350,BR-006,2025-M03,45994.55,43768.02
ACCT-000350,CUST-000350,BR-006,2025-M04,47288.79,44189.35
ACCT-000350,CUST-000350,BR-006,2025-M05,47701.84,45150.4
ACCT-000350,CUST-000350,BR-006,2025-M06,45765.37,41704.4
ACCT-000350,CUST-000350,BR-006,2025-M07,46694.86,43129.4
ACCT-000350,CUST-000350,BR-006,2025-M08,46756.72,44897.77
ACCT-000350,CUST-000350,BR-006,2025-M09,46715.43,42516.46
ACCT-000350,CUST-000350,BR-006,2025-M10,46088.39,42396.56
ACCT-000350,CUST-000350,BR-006,2025-M11,45960.0,43380.91
ACCT-000350,CUST-000350,BR-006,2025-M12,48741.81,44977.32
ACCT-000350,CUST-000350,BR-006,2026-M01,48532.76,46497.07
ACCT-000350,CUST-000350,BR-006,2026-M02,51454.32,48060.49
ACCT-000350,CUST-000350,BR-006,2026-M03,52959.98,50686.48
ACCT-000350,CUST-000350,BR-006,2026-M04,46809.9,44995.52
ACCT-000350,CUST-000350,BR-006,2026-M05,48512.83,46790.09
ACCT-000350,CUST-000350,BR-006,2026-M06,47956.64,45988.53
ACCT-000350,CUST-000350,BR-006,2026-M07,47233.92,45173.5
ACCT-000350,CUST-000350,BR-006,2026-M08,49607.95,47480.98
ACCT-000350,CUST-000350,BR-006,2026-M09,49037.86,46663.06
ACCT-000350,CUST-000350,BR-006,2026-M10,46367.97,44463.5
ACCT-000350,CUST-000350,BR-006,2026-M11,46089.52,42604.69
ACCT-000350,CUST-000350,BR-006,2026-M12,48232.53,46725.04
ACCT-000351,CUST-000351,BR-003,2025-M11,35024.59,33705.96
ACCT-000351,CUST-000351,BR-003,2025-M12,35997.41,34549.13
ACCT-000351,CUST-000351,BR-003,2026-M01,37513.32,35600.26
ACCT-000351,CUST-000351,BR-003,2026-M02,36902.6,35661.5
ACCT-000351,CUST-000351,BR-003,2026-M03,37210.82,35874.61
ACCT-000351,CUST-000351,BR-003,2026-M04,37623.69,34534.58
ACCT-000351,CUST-000351,BR-003,2026-M05,39085.45,36178.5
ACCT-000351,CUST-000351,BR-003,2026-M06,37717.14,35865.4
ACCT-000351,CUST-000351,BR-003,2026-M07,37131.78,35943.73
ACCT-000351,CUST-000351,BR-003,2026-M08,36518.46,34429.98
ACCT-000351,CUST-000351,BR-003,2026-M09,37589.14,35105.55
ACCT-000351,CUST-000351,BR-003,2026-M10,38121.76,36445.47
ACCT-000351,CUST-000351,BR-003,2026-M11,37471.0,36146.22
ACCT-000351,CUST-000351,BR-003,2026-M12,39880.17,37025.34
ACCT-000352,CUST-000352,BR-010,2025-M12,1145.23,1077.91
ACCT-000352,CUST-000352,BR-010,2026-M01,1160.7,1094.62
ACCT-000352,CUST-000352,BR-010,2026-M02,1154.28,1082.23
ACCT-000352,CUST-000352,BR-010,2026-M03,1175.53,1074.74
ACCT-000352,CUST-000352,BR-010,2026-M04,1197.35,1158.83
ACCT-000352,CUST-000352,BR-010,2026-M05,1187.95,1097.12
ACCT-000352,CUST-000352,BR-010,2026-M06,1218.03,1158.52
ACCT-000352,CUST-000352,BR-010,2026-M07,1183.98,1091.28
ACCT-000352,CUST-000352,BR-010,2026-M08,1172.62,1103.16
ACCT-000352,CUST-000352,BR-010,2026-M09,1174.72,1093.87
ACCT-000352,CUST-000352,BR-010,2026-M10,1177.72,1119.65
ACCT-000352,CUST-000352,BR-010,2026-M11,1187.77,1127.28
ACCT-000352,CUST-000352,BR-010,2026-M12,1305.4,1192.65
ACCT-000353,CUST-000353,BR-010,2025-M01,3646.62,3339.15
ACCT-000353,CUST-000353,BR-010,2025-M02,3808.12,3492.12
ACCT-000353,CUST-000353,BR-010,2025-M03,3933.73,3737.02
ACCT-000353,CUST-000353,BR-010,2025-M04,3811.12,3574.83
ACCT-000353,CUST-000353,BR-010,2025-M05,3964.65,3845.19
ACCT-000353,CUST-000353,BR-010,2025-M06,3865.11,3524.23
ACCT-000353,CUST-000353,BR-010,2025-M07,3918.09,3668.88
ACCT-000353,CUST-000353,BR-010,2025-M08,3799.38,3675.9
ACCT-000353,CUST-000353,BR-010,2025-M09,3931.92,3578.67
ACCT-000353,CUST-000353,BR-010,2025-M10,4062.5,3860.39
ACCT-000353,CUST-000353,BR-010,2025-M11,3854.31,3569.69
ACCT-000353,CUST-000353,BR-010,2025-M12,4120.78,3912.57
ACCT-000353,CUST-000353,BR-010,2026-M01,4236.05,4034.9
ACCT-000353,CUST-000353,BR-010,2026-M02,4304.99,3933.21
ACCT-000353,CUST-000353,BR-010,2026-M03,4126.23,3847.31
ACCT-000353,CUST-000353,BR-010,2026-M04,4323.03,4188.61
ACCT-000353,CUST-000353,BR-010,2026-M05,4122.05,3964.03
ACCT-000353,CUST-000353,BR-010,2026-M06,4225.89,4088.1
ACCT-000353,CUST-000353,BR-010,2026-M07,4168.89,3830.44
ACCT-000353,CUST-000353,BR-010,2026-M08,3810.59,3597.83
ACCT-000353,CUST-000353,BR-010,2026-M09,4131.91,3990.59
ACCT-000353,CUST-000353,BR-010,2026-M10,3850.39,3733.12
ACCT-000353,CUST-000353,BR-010,2026-M11,4065.3,3860.64
ACCT-000353,CUST-000353,BR-010,2026-M12,4189.3,3853.42
ACCT-000354,CUST-000354,BR-007,2025-M06,12753.96,12191.45
ACCT-000354,CUST-000354,BR-007,2025-M07,12564.2,11738.77
ACCT-000354,CUST-000354,BR-007,2025-M08,12600.94,11802.0
ACCT-000354,CUST-000354,BR-007,2025-M09,13156.62,12526.66
ACCT-000354,CUST-000354,BR-007,2025-M10,12858.99,12100.13
ACCT-000354,CUST-000354,BR-007,2025-M11,12771.14,11674.89
ACCT-000354,CUST-000354,BR-007,2025-M12,13468.64,12674.53
ACCT-000354,CUST-000354,BR-007,2026-M01,13964.39,13235.41
ACCT-000354,CUST-000354,BR-007,2026-M02,14563.61,13853.61
ACCT-000354,CUST-000354,BR-007,2026-M03,13938.33,13089.49
ACCT-000354,CUST-000354,BR-007,2026-M04,14381.92,13094.06
ACCT-000354,CUST-000354,BR-007,2026-M05,14182.13,12957.34
ACCT-000354,CUST-000354,BR-007,2026-M06,14713.08,13634.47
ACCT-000354,CUST-000354,BR-007,2026-M07,14387.27,13745.24
ACCT-000354,CUST-000354,BR-007,2026-M08,14140.02,13652.7
ACCT-000354,CUST-000354,BR-007,2026-M09,13652.99,13038.51
ACCT-000354,CUST-000354,BR-007,2026-M10,14593.96,13664.9
ACCT-000354,CUST-000354,BR-007,2026-M11,14346.2,13488.96
ACCT-000354,CUST-000354,BR-007,2026-M12,15154.35,14580.6
ACCT-000356,CUST-000356,BR-007,2025-M04,21140.2,20296.08
ACCT-000356,CUST-000356,BR-007,2025-M05,20620.78,19513.89
ACCT-000356,CUST-000356,BR-007,2025-M06,21167.68,20202.03
ACCT-000356,CUST-000356,BR-007,2025-M07,20926.14,19248.95
ACCT-000356,CUST-000356,BR-007,2025-M08,20786.54,19640.12
ACCT-000356,CUST-000356,BR-007,2025-M09,20826.5,19143.89
ACCT-000356,CUST-000356,BR-007,2025-M10,22322.43,20693.81
ACCT-000356,CUST-000356,BR-007,2025-M11,22556.51,21286.7
ACCT-000356,CUST-000356,BR-007,2025-M12,21520.33,20873.56
ACCT-000356,CUST-000356,BR-007,2026-M01,23840.71,21976.75
ACCT-000356,CUST-000356,BR-007,2026-M02,22877.27,21444.98
ACCT-000356,CUST-000356,BR-007,2026-M03,23059.86,22347.66
ACCT-000356,CUST-000356,BR-007,2026-M04,22833.93,21143.32
ACCT-000356,CUST-000356,BR-007,2026-M05,23539.49,22052.33
ACCT-000356,CUST-000356,BR-007,2026-M06,24267.46,22576.49
ACCT-000356,CUST-000356,BR-007,2026-M07,23257.55,22298.28
ACCT-000356,CUST-000356,BR-007,2026-M08,24131.81,22424.21
ACCT-000356,CUST-000356,BR-007,2026-M09,22201.66,20748.0
ACCT-000356,CUST-000356,BR-007,2026-M10,23297.07,21349.9
ACCT-000356,CUST-000356,BR-007,2026-M11,23118.07,21689.41
ACCT-000356,CUST-000356,BR-007,2026-M12,24480.73,22441.25
ACCT-000357,CUST-000357,BR-009,2025-M08,9326.98,9016.8
ACCT-000357,CUST-000357,BR-009,2025-M09,8798.78,8421.27
ACCT-000357,CUST-000357,BR-009,2025-M10,9255.3,8610.75
ACCT-000357,CUST-000357,BR-009,2025-M11,9086.61,8753.04
ACCT-000357,CUST-000357,BR-009,2025-M12,9348.46,8924.25
ACCT-000357,CUST-000357,BR-009,2026-M01,9759.75,9132.96
ACCT-000357,CUST-000357,BR-009,2026-M02,9756.49,9028.82
ACCT-000357,CUST-000357,BR-009,2026-M03,9698.36,8906.8
ACCT-000357,CUST-000357,BR-009,2026-M04,10025.54,9571.29
ACCT-000357,CUST-000357,BR-009,2026-M05,10196.3,9563.11
ACCT-000357,CUST-000357,BR-009,2026-M06,9099.05,8712.79
ACCT-000357,CUST-000357,BR-009,2026-M07,10029.91,9183.31
ACCT-000357,CUST-000357,BR-009,2026-M08,9971.94,9229.94
ACCT-000357,CUST-000357,BR-009,2026-M09,10201.39,9557.77
ACCT-000357,CUST-000357,BR-009,2026-M10,10330.13,9704.74
ACCT-000357,CUST-000357,BR-009,2026-M11,10429.72,9667.77
ACCT-000357,CUST-000357,BR-009,2026-M12,10713.56,9842.1
ACCT-000359,CUST-000359,BR-006,2026-M06,84333.33,77916.86
ACCT-000359,CUST-000359,BR-006,2026-M07,80502.1,74199.01
ACCT-000359,CUST-000359,BR-006,2026-M08,85915.05,82151.79
ACCT-000359,CUST-000359,BR-006,2026-M09,91352.31,87673.6
ACCT-000359,CUST-000359,BR-006,2026-M10,78786.45,72602.8
ACCT-000359,CUST-000359,BR-006,2026-M11,82828.75,76278.42
ACCT-000359,CUST-000359,BR-006,2026-M12,90538.16,82970.64
